ply
format ascii 1.0
comment VCGLIB generated
element vertex 5699
property float x
property float y
property float z
property uchar red
property uchar green
property uchar blue
property uchar alpha
element face 10000
property list uchar int vertex_indices
end_header
-2.858559 20.46689 -8.351237 158 127 107 255 
-2.745299 20.47923 -8.37114 157 125 102 255 
-2.632801 20.49109 -8.385813 168 138 110 255 
-2.521356 20.50231 -8.393249 164 139 109 255 
-2.411126 20.51267 -8.392387 167 141 108 255 
-2.302196 20.522 -8.382627 170 142 105 255 
-2.194504 20.53007 -8.364465 172 142 104 255 
-2.087907 20.53671 -8.338855 168 136 95 255 
-1.982099 20.54158 -8.308024 167 135 96 255 
-1.876819 20.54456 -8.273856 168 138 100 255 
-1.771711 20.54548 -8.238707 170 144 111 255 
-1.666468 20.54428 -8.204763 175 150 120 255 
-2.972219 20.45415 -8.328737 176 133 114 255 
-2.676552 20.4375 -8.457532 183 127 102 255 
-2.410003 20.43373 -8.51323 175 125 92 255 
-1.56082 20.54099 -8.17389 168 130 93 255 
-1.454492 20.53563 -8.147956 169 126 91 255 
-1.347319 20.52839 -8.128023 174 125 93 255 
-1.239201 20.51956 -8.114679 172 123 93 255 
-1.130073 20.50938 -8.10836 172 127 96 255 
-1.019934 20.49813 -8.109029 174 131 99 255 
-5.243071 20.16004 -8.692266 146 154 156 255 
-5.134032 20.17959 -8.68088 147 155 157 255 
-5.025581 20.19798 -8.665281 150 158 160 255 
-4.917738 20.21523 -8.645313 153 161 163 255 
-4.81048 20.23133 -8.62129 153 162 161 255 
-4.703734 20.24631 -8.593673 156 162 160 255 
-4.597488 20.2604 -8.562589 160 165 161 255 
-4.491629 20.2737 -8.528803 162 164 161 255 
-4.386131 20.28654 -8.492584 165 166 161 255 
-4.280818 20.29902 -8.455168 171 172 167 255 
-4.175556 20.31136 -8.417457 178 178 168 255 
-4.070157 20.32371 -8.380836 185 183 171 255 
-3.964406 20.33619 -8.346688 191 187 175 255 
-3.858082 20.34884 -8.316724 203 191 177 255 
-3.750959 20.36168 -8.292496 202 183 166 255 
-3.642833 20.37469 -8.27541 208 177 157 255 
-3.533599 20.38789 -8.26624 200 158 136 255 
-3.423198 20.40125 -8.265304 187 137 114 255 
-3.311647 20.41459 -8.272622 196 146 111 255 
-3.199115 20.42789 -8.286951 201 149 112 255 
-3.085879 20.44117 -8.306269 191 137 101 255 
-0.9088179 20.48611 -8.116335 173 108 78 255 
-0.7967854 20.47362 -8.129775 174 102 77 255 
-0.6839488 20.46093 -8.148533 184 125 85 255 
-0.5703703 20.44817 -8.172128 201 144 101 255 
-0.4561505 20.43548 -8.199918 194 136 98 255 
-0.3413931 20.42302 -8.231103 198 142 107 255 
-0.2261605 20.41084 -8.265209 203 153 120 255 
-0.1105152 20.39904 -8.301758 205 164 134 255 
0.005483896 20.38764 -8.340434 209 175 147 255 
0.1217746 20.37676 -8.380757 209 182 153 255 
0.2383031 20.36649 -8.422247 211 188 157 255 
0.8212171 20.32557 -8.627569 233 224 195 255 
0.9368817 20.31965 -8.661958 237 228 197 255 
1.051816 20.31461 -8.691409 240 231 198 255 
1.165829 20.31047 -8.714827 229 225 198 255 
1.278751 20.30739 -8.731102 224 222 199 255 
1.390452 20.30549 -8.739442 224 219 199 255 
2.137045 20.32766 -8.570321 159 160 162 255 
2.239725 20.334 -8.521089 149 150 154 255 
2.341881 20.34029 -8.468594 140 141 146 255 
-5.685396 20.0755 -8.692223 150 158 161 255 
-5.573911 20.09693 -8.699125 151 159 162 255 
-5.463005 20.11839 -8.701509 150 158 161 255 
-5.352739 20.13958 -8.699099 154 162 165 255 
-3.588839 20.3041 -8.080459 233 170 135 255 
-2.97642 20.36652 -7.828746 215 131 94 255 
-2.487903 20.34539 -7.857038 193 102 71 255 
-1.882308 20.4647 -8.010828 184 99 70 255 
0.3549725 20.35689 -8.464427 228 206 167 255 
0.4717495 20.34794 -8.506992 233 215 177 255 
0.5884747 20.33972 -8.548995 237 223 186 255 
0.7050229 20.33227 -8.589499 240 227 192 255 
1.500857 20.30493 -8.739202 248 243 213 255 
1.609879 20.30571 -8.730384 242 238 211 255 
1.717606 20.3079 -8.712976 238 238 214 255 
1.8241 20.31141 -8.687461 232 234 212 255 
1.929357 20.31607 -8.654479 223 226 205 255 
2.033695 20.32157 -8.615162 218 222 207 255 
2.443529 20.34638 -8.413634 199 195 186 255 
2.544988 20.35206 -8.357326 186 176 167 255 
2.646255 20.35735 -8.30029 183 166 158 255 
2.7475 20.36228 -8.243144 174 154 145 255 
2.848762 20.36675 -8.186837 170 147 131 255 
2.950235 20.37091 -8.131505 168 143 121 255 
3.462538 20.37853 -7.891099 133 104 90 255 
3.566567 20.37475 -7.853445 127 98 80 255 
3.671237 20.3681 -7.820364 120 92 68 255 
3.776588 20.35825 -7.792209 110 84 59 255 
3.882709 20.34509 -7.768995 103 81 60 255 
-6.023054 20.01508 -8.646255 153 158 151 255 
-5.910028 20.03429 -8.665435 152 156 155 255 
-5.797455 20.05451 -8.680902 157 161 162 255 
-4.887855 20.1424 -8.692269 199 204 197 255 
-1.205813 20.39682 -7.911976 187 100 70 255 
-0.07865168 20.19903 -8.284887 239 211 171 255 
1.515367 20.19783 -8.779017 253 253 219 255 
3.166837 20.1688 -7.951067 216 174 126 255 
3.051956 20.37449 -8.078115 206 163 110 255 
3.153926 20.37749 -8.026669 200 154 104 255 
3.256269 20.37941 -7.978163 196 149 103 255 
3.359177 20.37992 -7.932796 192 144 104 255 
3.98966 20.32849 -7.751203 122 83 66 255 
-7.171167 19.86921 -8.298846 152 156 141 255 
-7.054986 19.88359 -8.345591 153 155 141 255 
-6.939121 19.89721 -8.38963 153 155 141 255 
-6.823594 19.91042 -8.430762 155 156 148 255 
-6.708344 19.92339 -8.469434 157 158 152 255 
-6.593418 19.93661 -8.505269 157 160 153 255 
-6.478757 19.95029 -8.538709 157 160 153 255 
-6.364364 19.96477 -8.56971 155 160 153 255 
-6.250268 19.98031 -8.598083 156 161 154 255 
-6.136487 19.99708 -8.62365 155 160 153 255 
-3.501491 20.01483 -7.761559 246 219 189 255 
-0.9542335 19.94734 -7.522692 183 98 77 255 
2.204611 20.11758 -8.418734 253 236 190 255 
2.645497 20.21067 -8.292793 239 187 130 255 
4.097422 20.30867 -7.738651 149 91 71 255 
4.205929 20.28585 -7.731467 142 87 66 255 
4.315355 20.26033 -7.72961 138 88 61 255 
-7.404335 19.837 -8.19848 156 149 130 255 
-7.287644 19.85381 -8.249585 156 148 127 255 
-6.493911 19.80165 -8.436023 178 169 154 255 
-4.279449 20.14848 -8.47637 255 237 217 255 
-1.772479 20.2923 -7.563327 191 115 91 255 
3.675329 20.22898 -7.767252 207 128 87 255 
4.425487 20.23251 -7.73272 161 94 52 255 
4.536499 20.20263 -7.740764 153 100 58 255 
4.648134 20.17104 -7.753076 154 110 71 255 
4.760479 20.13774 -7.769655 147 113 76 255 
-8.220778 19.65653 -7.843505 153 150 131 255 
-8.104814 19.69078 -7.888634 154 147 128 255 
-7.988505 19.722 -7.936645 155 144 122 255 
-7.871888 19.75013 -7.987231 154 143 121 255 
-7.755077 19.77544 -8.039427 158 142 116 255 
-7.63815 19.79815 -8.092578 156 139 111 255 
-7.521204 19.81856 -8.145869 160 136 108 255 
-7.059108 19.82562 -8.450537 191 161 133 255 
3.894595 20.13266 -7.684372 188 106 68 255 
4.873325 20.10294 -7.78954 168 118 81 255 
4.986693 20.06656 -7.812273 170 121 88 255 
5.100435 20.02847 -7.837405 162 117 86 255 
5.214339 19.98867 -7.864005 150 110 84 255 
-8.336342 19.6193 -7.801717 153 145 122 255 
-3.219083 19.82828 -7.355648 206 124 102 255 
-2.946386 20.27254 -7.699565 208 120 100 255 
0.8750035 20.18483 -8.54486 255 231 195 255 
3.435928 20.00158 -7.672382 211 137 100 255 
5.328386 19.94709 -7.891298 174 120 86 255 
5.442408 19.90372 -7.918665 173 137 101 255 
-8.451413 19.57918 -7.764039 152 128 100 255 
-7.182594 19.69735 -8.283933 171 94 66 255 
-5.400255 19.64848 -8.408247 251 245 209 255 
-5.041897 19.89148 -8.568859 255 252 221 255 
-2.332428 20.25101 -7.466265 208 133 101 255 
-2.097228 19.77976 -6.868656 190 114 91 255 
5.55632 19.85869 -7.945468 205 150 93 255 
5.669954 19.81228 -7.971048 211 163 117 255 
5.783356 19.76486 -7.995044 197 158 125 255 
5.896292 19.71708 -8.016908 196 170 145 255 
-8.566017 19.53663 -7.730254 143 104 75 255 
-7.967734 19.48796 -7.648262 165 89 55 255 
-0.6515387 20.24861 -8.043113 255 213 173 255 
0.4970759 19.66892 -7.925526 254 240 203 255 
3.088441 19.76534 -7.548061 206 124 77 255 
4.77554 19.84132 -7.58259 196 113 73 255 
5.860463 19.72108 -8.08068 220 187 154 255 
6.008957 19.66957 -8.036713 213 194 162 255 
-9.018935 19.34972 -7.640089 162 119 87 255 
-8.906536 19.398 -7.65585 158 105 74 255 
-8.793568 19.44553 -7.676226 165 106 76 255 
-8.680074 19.49193 -7.700951 159 98 67 255 
-6.708734 19.50255 -8.128702 253 218 178 255 
1.51249 19.98355 -8.394148 255 237 189 255 
4.270885 19.95404 -7.518674 184 94 67 255 
6.121226 19.62318 -8.054038 225 212 167 255 
-9.130774 19.3011 -7.628887 165 112 78 255 
-8.539889 19.20941 -7.31829 180 104 78 255 
2.357318 19.61728 -7.726969 251 224 169 255 
6.233229 19.57867 -8.069098 237 225 175 255 
-9.352802 19.20431 -7.619819 164 104 78 255 
-9.24205 19.25251 -7.622197 169 103 77 255 
-5.83222 19.90377 -8.742873 252 233 200 255 
-2.389581 19.6789 -6.75649 210 125 96 255 
6.344837 19.53671 -8.08212 243 236 194 255 
6.899799 19.37843 -8.11974 194 198 173 255 
7.010163 19.35655 -8.122396 183 187 170 255 
-9.681868 19.06399 -7.63861 168 123 94 255 
-9.572706 19.10989 -7.628046 174 109 81 255 
-9.463028 19.15672 -7.621723 175 100 77 255 
5.39495 19.68406 -7.817629 222 156 106 255 
6.456225 19.49795 -8.093016 241 232 189 255 
6.567349 19.46273 -8.102057 241 233 196 255 
6.678338 19.43115 -8.10954 240 236 199 255 
6.789169 19.40318 -8.115314 238 238 200 255 
7.101871 19.17183 -8.178752 231 234 205 255 
7.120367 19.33693 -8.123516 223 226 205 255 
7.230239 19.31913 -8.122534 213 214 200 255 
7.339757 19.30266 -8.119358 197 197 185 255 
7.44873 19.28724 -8.113245 188 190 179 255 
7.557136 19.27253 -8.104086 176 181 174 255 
7.664848 19.25845 -8.090952 170 177 170 255 
-9.898682 18.97506 -7.672297 182 132 99 255 
-9.790519 19.01904 -7.653413 182 126 89 255 
-8.909478 19.18023 -7.400072 173 90 76 255 
-5.783942 18.79915 -7.493138 253 231 192 255 
-2.851433 19.64689 -6.908156 212 117 85 255 
-1.051048 19.65061 -7.101475 214 116 77 255 
-0.3631642 19.35993 -7.201416 240 156 109 255 
7.771826 19.24479 -8.073562 214 222 201 255 
8.292355 19.17328 -7.910918 202 200 179 255 
8.393629 19.15506 -7.86392 186 180 164 255 
8.494202 19.13432 -7.813355 169 161 148 255 
8.59411 19.1107 -7.760204 158 149 134 255 
-10.32704 18.80593 -7.784495 179 130 98 255 
-10.22049 18.84762 -7.751733 177 124 92 255 
-10.11364 18.88954 -7.721743 176 122 88 255 
-10.00638 18.93196 -7.695117 182 124 87 255 
-9.826454 18.86172 -7.474862 203 129 91 255 
-4.108419 19.34498 -7.476443 255 222 183 255 
-1.531554 19.78446 -7.010126 232 146 119 255 
0.6554005 19.06145 -7.30642 253 224 182 255 
1.021404 19.40654 -7.729053 252 220 179 255 
2.580164 19.13362 -6.93523 248 167 120 255 
4.787022 19.54779 -7.311611 199 114 85 255 
7.877899 19.23142 -8.051311 236 241 211 255 
7.983024 19.21802 -8.023926 227 232 202 255 
8.087091 19.20421 -7.991303 230 225 195 255 
8.190188 19.18949 -7.953505 223 216 187 255 
8.541171 19.19017 -7.872764 189 172 146 255 
8.693611 19.08423 -7.705084 175 154 127 255 
-10.96424 18.54422 -8.002966 197 182 151 255 
-10.85788 18.59038 -7.967447 201 178 146 255 
-10.75168 18.63533 -7.930683 198 163 133 255 
-10.64558 18.67915 -7.893285 203 153 120 255 
-10.53951 18.72205 -7.855849 208 144 109 255 
-10.43335 18.76417 -7.819448 203 126 98 255 
-7.885052 19.01076 -7.065089 196 142 114 255 
-6.158968 19.21784 -7.925334 255 219 174 255 
3.595475 19.58704 -7.12203 216 127 93 255 
7.916273 19.01465 -8.152074 237 234 201 255 
8.263813 19.05087 -8.058378 235 224 196 255 
8.792765 19.055 -7.649074 194 147 101 255 
-11.07082 18.49678 -8.036937 215 196 163 255 
-10.94152 18.55221 -8.053796 223 179 152 255 
-5.461022 18.93791 -7.634593 255 243 211 255 
-4.614594 19.97746 -8.486223 252 239 207 255 
-1.415796 19.21626 -6.279114 238 150 110 255 
1.883013 20.08255 -8.474129 255 236 195 255 
3.181832 19.4458 -7.067394 221 132 98 255 
4.755245 19.14145 -6.841933 223 148 108 255 
8.891869 19.02342 -7.593056 175 118 88 255 
-11.17769 18.44829 -8.068549 235 213 174 255 
-3.347683 19.44258 -6.984381 220 130 95 255 
-0.617553 19.02697 -6.611615 244 168 132 255 
6.971555 19.00937 -8.047169 244 229 190 255 
8.397018 18.94069 -7.938838 241 200 148 255 
8.991052 18.99001 -7.537895 179 104 72 255 
9.090485 18.95549 -7.484122 172 102 66 255 
-11.60813 18.24622 -8.170656 211 205 189 255 
-11.50005 18.29751 -8.149118 227 214 195 255 
-11.39229 18.34844 -8.124825 232 216 193 255 
-11.28483 18.39876 -8.09796 237 216 185 255 
0.128436 19.26645 -7.355611 255 234 193 255 
1.34925 18.9367 -7.19724 250 226 182 255 
4.293542 19.16528 -6.625912 218 133 92 255 
9.190187 18.92043 -7.432442 177 99 60 255 
-11.71649 18.19465 -8.189738 222 214 203 255 
-5.766153 18.44395 -7.054133 254 231 199 255 
-5.065068 18.60927 -7.156782 255 249 217 255 
1.904851 18.88072 -6.989373 253 232 189 255 
4.323883 18.55182 -5.849324 233 158 119 255 
5.804194 18.43294 -6.818605 235 194 142 255 
5.943281 19.32166 -7.856439 240 209 154 255 
8.800974 18.68245 -7.415882 187 102 61 255 
9.290311 18.88544 -7.383245 182 102 65 255 
9.390984 18.85094 -7.336787 174 104 70 255 
9.492163 18.8171 -7.293356 162 101 72 255 
9.593954 18.78395 -7.253105 162 107 86 255 
9.69638 18.75126 -7.216221 161 117 90 255 
-12.04336 18.04022 -8.231058 228 221 205 255 
-11.93411 18.09149 -8.219959 230 224 211 255 
-11.82517 18.14307 -8.206017 235 229 216 255 
-8.327075 19.00839 -7.037175 211 134 110 255 
9.799458 18.71864 -7.182906 164 100 75 255 
9.903229 18.68553 -7.153546 159 99 75 255 
-12.37258 17.88927 -8.250126 215 215 202 255 
-12.2626 17.9389 -8.24609 227 226 215 255 
-12.15285 17.98929 -8.239777 243 237 218 255 
-11.86334 17.98201 -8.134781 255 235 205 255 
-11.18953 18.30561 -8.042562 254 232 204 255 
-4.520199 18.63457 -6.932961 255 239 195 255 
-2.225846 19.04021 -5.812329 216 117 85 255 
-1.7623 19.06571 -5.898339 230 142 106 255 
-1.155824 18.77328 -5.866613 225 133 84 255 
4.099433 19.46351 -6.939726 214 119 87 255 
6.427493 19.22079 -8.046117 235 206 150 255 
6.721227 19.14682 -8.106359 240 216 156 255 
10.0078 18.65135 -7.12837 166 95 73 255 
10.11312 18.61546 -7.107771 160 98 73 255 
10.21932 18.5773 -7.092134 150 99 72 255 
10.32649 18.53651 -7.081504 155 114 86 255 
-12.48277 17.84059 -8.252013 220 221 209 255 
-8.740288 18.80393 -6.846581 216 121 93 255 
-7.032131 19.1395 -7.548442 239 177 136 255 
-2.936548 19.10924 -6.221984 222 134 96 255 
-2.524397 18.93524 -5.743009 227 143 106 255 
0.4201254 18.56804 -6.659084 255 235 194 255 
3.081815 18.69746 -6.005054 229 137 96 255 
3.508305 18.65271 -5.780802 240 150 98 255 
5.387134 18.54832 -6.613457 225 182 137 255 
10.43448 18.49272 -7.07624 162 107 76 255 
10.54342 18.44582 -7.076512 153 123 85 255 
10.65329 18.39589 -7.08231 157 137 102 255 
-12.59312 17.79304 -8.252042 229 230 216 255 
-12.29427 17.83717 -8.26509 255 243 215 255 
-10.21684 18.45988 -7.395014 216 121 93 255 
-7.55561 18.7024 -6.714907 203 100 81 255 
-5.547716 18.44187 -7.050682 255 231 187 255 
-3.711164 19.11707 -6.878863 249 206 163 255 
1.631285 18.69235 -6.849906 255 224 180 255 
3.732769 19.00506 -6.272042 230 132 107 255 
10.76402 18.34338 -7.092954 167 123 98 255 
-12.92481 17.65821 -8.242553 203 205 194 255 
-12.81419 17.70185 -8.247078 218 219 205 255 
-12.7036 17.74677 -8.250349 238 237 219 255 
-9.630972 18.42141 -6.902517 216 121 93 255 
-8.238755 18.38508 -6.093032 216 132 108 255 
-6.272668 18.7421 -7.326918 253 220 177 255 
5.282758 19.07388 -7.121242 226 166 130 255 
6.347408 18.30374 -7.033951 238 213 157 255 
8.083155 18.3115 -7.198392 219 166 112 255 
10.87544 18.28861 -7.108402 169 119 86 255 
-13.47651 17.45192 -8.194059 182 178 167 255 
-13.36664 17.49272 -8.208156 192 186 174 255 
-13.25644 17.53339 -8.219616 199 189 180 255 
-13.14599 17.57426 -8.229021 208 198 189 255 
-13.03545 17.61579 -8.236468 223 215 202 255 
-11.87918 17.18905 -7.454693 255 235 205 255 
-9.290681 18.66081 -6.943702 216 121 93 255 
-7.201186 18.19676 -6.1327 224 143 114 255 
-0.3910765 18.41963 -6.030801 255 236 205 255 
6.586957 18.0615 -6.87201 236 211 157 255 
7.54121 18.90947 -8.032702 239 211 161 255 
7.643318 18.2726 -7.24594 234 203 146 255 
9.141513 18.58269 -7.260051 171 117 91 255 
9.613231 18.53007 -7.127895 175 119 92 255 
10.98746 18.23217 -7.127958 169 106 73 255 
-13.80221 17.32507 -8.13234 172 174 161 255 
-13.69448 17.36835 -8.156589 179 175 163 255 
-13.58584 17.41054 -8.177068 189 181 168 255 
-12.46442 17.45527 -7.928207 255 235 205 255 
2.821516 18.19358 -5.413105 229 130 88 255 
8.448267 18.23438 -6.951464 214 177 124 255 
9.456855 18.02711 -6.494884 172 106 84 255 
10.02817 18.33243 -6.953344 179 105 80 255 
10.40598 18.18872 -6.938295 179 101 52 255 
11.09981 18.17468 -7.150764 179 104 81 255 
11.21229 18.11663 -7.175979 181 114 85 255 
-13.90874 17.28045 -8.104512 180 174 158 255 
-13.71117 17.31267 -8.194315 192 179 162 255 
-12.92394 17.49214 -8.118093 242 221 204 255 
-7.924956 18.18598 -5.848875 233 166 140 255 
-5.160767 18.216 -6.703519 255 240 209 255 
-3.925556 17.91037 -5.514174 252 215 173 255 
-3.288333 18.05482 -5.096679 237 169 134 255 
-1.421094 18.38475 -5.173507 208 120 84 255 
0.9030281 18.44488 -6.591703 252 226 177 255 
1.819941 18.38773 -6.363418 255 225 178 255 
11.0343 17.96092 -7.098108 179 98 71 255 
11.32462 18.05846 -7.202615 188 115 72 255 
-14.01388 17.23453 -8.072783 181 172 155 255 
-10.83044 17.55558 -7.127776 255 235 205 255 
-9.934346 18.01958 -6.727314 216 121 93 255 
-8.623063 18.16602 -5.876276 217 124 96 255 
0.1003287 18.51372 -6.458097 255 227 181 255 
2.152224 18.12652 -5.79337 255 210 161 255 
4.631912 18.02182 -5.41167 218 144 97 255 
11.43652 18.00033 -7.229873 195 117 78 255 
11.54766 17.94236 -7.25665 207 136 94 255 
11.65766 17.88449 -7.282024 210 151 109 255 
11.76642 17.82651 -7.30524 208 163 124 255 
11.87364 17.76835 -7.325376 206 173 138 255 
11.97917 17.7099 -7.34198 195 174 145 255 
-14.41714 17.03781 -7.915558 170 174 159 255 
-14.31911 17.08876 -7.958406 173 174 156 255 
-14.21919 17.13858 -7.999354 179 171 152 255 
-14.11742 17.18721 -8.03763 183 166 148 255 
-8.809655 17.80142 -5.508952 216 121 93 255 
-8.292335 17.95039 -5.496855 216 123 94 255 
-4.933818 17.88335 -6.182208 255 237 197 255 
-4.252486 18.31851 -6.327406 255 225 181 255 
-2.257833 18.33087 -4.856417 202 107 79 255 
-1.962833 18.56059 -5.165623 195 99 74 255 
-1.744834 18.38877 -5.008411 217 124 91 255 
4.045464 18.34512 -5.447961 233 139 103 255 
7.242426 17.95823 -6.864612 229 206 152 255 
11.84648 17.75253 -7.392232 217 175 133 255 
12.0831 17.65125 -7.354415 201 186 157 255 
-14.51331 16.9858 -7.871579 170 167 150 255 
6.880477 18.16527 -7.076258 231 210 157 255 
9.859094 17.92459 -6.45715 172 102 77 255 
12.1853 17.59263 -7.362341 218 211 185 255 
-14.60772 16.93285 -7.826924 178 156 119 255 
-9.278036 17.92252 -6.007755 216 121 93 255 
-7.979594 17.71589 -5.202214 216 121 93 255 
-5.388222 17.72023 -6.094924 254 231 189 255 
-4.6046 17.53091 -5.574638 255 231 188 255 
8.826267 18.05057 -6.572793 206 153 113 255 
10.70957 17.79002 -6.764018 181 112 83 255 
12.21575 17.58326 -7.501865 236 220 184 255 
12.28595 17.53436 -7.365716 231 219 177 255 
-14.70044 16.87889 -7.782383 172 131 99 255 
-13.51268 17.04127 -7.740261 224 192 169 255 
-12.27658 16.9596 -7.412483 255 235 205 255 
-10.57217 17.47648 -6.827737 255 249 240 255 
-10.10028 17.75875 -6.624943 225 153 131 255 
-6.602612 18.15089 -6.392766 248 181 139 255 
-5.970289 17.6232 -5.931024 255 219 180 255 
-4.082416 17.55625 -5.21912 250 206 159 255 
-3.058806 18.1489 -5.026654 215 118 83 255 
3.236219 17.80528 -4.607216 227 131 93 255 
9.203718 17.91974 -6.33436 203 137 103 255 
11.98155 17.49553 -7.397727 232 169 118 255 
12.38528 17.47697 -7.364313 236 222 187 255 
-14.79157 16.82386 -7.738276 180 129 102 255 
-9.131415 17.28442 -5.161771 236 160 124 255 
0.429548 17.62281 -5.45396 255 214 172 255 
1.473486 17.58466 -5.385235 255 224 175 255 
12.48345 17.42078 -7.358557 239 225 196 255 
-15.22554 16.52243 -7.528852 176 158 134 255 
-15.14149 16.58751 -7.569556 178 144 117 255 
-15.0561 16.64974 -7.610768 178 131 105 255 
-14.96936 16.70963 -7.652423 180 123 96 255 
-14.88119 16.76754 -7.694943 184 123 92 255 
-14.59188 16.63459 -7.322462 190 118 96 255 
-12.84745 17.06297 -7.658542 255 235 205 255 
-4.378361 17.42889 -5.306709 250 218 179 255 
-2.669056 18.18224 -4.804424 227 135 96 255 
-0.09099672 17.81064 -5.452434 251 205 156 255 
0.7878239 17.52692 -5.407698 255 234 193 255 
1.170133 17.71985 -5.64218 255 235 194 255 
7.521106 17.76863 -6.574363 231 208 158 255 
12.58053 17.36622 -7.348391 240 227 192 255 
-15.30837 16.45416 -7.488391 177 157 124 255 
-5.639188 17.39878 -5.68761 255 220 178 255 
3.462107 17.6483 -4.35571 209 109 86 255 
7.714103 17.41931 -5.995342 235 195 146 255 
10.28496 17.47482 -6.167068 191 112 95 255 
12.67678 17.31343 -7.334264 240 226 197 255 
12.7723 17.26242 -7.31633 239 228 196 255 
12.86716 17.21278 -7.295263 234 226 189 255 
12.96137 17.16413 -7.271113 228 220 183 255 
13.05484 17.11597 -7.243945 224 216 179 255 
13.14772 17.06758 -7.214317 214 209 189 255 
13.23976 17.01864 -7.181805 189 186 171 255 
-15.39017 16.38243 -7.448052 179 135 98 255 
-14.9951 16.47173 -7.271284 181 119 82 255 
-9.529243 17.13555 -5.371951 216 121 93 255 
-8.465285 17.45156 -4.93162 212 127 106 255 
-7.577704 17.99512 -5.686749 207 120 90 255 
-6.263475 17.66476 -5.898643 249 199 162 255 
-2.835869 17.41163 -3.902782 233 139 103 255 
-1.739056 16.80922 -2.992137 223 128 107 255 
-0.5061226 17.70034 -5.025532 216 118 91 255 
0.115392 17.51404 -5.201597 252 211 167 255 
1.880908 17.27326 -4.7303 254 206 160 255 
3.793413 17.3761 -4.107208 220 136 110 255 
4.057973 17.47455 -4.369808 229 147 110 255 
4.253912 17.27458 -4.273658 229 146 114 255 
13.19946 17.01424 -7.265724 220 212 189 255 
13.33111 16.96874 -7.146774 206 198 175 255 
-15.47114 16.30706 -7.408018 188 117 85 255 
-11.29198 17.26161 -7.191634 255 235 205 255 
-3.818505 17.25575 -4.627196 255 204 159 255 
1.051284 17.02231 -4.824698 255 236 197 255 
1.882041 17.58792 -5.173548 239 140 101 255 
2.618568 17.49894 -4.493014 250 153 118 255 
3.629711 17.64654 -4.382969 222 124 97 255 
5.20345 16.99043 -4.772943 223 161 120 255 
7.318105 16.9894 -5.502041 230 205 151 255 
13.42164 16.91779 -7.109078 229 215 186 255 
-15.55152 16.22794 -7.368927 193 122 92 255 
-13.9734 16.62566 -7.235785 234 197 170 255 
-7.000826 17.40412 -5.175996 210 123 93 255 
-0.4553276 17.24471 -4.536265 245 191 144 255 
0.774841 17.07018 -4.874141 255 237 197 255 
1.506582 17.11347 -4.769814 252 230 193 255 
5.868104 17.4888 -5.841397 239 203 155 255 
6.253847 17.40311 -5.946521 228 207 164 255 
13.51117 16.86592 -7.068547 232 213 181 255 
-15.63173 16.14532 -7.330907 207 128 98 255 
-12.95947 16.60648 -7.203275 255 235 205 255 
-12.31566 16.29388 -6.755724 255 235 205 255 
-8.220134 17.58714 -5.031371 198 96 73 255 
-1.452478 16.82097 -3.200638 217 115 93 255 
2.611099 17.01969 -3.820711 248 149 118 255 
2.924228 17.31374 -4.03041 237 144 110 255 
6.78381 17.49043 -6.216972 229 206 162 255 
8.72699 17.35302 -5.524502 230 184 134 255 
11.52172 17.25485 -6.901792 241 203 156 255 
12.91436 17.04527 -7.324743 240 225 186 255 
13.59971 16.81333 -7.025312 237 213 175 255 
-15.71207 16.05935 -7.295034 207 131 99 255 
-10.51853 16.52571 -5.875029 255 235 205 255 
-9.105042 16.8192 -4.656515 214 112 90 255 
-8.829736 17.21581 -4.864165 212 117 87 255 
4.677711 17.45452 -4.811903 227 144 104 255 
5.81639 16.84757 -5.064668 229 208 153 255 
10.14183 17.87846 -6.527956 217 152 110 255 
10.86364 17.34827 -6.478867 236 158 110 255 
13.68702 16.76035 -6.979333 239 214 174 255 
-15.79295 15.97046 -7.261882 206 127 94 255 
-12.99826 15.99939 -6.458521 255 235 205 255 
-11.83576 16.27937 -6.594575 255 235 205 255 
-11.34167 16.32932 -6.37682 255 235 205 255 
-2.487102 17.52891 -3.866488 224 124 100 255 
-1.115753 18.00067 -4.907205 217 122 94 255 
5.528882 17.51286 -5.619615 236 206 154 255 
9.23323 17.29566 -5.423488 198 125 93 255 
12.63638 17.02164 -7.254745 247 229 183 255 
13.33945 16.67669 -7.1245 242 218 180 255 
13.77289 16.70719 -6.931053 243 214 172 255 
-15.87475 15.87907 -7.232334 221 150 120 255 
-9.941908 16.788 -5.487119 246 196 163 255 
-4.828812 17.17661 -5.277467 255 250 221 255 
-3.132073 17.52069 -4.272633 226 137 103 255 
-0.9017591 17.18897 -4.106873 232 166 118 255 
8.246132 17.25954 -5.53425 206 127 88 255 
13.60335 16.66576 -7.099751 243 210 167 255 
13.85713 16.65421 -6.88027 238 205 160 255 
13.93941 16.60138 -6.827773 239 196 145 255 
14.01957 16.54878 -6.77355 222 168 121 255 
14.09731 16.4963 -6.718091 222 159 118 255 
14.17276 16.44376 -6.661724 201 141 105 255 
-15.95777 15.78559 -7.207432 228 165 132 255 
-7.166062 16.76487 -4.251535 203 99 60 255 
-2.033419 16.83271 -2.921081 216 121 93 255 
6.201002 16.69811 -5.065104 227 205 155 255 
9.082839 16.78509 -4.706571 207 113 79 255 
12.3892 17.18513 -7.33613 242 220 170 255 
14.24602 16.39092 -6.605106 186 117 86 255 
-16.04235 15.69059 -7.187575 235 174 143 255 
-15.72081 15.95543 -7.118085 215 134 107 255 
-15.45353 16.17676 -7.161223 189 107 83 255 
-10.59042 15.79383 -5.28526 255 235 205 255 
-5.612754 16.83652 -4.99726 255 235 202 255 
-5.187008 17.0986 -5.301013 255 241 208 255 
-4.465394 16.597 -4.450668 255 247 216 255 
-3.164999 16.70146 -3.312919 255 250 209 255 
-2.253124 16.8174 -2.895282 216 120 93 255 
0.1274539 16.75707 -4.340561 255 239 205 255 
6.778525 16.53373 -4.965444 229 203 154 255 
7.537958 16.51002 -4.724129 235 191 144 255 
9.421698 16.94604 -5.029482 205 117 79 255 
13.94666 16.3975 -6.831135 203 120 88 255 
14.31737 16.33766 -6.548562 186 117 86 255 
-16.1287 15.59446 -7.173652 233 174 144 255 
-8.805704 15.36186 -2.990101 230 136 102 255 
3.223721 17.3353 -3.952796 241 144 111 255 
4.583261 16.81526 -4.046414 236 146 112 255 
14.38728 16.28397 -6.492243 187 104 70 255 
-16.21702 15.49775 -7.16559 224 173 144 255 
-9.454993 16.31829 -4.511657 252 179 147 255 
-7.736185 16.28028 -3.458712 199 89 72 255 
-5.077962 16.27481 -4.370421 255 247 218 255 
11.95531 17.01309 -6.971142 255 236 194 255 
14.4564 16.22981 -6.436615 176 88 50 255 
-16.30732 15.40071 -7.163984 237 187 154 255 
-13.72198 16.00029 -6.437338 214 119 89 255 
-2.507798 16.70551 -2.828288 229 135 101 255 
-1.493741 16.48368 -2.79609 225 138 105 255 
1.031355 16.33214 -4.033672 252 245 216 255 
3.363902 17.01304 -3.545458 218 101 84 255 
6.500815 16.63609 -5.072762 232 209 165 255 
8.752275 16.70222 -4.557073 215 160 119 255 
11.57512 16.05552 -5.821981 252 230 180 255 
12.23095 16.30911 -6.423159 243 221 172 255 
14.52543 16.17517 -6.382299 183 93 56 255 
-16.39959 15.30382 -7.168303 242 193 163 255 
-15.84148 15.57348 -6.895173 216 121 93 255 
-15.2362 15.65354 -6.538349 216 121 93 255 
-11.42306 15.68335 -5.764565 255 235 205 255 
-10.88293 16.22934 -5.935741 255 235 205 255 
-10.2698 15.95175 -5.108673 255 221 189 255 
-7.52205 16.69756 -4.029031 215 107 79 255 
-2.865024 16.63428 -2.973825 231 132 100 255 
1.25536 16.23449 -3.840518 249 241 205 255 
1.61187 16.53532 -3.992781 254 219 177 255 
3.640258 16.731 -3.300168 230 142 102 255 
3.92172 16.65662 -3.375397 234 145 111 255 
7.005396 16.83527 -5.345463 241 211 159 255 
8.429193 16.50637 -4.316454 221 173 125 255 
14.59508 16.12025 -6.329413 171 78 37 255 
14.66605 16.06513 -6.278726 183 90 59 255 
14.73899 16.01007 -6.23035 184 102 65 255 
14.81441 15.95519 -6.185043 169 101 62 255 
-16.49374 15.20727 -7.178523 237 190 164 255 
-14.47982 14.72465 -5.148791 216 121 93 255 
-6.01535 16.76987 -4.834696 250 216 171 255 
-4.74636 16.4051 -4.402792 255 247 213 255 
0.370469 16.80682 -4.500325 249 241 205 255 
0.590546 16.22918 -3.915134 255 243 209 255 
5.25849 16.42494 -4.239279 235 202 149 255 
8.202015 16.43023 -4.277807 210 157 125 255 
9.824294 16.92311 -5.243166 218 146 106 255 
11.36073 16.79111 -6.364051 239 209 157 255 
12.85055 16.20287 -6.5099 243 208 152 255 
13.61419 16.40751 -6.900028 246 197 131 255 
14.23889 16.05436 -6.432776 179 82 40 255 
14.89269 15.9008 -6.14292 170 98 58 255 
-16.68668 15.01634 -7.213231 243 212 184 255 
-16.58956 15.11139 -7.193663 244 204 178 255 
-14.03108 15.90031 -6.324446 225 140 101 255 
-12.07686 15.59245 -5.908234 255 235 205 255 
-5.301479 16.21422 -4.326465 255 239 207 255 
-2.106034 16.46927 -2.483872 217 105 74 255 
5.519829 16.5787 -4.581813 232 205 160 255 
5.897682 16.34852 -4.560723 232 209 159 255 
14.60723 15.76307 -6.123367 186 96 59 255 
14.9741 15.847 -6.104745 172 92 57 255 
-16.78479 14.92223 -7.236118 245 222 191 255 
-8.485264 15.92032 -3.280354 220 125 97 255 
-4.089338 16.28529 -3.797639 255 228 189 255 
-3.247054 16.36973 -3.023917 244 159 128 255 
-0.5357882 16.43983 -3.599658 255 203 164 255 
-0.2477258 16.65335 -4.033576 251 223 186 255 
2.832662 16.53198 -3.028414 242 149 116 255 
3.321861 16.34118 -2.753858 224 130 94 255 
12.26421 15.78364 -5.879736 240 209 154 255 
15.05874 15.79405 -6.070485 168 89 59 255 
-16.88357 14.82906 -7.261075 243 226 196 255 
-14.75364 15.64926 -6.251271 221 143 104 255 
-14.38532 15.76155 -6.232419 200 94 80 255 
-8.134814 16.37022 -3.601414 220 127 96 255 
-7.408778 15.62336 -2.738725 199 88 68 255 
7.639237 16.15413 -4.134852 238 192 130 255 
15.14645 15.74224 -6.040256 168 91 61 255 
-16.98258 14.73693 -7.287302 244 229 198 255 
-16.48292 15.01132 -7.032542 249 218 189 255 
-8.359046 16.33133 -3.645897 216 130 97 255 
-7.093196 16.21723 -3.594244 212 106 80 255 
-0.7892469 15.81885 -2.741705 230 115 84 255 
-0.06961252 15.87507 -3.28996 255 230 198 255 
3.076474 16.35248 -2.737211 232 133 104 255 
9.989488 16.36449 -4.818554 207 138 99 255 
12.70868 15.76813 -5.97682 238 197 143 255 
15.23702 15.6913 -6.014409 165 86 56 255 
15.33024 15.64137 -5.992772 166 87 56 255 
-17.08166 14.6456 -7.313584 246 230 197 255 
-6.391472 16.75925 -4.655004 225 118 102 255 
-5.610362 16.17221 -4.247909 253 224 192 255 
-2.336659 16.37942 -2.391978 243 141 93 255 
-0.5379968 15.84251 -2.970387 255 218 176 255 
3.605935 15.6207 -2.171265 242 159 127 255 
6.259628 15.80793 -4.080392 247 226 179 255 
10.77142 16.3979 -5.515389 237 194 149 255 
11.94662 15.96721 -5.945045 233 205 158 255 
15.01517 15.50985 -5.82037 162 86 63 255 
15.42567 15.59207 -5.975242 176 92 68 255 
15.52275 15.54299 -5.961566 182 88 63 255 
15.62089 15.4936 -5.95135 180 88 63 255 
15.71963 15.44319 -5.944535 180 96 68 255 
15.81839 15.39102 -5.940595 171 96 67 255 
15.91664 15.33648 -5.939147 167 102 72 255 
-17.3764 14.37551 -7.383328 236 232 205 255 
-17.27872 14.46515 -7.362423 244 230 201 255 
-17.18041 14.55505 -7.338983 247 228 195 255 
-16.31706 14.76137 -6.78843 255 237 201 255 
-13.94023 15.13077 -5.345276 209 117 92 255 
-13.50209 15.23896 -5.440557 205 119 86 255 
-12.41421 15.47732 -5.81971 245 195 162 255 
-5.150787 15.40549 -3.363276 253 240 206 255 
-2.610847 16.2242 -2.331992 242 130 90 255 
-1.556917 16.00378 -2.266941 223 109 73 255 
2.43595 16.28295 -2.952379 233 128 98 255 
4.961099 15.93044 -3.543422 235 199 147 255 
7.077133 15.92163 -4.07813 244 201 148 255 
8.484657 16.137 -3.79844 218 150 101 255 
9.305676 15.77888 -3.739669 209 132 114 255 
10.93784 15.42513 -4.76726 236 213 159 255 
11.7449 15.02698 -4.835553 233 205 168 255 
16.01409 15.27906 -5.939794 168 99 58 255 
-17.47341 14.28615 -7.400917 233 233 209 255 
-17.05737 14.43579 -7.315981 238 231 203 255 
-12.81296 15.18102 -5.427778 241 192 152 255 
-10.09867 15.36682 -4.449745 244 179 149 255 
-8.177423 15.64677 -2.818477 224 159 129 255 
0.7247236 15.82829 -3.454808 255 239 199 255 
8.807643 16.20259 -3.915929 191 105 82 255 
16.11052 15.2182 -5.942451 172 104 69 255 
-17.56968 14.19667 -7.414927 237 233 206 255 
-16.0308 14.63043 -6.47092 254 214 188 255 
-14.19063 15.07962 -5.354325 197 98 67 255 
-11.54348 15.10642 -5.212121 255 230 200 255 
-8.616302 15.52967 -2.97789 214 123 104 255 
-7.899822 15.94041 -3.062725 226 153 121 255 
-4.935794 15.58371 -3.531445 254 236 196 255 
2.009877 16.38003 -3.466791 252 206 157 255 
2.231508 15.63706 -2.299693 243 151 114 255 
2.799318 16.03384 -2.41758 236 138 91 255 
3.514346 16.16593 -2.641779 241 189 167 255 
7.574043 15.48944 -3.156536 226 175 130 255 
8.961556 15.76657 -3.502962 211 133 94 255 
16.20586 15.15404 -5.94648 191 117 90 255 
16.30009 15.08637 -5.95175 174 114 88 255 
-17.6651 14.10709 -7.425042 236 231 209 255 
-0.7398517 15.19713 -2.102896 251 180 136 255 
-0.540647 15.2827 -2.336766 253 199 153 255 
0.2624891 15.75144 -3.274184 255 241 225 255 
3.089186 15.71059 -2.026978 227 132 114 255 
4.144531 16.12334 -3.017438 226 140 107 255 
5.59775 15.47628 -3.534835 242 216 165 255 
6.091524 16.08038 -4.35204 238 215 163 255 
7.909068 15.57147 -3.125844 229 176 126 255 
9.910968 15.48609 -3.962639 219 174 133 255 
10.55147 15.49639 -4.524751 227 189 144 255 
15.62636 15.30514 -5.865584 178 103 82 255 
16.39359 15.01555 -5.957899 186 130 103 255 
-17.7598 14.01723 -7.430821 238 232 208 255 
-12.20991 14.77049 -4.981051 240 187 147 255 
-10.96656 15.37159 -5.190584 255 237 207 255 
-9.091186 15.25687 -3.198053 220 152 115 255 
-3.874827 15.45504 -2.712931 247 216 169 255 
1.459074 15.44108 -2.70799 255 229 184 255 
13.87486 15.70356 -5.98092 220 120 84 255 
15.93826 15.15223 -5.8887 193 110 78 255 
16.48667 14.94214 -5.964542 205 144 113 255 
-17.85379 13.92701 -7.432274 241 232 201 255 
-13.6685 14.57135 -4.638885 208 107 97 255 
-13.26829 14.74782 -4.825405 217 132 101 255 
-4.60534 15.56956 -3.388567 253 241 201 255 
-3.282872 15.79848 -2.458989 228 132 107 255 
0.8527912 15.19241 -2.658305 253 241 193 255 
1.056372 15.65396 -3.190295 255 235 193 255 
5.275399 15.65431 -3.523564 239 209 157 255 
11.32963 14.98895 -4.606128 244 216 166 255 
15.03944 15.13252 -5.464449 196 103 88 255 
16.57981 14.86657 -5.971305 221 165 128 255 
-17.94712 13.83653 -7.429075 244 231 196 255 
-14.91872 14.78734 -5.549557 214 138 112 255 
-10.56655 15.2049 -4.746185 255 236 206 255 
-5.986454 15.4529 -3.251619 249 197 160 255 
3.965592 15.40615 -2.239876 230 137 96 255 
13.10769 15.73652 -5.986293 240 198 138 255 
14.1219 15.21033 -5.32786 220 121 90 255 
16.67336 14.78945 -5.978108 237 200 156 255 
-18.13194 13.6541 -7.408814 238 222 188 255 
-18.03978 13.74553 -7.421258 246 230 194 255 
-5.724794 15.40814 -3.300939 255 216 175 255 
-5.419825 15.01931 -2.92485 254 225 183 255 
-2.004992 15.51696 -1.496742 215 107 69 255 
-1.598548 15.23625 -1.390174 220 116 79 255 
-0.1950387 15.14544 -2.341477 249 224 184 255 
6.414703 14.92572 -2.965528 240 217 167 255 
16.76768 14.71119 -5.984426 236 207 163 255 
16.86309 14.63225 -5.989885 239 215 177 255 
-18.22373 13.56243 -7.391408 238 219 186 255 
-18.12926 13.58001 -7.45542 243 225 189 255 
-11.21349 15.0512 -5.023069 254 247 221 255 
-8.654895 14.93102 -2.474986 228 128 104 255 
-8.411176 15.15071 -2.463992 223 126 107 255 
-4.293053 15.97748 -3.638995 255 236 197 255 
6.743194 14.98197 -2.906092 229 196 143 255 
16.95975 14.55305 -5.994429 240 224 191 255 
-18.31531 13.47029 -7.369226 238 218 183 255 
-17.70786 13.82443 -7.373689 244 223 204 255 
-15.58207 15.18462 -6.440953 222 142 105 255 
-14.09881 13.9365 -4.213428 217 146 118 255 
-12.03771 14.14397 -4.290504 251 198 164 255 
-11.98883 15.01609 -5.237645 255 221 189 255 
1.106553 14.91432 -2.267715 253 221 180 255 
4.407229 15.67547 -2.845517 242 205 152 255 
5.752369 15.07602 -3.168878 238 217 162 255 
16.39927 14.69636 -5.975939 255 234 191 255 
17.05757 14.47369 -5.997267 247 232 199 255 
-18.40676 13.37786 -7.342246 239 215 181 255 
-17.14318 13.65437 -6.95242 255 255 235 255 
-12.57924 14.61595 -4.758819 245 180 142 255 
-9.508924 14.96425 -3.454971 237 158 125 255 
-5.977679 14.74209 -2.40979 248 192 141 255 
-3.822854 14.50865 -1.654266 255 242 202 255 
-1.731314 15.87542 -2.018987 217 113 86 255 
0.3664917 15.14564 -2.524887 255 231 188 255 
8.311561 15.43626 -2.909713 203 116 89 255 
9.076711 15.06839 -2.931182 213 139 114 255 
10.90429 14.81626 -4.203093 233 207 156 255 
12.2373 14.87352 -4.79474 245 194 137 255 
14.50507 15.02511 -5.156394 217 109 73 255 
15.74778 14.80014 -5.611651 224 157 115 255 
17.15628 14.39408 -5.998413 242 228 191 255 
-18.4981 13.28513 -7.310937 239 213 178 255 
-14.66209 14.06352 -4.7595 214 144 110 255 
-8.141631 15.06902 -2.21953 234 158 122 255 
-7.887757 15.10855 -2.156896 219 132 112 255 
-7.693394 15.34687 -2.388962 207 116 97 255 
-6.984875 15.21024 -2.415261 209 109 85 255 
6.150067 15.02316 -3.133693 240 219 166 255 
10.14562 14.87718 -3.686947 228 194 148 255 
15.19125 14.77018 -5.232425 238 166 126 255 
17.25562 14.31435 -5.99723 236 230 178 255 
17.35506 14.2342 -5.993605 228 224 177 255 
17.45408 14.15349 -5.986937 211 207 170 255 
-18.58941 13.19198 -7.275472 241 209 171 255 
-16.686 13.86942 -6.717401 245 217 177 255 
-11.28139 14.03006 -4.075774 254 239 210 255 
-1.972544 14.54648 -0.4256155 220 109 90 255 
3.017675 14.9089 -1.16472 224 111 79 255 
8.549712 14.66303 -2.211171 218 129 95 255 
11.49583 14.45211 -4.151576 239 207 158 255 
14.1624 14.33317 -4.278193 209 104 75 255 
17.46863 14.13918 -6.046014 224 217 173 255 
17.55195 14.07207 -5.976941 212 206 174 255 
-18.68056 13.0986 -7.235981 233 195 159 255 
-14.10578 14.52107 -4.728102 220 118 93 255 
-2.908597 15.48076 -1.732996 225 126 87 255 
0.6696292 15.13817 -2.587249 255 237 195 255 
2.021846 14.53753 -1.028306 239 146 105 255 
8.475392 15.06002 -2.543697 213 122 93 255 
12.50886 14.61541 -4.488729 237 167 115 255 
14.66771 14.56905 -4.762445 217 131 82 255 
17.64803 13.98979 -5.963332 213 207 175 255 
-18.77157 13.00496 -7.193092 233 185 149 255 
-0.003979594 14.47974 -1.761961 253 228 187 255 
10.59595 14.91064 -4.074725 232 204 156 255 
17.14208 14.1739 -6.090156 240 222 176 255 
17.74165 13.90673 -5.945792 211 207 170 255 
-18.86212 12.91106 -7.147269 225 170 139 255 
-16.71555 13.20967 -6.395966 236 207 167 255 
-15.15928 13.67444 -4.970814 226 158 119 255 
-7.323177 14.51185 -1.474694 205 95 72 255 
-5.654745 14.56741 -2.342034 255 206 165 255 
-4.9016 14.36553 -2.192279 255 227 190 255 
-4.090358 14.77242 -2.187013 255 232 191 255 
-3.007607 14.55494 -0.8178828 224 116 90 255 
-2.652906 14.82892 -0.8320287 220 110 83 255 
2.435166 14.90121 -1.207173 242 144 107 255 
5.088452 14.83134 -2.659567 241 210 155 255 
5.352533 14.88237 -2.848275 240 216 168 255 
7.611941 15.03351 -2.481102 214 126 88 255 
16.36794 14.55507 -5.904122 252 216 166 255 
17.83238 13.82304 -5.924153 205 202 169 255 
-18.95189 12.81714 -7.098789 211 157 133 255 
-16.07038 13.99376 -6.160653 255 213 174 255 
-13.57113 13.95468 -3.967769 217 109 96 255 
-12.82254 13.9617 -3.944963 216 121 93 255 
-9.563857 14.0809 -2.8859 255 235 202 255 
-6.919418 14.28226 -1.324627 216 134 110 255 
-6.685345 14.31601 -1.474996 213 117 92 255 
-3.299605 14.54146 -1.105983 244 176 139 255 
-2.286516 15.25299 -1.172157 225 157 134 255 
-1.508606 14.22705 -0.3663338 221 117 80 255 
-1.167693 15.15777 -1.680413 231 134 92 255 
-0.3240681 14.68589 -1.829543 255 220 190 255 
7.853895 14.81301 -2.146693 210 112 67 255 
8.779416 14.57927 -2.295914 230 151 112 255 
11.77295 14.30738 -4.061717 243 209 146 255 
17.91986 13.73904 -5.898375 209 201 164 255 
-19.04069 12.72297 -7.048617 188 137 110 255 
-13.10943 13.92729 -3.879403 216 121 93 255 
-10.10956 14.38109 -3.671509 255 245 218 255 
2.308376 14.99478 -1.397707 236 137 108 255 
3.975402 14.69905 -1.619761 231 154 110 255 
12.66941 14.22902 -3.953932 209 126 86 255 
18.00372 13.65517 -5.868093 214 205 172 255 
-19.12814 12.62876 -6.996877 189 135 107 255 
-13.90607 13.25793 -3.549638 224 134 97 255 
-0.7685301 14.34299 -1.171169 243 172 126 255 
0.9175896 14.47174 -1.824516 251 235 202 255 
4.794427 14.82267 -2.44435 245 208 153 255 
5.297222 14.0721 -1.970742 241 214 161 255 
5.967098 14.20836 -2.160706 246 217 175 255 
11.09016 13.98079 -3.549709 243 215 167 255 
11.99565 14.01763 -3.72439 240 199 145 255 
17.87354 13.75292 -6.033331 222 210 172 255 
18.08391 13.5721 -5.833536 219 208 176 255 
-19.21404 12.53445 -6.944512 184 124 100 255 
-18.42745 13.10476 -7.254673 232 195 153 255 
-17.02982 12.96643 -6.460582 216 192 154 255 
-16.3753 13.34604 -6.168626 238 209 169 255 
-9.881821 14.57645 -3.590512 254 239 206 255 
-7.558603 13.96887 -0.9140353 200 104 80 255 
-3.966496 13.92544 -1.150571 255 240 202 255 
3.533669 14.68524 -1.237011 227 130 95 255 
4.183609 13.99649 -1.220236 230 173 128 255 
4.451949 13.92867 -1.385659 244 209 153 255 
9.317173 14.47204 -2.651791 221 146 106 255 
14.06791 14.81179 -4.80033 199 123 100 255 
17.45952 13.80232 -6.022187 241 225 176 255 
18.16073 13.49015 -5.794971 217 207 172 255 
-19.29824 12.44001 -6.891834 174 105 90 255 
-19.0316 12.62777 -6.993243 187 122 102 255 
-14.60915 13.25409 -4.175656 229 163 129 255 
-11.53586 13.76672 -3.853445 255 220 188 255 
-10.59423 14.23914 -3.931244 255 246 211 255 
-8.424623 14.09716 -1.586592 233 142 98 255 
-0.5351021 14.15175 -1.151959 255 207 166 255 
3.136561 14.55083 -0.8704107 229 116 86 255 
8.079902 14.60855 -1.943857 206 111 83 255 
15.2959 14.39874 -5.040396 255 182 140 255 
18.27492 13.36263 -5.83814 224 209 166 255 
18.23446 13.41002 -5.752458 209 197 159 255 
-19.38058 12.34536 -6.839633 172 103 88 255 
1.690476 15.40791 -2.479033 255 186 144 255 
2.55612 14.25525 -0.4256017 230 122 86 255 
5.056901 14.08794 -1.902161 245 219 170 255 
13.50704 13.73622 -3.314628 209 143 129 255 
16.8796 14.03603 -5.885149 240 212 165 255 
18.30558 13.33222 -5.706243 218 200 154 255 
-19.46088 12.25049 -6.788375 175 109 97 255 
-13.58554 13.06996 -3.170976 226 135 106 255 
-12.75441 13.35602 -3.218774 216 121 93 255 
-12.3127 13.23848 -3.129715 255 184 156 255 
-2.505044 14.90108 -0.8308051 229 130 91 255 
-2.152165 14.19141 0.01067644 211 93 63 255 
-1.744813 14.38793 -0.367956 229 121 85 255 
-1.100786 13.953 -0.45677 220 111 80 255 
-0.05948568 13.61272 -0.8533618 252 229 188 255 
7.19697 14.90609 -2.519041 235 166 124 255 
18.37462 13.2569 -5.657077 227 204 152 255 
-19.53926 12.1553 -6.7387 179 123 108 255 
-18.54272 12.28818 -6.578607 208 158 121 255 
-17.58989 13.15238 -6.936988 231 202 158 255 
-10.63262 13.42422 -3.24282 252 241 211 255 
-9.069667 13.7353 -2.03725 242 173 134 255 
-5.9368 13.87043 -1.365179 236 153 123 255 
-4.361461 14.19178 -1.769855 255 237 203 255 
-2.296776 14.2727 -0.07823189 218 103 76 255 
6.47659 13.88248 -1.549349 239 178 124 255 
8.078332 14.09601 -1.439345 222 124 89 255 
11.55415 13.90561 -3.572406 255 208 152 255 
14.10345 13.53621 -3.466976 228 149 124 255 
14.65716 13.84448 -4.142127 247 192 171 255 
15.53235 13.289 -4.522333 249 191 141 255 
18.44213 13.18429 -5.605084 232 206 149 255 
-19.61563 12.05969 -6.691084 179 134 115 255 
-18.01755 12.4385 -6.546924 228 199 159 255 
-16.52637 12.27616 -5.616995 243 214 170 255 
-15.14158 13.16533 -4.661364 233 171 134 255 
-13.61108 11.94897 -2.431943 243 156 126 255 
-8.689898 13.91015 -1.707742 227 140 110 255 
2.343616 14.22644 -0.4363931 235 136 95 255 
7.432974 13.78631 -0.9782819 222 133 99 255 
10.37292 14.17114 -3.323235 248 220 173 255 
10.81927 14.16397 -3.59387 251 223 176 255 
10.70522 13.20388 -2.727131 251 223 184 255 
14.92335 13.51404 -4.128944 245 181 143 255 
18.50864 13.1142 -5.551063 229 197 148 255 
-19.69012 11.9636 -6.646008 163 104 100 255 
-16.05704 12.34041 -5.278205 237 206 162 255 
-11.97019 13.49815 -3.522232 236 144 119 255 
-10.87962 13.2975 -3.242679 255 229 197 255 
-8.011895 14.08856 -1.238856 230 146 110 255 
2.720825 14.28026 -0.4485162 217 104 72 255 
9.037248 13.86015 -1.985818 248 195 145 255 
9.950157 13.3153 -2.394849 243 216 169 255 
12.84934 13.609 -3.041834 244 179 147 255 
13.21275 13.3108 -2.744433 226 140 112 255 
16.3119 13.15093 -4.986437 255 233 194 255 
18.07907 13.321 -5.844178 242 215 160 255 
18.57456 13.04647 -5.495494 228 191 147 255 
18.63984 12.98059 -5.438761 216 174 136 255 
18.70467 12.91577 -5.381739 197 153 116 255 
18.76855 12.85162 -5.324641 186 140 107 255 
-19.76266 11.86686 -6.603958 164 94 94 255 
-17.24896 11.93746 -5.789291 222 191 145 255 
-15.16855 12.64825 -4.452083 252 219 184 255 
-14.39755 13.56744 -4.183505 235 144 117 255 
-1.891813 13.94269 0.1889874 229 110 68 255 
0.4232041 13.825 -1.171064 255 238 202 255 
4.846306 14.0708 -1.777023 252 225 182 255 
9.861935 14.00248 -2.811066 242 204 157 255 
11.58195 13.34423 -2.931675 255 215 165 255 
15.89668 13.0658 -4.661243 252 220 171 255 
17.36058 13.28195 -5.591218 251 224 179 255 
18.83111 12.78738 -5.268035 173 119 95 255 
-19.83346 11.76953 -6.56524 169 98 92 255 
-13.54003 13.35764 -3.375715 218 111 91 255 
-5.010958 13.70774 -1.444601 255 223 182 255 
-4.682797 14.21207 -1.956606 255 227 187 255 
-3.085213 13.78139 -0.032371 233 147 112 255 
2.711821 13.71418 0.1556995 223 110 76 255 
10.30181 13.21906 -2.549846 250 224 173 255 
18.61539 12.81551 -5.38693 196 128 107 255 
18.89196 12.7225 -5.212307 180 119 98 255 
-19.90262 11.67162 -6.529857 165 100 94 255 
-19.25238 11.65684 -6.199746 205 171 123 255 
-15.88724 12.93415 -5.395606 255 222 187 255 
-4.049294 13.27029 -0.5203282 255 232 191 255 
-2.7821 14.06163 -0.06477851 236 133 92 255 
-0.9299378 13.19197 0.1383624 255 196 146 255 
0.740913 13.21589 -0.4077595 255 241 207 255 
1.667644 14.00658 -0.6593772 243 156 113 255 
3.513834 13.80341 -0.4684304 238 145 104 255 
5.669978 14.0753 -2.024343 248 228 191 255 
6.041959 13.65946 -1.462705 246 205 159 255 
6.110859 13.17146 -0.7672285 236 174 135 255 
7.607762 13.59324 -0.7949142 203 94 65 255 
8.364303 13.92202 -1.475407 234 148 101 255 
11.73948 13.04978 -2.514046 246 183 130 255 
12.3442 13.50253 -2.975682 250 186 150 255 
13.05599 13.4731 -2.879809 235 164 137 255 
17.93028 12.67068 -5.18793 239 198 142 255 
18.25734 13.07849 -5.636099 230 189 135 255 
18.95058 12.65635 -5.158169 173 129 100 255 
-19.97016 11.57288 -6.498306 168 109 95 255 
-16.78898 11.90698 -5.527477 232 199 148 255 
-10.10984 12.7953 -2.354514 253 242 212 255 
-9.970394 13.11528 -2.527353 255 242 213 255 
-6.762465 13.28014 -0.225933 213 110 77 255 
-5.542254 13.30374 -0.8889667 250 203 159 255 
-5.292599 14.42795 -2.264064 255 214 172 255 
-0.5555331 13.16619 -0.1344374 253 199 155 255 
2.09877 13.54557 0.2937287 231 124 90 255 
8.501675 13.22526 -1.090498 235 147 107 255 
11.02743 13.1336 -2.715982 255 211 166 255 
19.00666 12.5889 -5.105938 178 133 100 255 
-20.03642 11.47347 -6.47057 165 105 94 255 
-19.74783 11.55789 -6.33571 205 171 126 255 
-9.378476 13.0304 -1.889196 253 237 212 255 
-6.495399 13.33359 -0.4030695 216 107 86 255 
-2.804606 13.32899 0.7031455 233 124 91 255 
4.453644 12.82943 -0.4838837 255 233 194 255 
18.63242 12.13237 -4.731858 217 172 113 255 
19.06013 12.52001 -5.055789 175 108 79 255 
19.1111 12.44966 -5.008502 163 99 71 255 
-20.1016 11.37327 -6.446512 177 118 104 255 
-13.32795 13.24094 -3.173588 226 113 81 255 
-11.4862 12.92809 -2.943906 255 202 170 255 
-11.16177 13.09419 -3.119254 253 226 196 255 
-4.363803 13.19033 -0.659861 255 236 199 255 
-3.312596 13.33792 0.188756 253 201 161 255 
-0.3255481 12.85219 0.05109091 252 214 177 255 
0.1541319 13.56388 -0.8604888 255 240 207 255 
2.586575 12.79936 1.058558 216 102 75 255 
3.056676 13.67561 0.001963753 225 116 85 255 
5.618445 13.14861 -0.9718118 247 214 179 255 
13.6706 13.10334 -2.82629 226 129 94 255 
14.29208 12.87558 -3.171256 226 129 94 255 
16.6216 12.92098 -4.996243 254 227 182 255 
19.16025 12.37823 -4.964491 162 92 66 255 
-20.16587 11.27246 -6.42611 176 118 96 255 
-10.90528 12.37642 -2.297547 255 212 179 255 
-7.20206 13.54301 -0.4391278 205 88 68 255 
1.699693 13.21004 0.4054059 237 134 103 255 
3.723251 13.31882 -0.2800799 237 149 109 255 
5.726259 12.85367 -0.5725136 249 208 162 255 
6.518857 12.89966 -0.1474312 255 205 152 255 
9.188829 13.26888 -1.74205 255 209 161 255 
17.10978 12.58762 -4.918713 247 211 151 255 
18.98473 12.32951 -4.928982 179 95 67 255 
19.20827 12.30617 -4.923847 174 94 67 255 
-20.22941 11.17094 -6.409378 171 110 91 255 
-14.08424 12.12891 -3.004472 247 160 130 255 
-13.05206 11.59887 -1.706103 235 141 107 255 
-4.622185 13.0622 -0.6395876 255 233 196 255 
-1.651561 13.34309 0.6532083 226 123 82 255 
0.8859587 13.14175 -0.243395 254 241 206 255 
1.191074 13.45209 -0.3960368 255 214 177 255 
2.83196 12.79979 0.9197646 233 124 95 255 
8.052374 13.22377 -0.7198064 217 127 101 255 
12.06716 12.64826 -1.873978 231 133 96 255 
19.25613 12.2338 -4.887143 186 99 72 255 
-20.29259 11.0689 -6.395983 168 111 94 255 
-19.00576 11.92593 -6.361537 210 136 91 255 
-7.644048 13.39973 -0.3786451 231 142 110 255 
-4.819657 12.80133 -0.4057724 255 227 187 255 
-2.408481 13.289 0.9515678 229 121 85 255 
-2.036288 13.27725 0.9266066 224 115 84 255 
13.65185 13.42517 -3.060801 226 129 94 255 
14.86312 12.68341 -3.586211 255 243 216 255 
19.30508 12.16164 -4.854766 198 106 81 255 
-20.3554 10.9662 -6.3861 171 118 104 255 
-17.37004 11.56709 -5.499716 222 158 120 255 
-11.5554 12.51007 -2.444136 245 174 142 255 
-9.659904 12.96036 -2.126143 251 242 211 255 
-8.210145 13.13432 -0.5619628 226 127 98 255 
-5.836112 12.95156 -0.3406988 252 188 152 255 
-5.129961 12.63461 -0.215862 254 219 179 255 
0.5476551 13.13531 -0.3776106 255 243 205 255 
0.9729242 12.77605 0.2350204 243 159 123 255 
2.452857 13.25483 0.6785385 234 127 85 255 
4.25525 13.05963 -0.5384383 255 213 171 255 
7.108082 12.86339 0.05581266 206 88 52 255 
9.459017 12.93649 -1.726739 255 220 168 255 
12.55497 12.64513 -1.883437 218 123 95 255 
19.3562 12.09001 -4.826823 195 100 80 255 
-20.41816 10.86325 -6.379211 168 119 102 255 
-16.7544 11.43756 -5.151947 240 202 153 255 
-14.4805 11.92042 -3.350784 250 181 148 255 
-13.12407 13.41787 -3.301647 228 123 94 255 
-11.99344 12.32127 -2.119238 232 133 101 255 
-10.52703 12.22249 -2.0365 254 228 193 255 
-8.461302 12.47298 -0.3447459 231 151 118 255 
-7.985077 13.22836 -0.4381886 228 127 97 255 
-4.166324 12.47485 0.1876008 255 232 194 255 
-3.677302 12.97856 0.1341373 255 209 165 255 
2.286911 13.43201 0.5094318 241 138 95 255 
12.52659 12.96504 -2.225101 228 129 98 255 
15.88077 12.37193 -4.1847 255 240 207 255 
19.41047 12.01898 -4.803605 186 98 78 255 
-20.48087 10.75997 -6.375328 175 117 103 255 
-17.20254 11.02392 -4.950536 232 168 132 255 
-16.36301 11.68661 -5.119972 241 203 158 255 
0.3833447 12.81563 -0.06245483 255 244 209 255 
8.751729 11.96094 -0.4293754 253 213 161 255 
9.732354 12.74988 -1.775618 255 228 179 255 
16.12424 11.95755 -3.986836 255 237 194 255 
17.40433 12.33888 -4.767356 241 189 131 255 
19.46872 11.94875 -4.784766 187 103 79 255 
-20.54371 10.65644 -6.37444 170 119 102 255 
-19.12249 11.16539 -5.699022 198 107 80 255 
-12.97996 12.19437 -2.115831 222 118 89 255 
-12.06536 11.74537 -1.450172 243 149 111 255 
-3.571335 12.43301 0.7472731 255 191 163 255 
-2.748585 12.72215 1.311186 239 143 118 255 
0.05826005 12.84595 -0.06520303 255 239 203 255 
3.183073 12.7054 0.6812654 247 161 128 255 
5.209558 12.64719 -0.47894 255 234 193 255 
15.2404 12.38643 -3.740557 255 252 226 255 
15.38911 11.42925 -3.245701 248 230 192 255 
16.72363 11.81828 -4.066483 255 230 183 255 
19.53131 11.87902 -4.770499 193 117 91 255 
19.59842 11.80949 -4.760214 191 122 93 255 
19.66963 11.73957 -4.753527 196 125 97 255 
19.74454 11.66846 -4.750074 201 126 95 255 
19.82235 11.59557 -4.74916 204 130 101 255 
-20.60677 10.55289 -6.376364 196 140 123 255 
-19.99947 10.8438 -6.071014 188 143 110 255 
-15.52224 11.66881 -4.464031 246 221 190 255 
-12.75772 12.33136 -2.147175 233 127 88 255 
-10.19005 12.26289 -1.915706 255 241 210 255 
-6.863726 12.62325 0.499175 215 100 69 255 
-4.72856 12.10564 0.2697867 253 231 192 255 
-3.043007 12.86362 0.9289896 250 160 133 255 
-0.6668544 12.74057 0.3477287 254 236 200 255 
1.880047 12.91963 0.8791366 244 146 111 255 
3.842031 12.74737 0.02875301 255 181 152 255 
6.197121 12.3114 0.4313501 224 121 88 255 
6.833715 12.99821 -0.1386739 219 129 94 255 
6.974641 12.25462 0.7108482 210 99 69 255 
7.713715 13.12132 -0.4108927 230 121 92 255 
13.01162 12.8517 -2.233626 221 132 88 255 
15.62584 12.41078 -4.04111 252 240 202 255 
19.03425 11.98101 -4.679039 203 143 106 255 
19.90248 11.52029 -4.750401 193 122 92 255 
-20.67017 10.44944 -6.380929 205 156 126 255 
-19.56401 11.00852 -5.858893 209 128 98 255 
-15.8302 10.80669 -4.23747 231 197 159 255 
-6.588634 12.3335 0.7305214 229 125 90 255 
0.582841 12.27765 0.5229527 255 246 211 255 
7.401736 11.97692 0.6923236 224 118 94 255 
19.84178 11.64108 -4.759491 196 122 93 255 
19.98384 11.44216 -4.752932 195 125 99 255 
-20.73403 10.34628 -6.3878 216 167 137 255 
-16.95121 11.14436 -4.994321 242 194 148 255 
-15.76366 11.39147 -4.539949 232 199 168 255 
-11.20877 11.68472 -1.521222 247 171 139 255 
-9.672628 12.14702 -1.462523 253 242 212 255 
-8.407215 12.03994 0.009923702 233 147 112 255 
-8.100073 12.23679 0.2258405 226 121 89 255 
-5.314653 12.43093 0.01887869 254 219 181 255 
1.633989 12.63262 1.001835 247 154 123 255 
5.05043 12.97832 -0.8145308 255 235 200 255 
7.993179 12.6962 -0.2715926 233 140 107 255 
13.36286 12.52759 -2.215203 239 144 112 255 
14.82402 12.00266 -3.185084 255 242 204 255 
18.94362 11.54478 -4.290347 209 140 107 255 
20.0661 11.36067 -4.756821 199 134 106 255 
-20.79825 10.24329 -6.397148 212 163 133 255 
-7.618249 12.41777 0.5209715 232 140 103 255 
-6.176547 12.30965 0.5791904 244 166 146 255 
-5.626642 12.28256 0.2872224 255 228 190 255 
-4.51523 12.24351 0.2188214 255 242 211 255 
5.290936 12.0708 0.1766101 255 221 183 255 
10.33032 12.57077 -1.898447 255 241 198 255 
10.7883 12.56001 -1.966564 255 226 182 255 
17.23961 11.70128 -4.064568 227 130 95 255 
19.70907 11.55215 -4.672593 225 149 113 255 
20.14839 11.27586 -4.76145 190 133 106 255 
-20.86297 10.14088 -6.408454 216 171 138 255 
-20.41863 10.3588 -6.168202 206 161 132 255 
-19.988 10.37087 -5.83463 214 148 122 255 
-18.69162 11.01978 -5.369026 203 109 81 255 
-17.44803 10.74462 -4.728297 203 130 95 255 
-8.802746 11.30541 0.0003425676 255 225 194 255 
-2.387362 12.61807 1.532316 233 136 103 255 
-0.226619 11.83179 0.9271634 255 233 192 255 
13.35324 12.02329 -1.919751 238 135 104 255 
17.90784 11.26451 -3.727386 217 119 84 255 
20.23024 11.18763 -4.76652 194 136 112 255 
-20.92809 10.03885 -6.421273 222 182 146 255 
-18.87768 10.72246 -5.201219 190 89 69 255 
-11.50554 11.14638 -0.829752 232 133 102 255 
-10.95507 11.04797 -0.8374217 239 154 117 255 
-10.84944 11.60835 -1.470724 255 204 165 255 
-9.902431 11.71381 -1.270355 255 242 215 255 
-7.784143 12.27478 0.5043861 242 153 113 255 
-1.673287 12.47824 1.404931 236 127 94 255 
-0.9673147 12.15439 1.080736 248 185 150 255 
2.334087 12.07426 1.686088 241 129 92 255 
3.48158 11.81938 0.9963588 253 214 171 255 
5.187598 11.73104 0.492594 255 216 178 255 
5.709725 12.27554 0.1376679 248 198 163 255 
7.875106 12.06085 0.2602683 233 159 114 255 
10.03049 12.65452 -1.868662 255 241 200 255 
12.78624 12.04623 -1.490639 215 112 77 255 
19.68946 11.08408 -4.449458 229 166 123 255 
20.31139 11.09626 -4.772002 207 150 123 255 
-20.99332 9.937389 -6.435112 235 201 164 255 
-9.253087 12.14946 -1.07728 255 233 201 255 
-8.931912 12.33115 -0.8531919 253 217 195 255 
-7.107561 12.16899 0.972446 207 95 75 255 
-4.780491 11.33029 0.861186 255 233 199 255 
-3.85088 12.45667 0.4579873 252 236 203 255 
-2.172422 12.45284 1.660408 231 120 90 255 
-0.6170795 12.01439 0.9445836 255 221 185 255 
0.09817711 11.87697 0.8304591 254 235 195 255 
4.829654 12.98844 -0.7751813 255 250 218 255 
12.78607 11.52908 -1.17663 222 115 81 255 
13.83976 11.60399 -2.176992 252 208 163 255 
20.3915 11.00208 -4.777856 222 174 138 255 
-21.05849 9.836446 -6.449353 236 207 175 255 
-15.30042 12.12543 -4.404093 255 241 212 255 
-13.60851 11.41676 -2.141673 244 161 127 255 
-12.18626 11.42072 -1.124784 232 124 95 255 
-6.436574 11.77724 1.196473 236 149 121 255 
-5.561594 11.70613 0.7770103 249 183 151 255 
-3.128869 12.02527 1.551566 242 157 136 255 
0.8719691 12.19597 0.7740008 255 235 198 255 
7.613593 11.71298 0.6768705 224 119 87 255 
10.03689 11.56148 -0.7603792 251 219 172 255 
11.2342 12.66826 -2.089987 249 191 141 255 
11.62014 12.11333 -1.277108 230 126 89 255 
11.79396 11.78193 -0.8568957 224 116 80 255 
14.99004 11.50432 -3.051792 255 243 204 255 
17.04238 11.22557 -3.498785 216 119 76 255 
18.65514 11.12556 -3.883961 212 108 71 255 
20.47006 10.90548 -4.783567 215 183 144 255 
-21.18677 9.635969 -6.476072 246 225 194 255 
-21.12309 9.735956 -6.463217 245 220 189 255 
-19.36749 10.36946 -5.320657 217 122 102 255 
-16.16418 10.1484 -3.917457 238 195 150 255 
-16.06753 10.33527 -4.027678 240 201 162 255 
-11.80881 11.13409 -0.793478 229 132 97 255 
2.621308 12.06295 1.550879 238 131 97 255 
20.547 10.8069 -4.789082 220 200 167 255 
-21.24896 9.536419 -6.48714 238 224 195 255 
-14.89189 10.34254 -3.255742 255 249 227 255 
-13.90043 11.0664 -2.330544 249 190 156 255 
-9.367135 11.10829 -0.3946681 255 240 211 255 
-6.73523 11.90083 1.175564 230 114 91 255 
1.389231 11.96994 1.466877 242 156 121 255 
2.234909 12.64515 1.255439 234 124 91 255 
3.823151 11.82464 0.7175525 255 223 182 255 
4.131842 11.72288 0.6053924 255 245 210 255 
8.999189 11.61994 -0.3748552 255 220 176 255 
20.62187 10.70698 -4.794166 221 210 180 255 
-21.30924 9.43724 -6.495647 233 225 202 255 
-18.93826 10.3344 -4.96883 219 126 95 255 
-17.96435 9.649464 -3.903165 190 92 67 255 
-12.32141 11.25585 -1.007751 222 113 84 255 
-4.944612 11.86205 0.4538687 255 229 195 255 
-1.597829 11.86468 1.791662 231 128 87 255 
0.6288601 11.81336 0.9932833 252 241 211 255 
1.659118 11.76232 1.883209 248 152 112 255 
2.012006 12.55027 1.307158 237 134 99 255 
16.40693 11.20213 -3.366183 237 170 127 255 
18.09178 11.02353 -3.543379 228 131 88 255 
20.12636 11.15259 -4.701414 236 217 185 255 
20.69443 10.60595 -4.798323 227 216 184 255 
-21.3674 9.338423 -6.501125 234 228 206 255 
-15.23482 9.871183 -3.300994 248 230 206 255 
-9.063226 11.15075 -0.1636935 255 243 211 255 
-7.325308 12.03396 1.024511 237 142 112 255 
-4.233225 11.40382 0.9742845 254 252 229 255 
-3.794499 11.49615 1.244343 255 253 228 255 
2.935868 12.04758 1.334334 238 140 105 255 
3.836376 11.14446 1.130969 255 227 190 255 
4.604997 11.79095 0.387414 255 246 211 255 
11.96242 11.58528 -0.690736 224 127 76 255 
13.07039 11.2535 -1.290473 236 139 97 255 
16.66199 10.93531 -3.1126 219 130 90 255 
19.56866 10.72207 -4.24784 242 177 135 255 
20.76447 10.50435 -4.801175 219 214 184 255 
-21.42322 9.239942 -6.503417 238 231 212 255 
-21.32451 9.414834 -6.565104 239 228 208 255 
-18.13398 9.470688 -3.897566 212 121 74 255 
-12.53742 11.04271 -0.9462141 233 128 96 255 
-10.2257 11.10507 -0.8713629 255 223 188 255 
-2.891829 11.96687 1.814293 253 168 127 255 
0.3453615 11.79903 0.9097404 255 243 207 255 
20.83199 10.40256 -4.80205 215 211 184 255 
-21.47667 9.14204 -6.502025 238 233 213 255 
-21.04205 9.538889 -6.430202 244 234 209 255 
-20.68961 9.805201 -6.228768 241 215 180 255 
-14.51623 10.27215 -2.809969 252 235 205 255 
-10.43476 11.09508 -0.9027819 254 209 170 255 
-9.596041 10.95424 -0.4418339 255 244 212 255 
-7.742859 11.11481 1.306277 237 134 101 255 
10.2274 11.4431 -0.6210542 252 208 163 255 
13.69514 10.99409 -1.771701 252 185 142 255 
18.79338 10.74531 -3.742472 237 140 98 255 
20.89356 10.30606 -4.906776 223 218 189 255 
20.89698 10.30088 -4.800752 220 216 189 255 
-21.52775 9.044634 -6.49696 239 237 216 255 
-20.34941 9.705522 -5.914817 253 217 183 255 
-17.93558 10.68744 -4.785374 208 104 77 255 
-14.11573 10.21154 -2.294084 255 232 203 255 
-11.94118 10.75528 -0.4344647 212 98 71 255 
-9.925094 10.98738 -0.6524265 255 235 202 255 
-5.626532 11.15714 1.269506 255 195 159 255 
-1.034549 11.49675 1.59683 228 135 102 255 
1.407949 11.34889 2.065706 250 186 150 255 
12.2171 11.05693 -0.4400474 229 131 84 255 
15.70225 11.16867 -3.158679 255 237 195 255 
20.9596 10.19945 -4.796638 230 225 195 255 
-21.57673 8.947728 -6.48869 241 236 216 255 
-19.14537 9.945448 -4.912646 192 105 75 255 
-7.525494 11.16668 1.465877 238 145 114 255 
-4.418656 11.07739 1.117463 255 250 221 255 
4.912231 11.86207 0.3121109 255 239 205 255 
7.093201 11.95305 0.8973367 215 106 77 255 
9.769254 11.48383 -0.6362522 255 232 188 255 
11.356 11.06432 -0.02535061 207 103 78 255 
12.17738 11.52899 -0.7335804 200 96 69 255 
20.41972 10.38503 -4.801672 251 222 178 255 
21.02016 10.09855 -4.789359 227 222 190 255 
-21.62384 8.851768 -6.476851 241 235 213 255 
-19.91129 9.772101 -5.530193 252 203 171 255 
-19.19798 9.45811 -4.742366 228 147 128 255 
-12.8135 10.32107 -0.6991045 244 149 121 255 
-5.23635 11.4504 0.8491877 252 215 171 255 
-4.241864 10.76205 1.407857 254 252 229 255 
-0.6233327 11.31597 1.475533 255 224 173 255 
6.548232 12.23481 0.7369911 238 140 93 255 
8.575469 11.26015 0.1783249 252 230 180 255 
18.09144 10.60634 -3.182066 225 127 80 255 
20.62165 10.26818 -4.904197 251 232 189 255 
21.07911 9.998397 -4.778258 233 229 192 255 
-21.66923 8.756566 -6.462246 242 235 207 255 
-19.9763 9.031452 -5.370602 255 224 193 255 
-15.68744 9.857788 -3.538591 254 208 182 255 
-12.58856 10.51664 -0.6071926 233 138 106 255 
-10.617 11.11124 -0.9333814 255 205 166 255 
-8.700993 10.84728 0.3948268 255 210 170 255 
-7.22387 11.15462 1.676413 237 152 115 255 
-2.656578 11.92307 1.998731 240 148 123 255 
-2.460814 11.88385 2.093864 244 148 126 255 
-1.868373 11.40085 2.288236 232 122 85 255 
-1.613745 11.11213 2.304332 236 138 103 255 
0.2121055 10.75471 1.73616 254 235 192 255 
0.7514252 11.21889 1.622128 255 219 174 255 
6.03461 11.67887 1.083513 235 129 89 255 
8.324268 11.70136 0.09127007 255 202 158 255 
9.36909 11.11568 -0.1490924 255 232 188 255 
21.13692 9.899134 -4.763155 235 232 189 255 
-21.71312 8.662484 -6.44452 245 238 210 255 
-17.85307 9.956242 -4.096848 214 110 83 255 
-11.16558 10.11234 0.2262585 233 138 108 255 
-7.017478 10.78468 2.005457 218 118 84 255 
-3.29509 11.20476 1.960925 253 237 203 255 
-2.010162 12.3347 1.713413 210 95 77 255 
4.182129 11.32968 0.8486652 255 241 206 255 
5.214729 11.29704 0.9360648 244 171 139 255 
6.492335 11.29677 1.571898 214 98 59 255 
9.024652 11.1157 0.008582723 253 232 189 255 
10.70312 10.94718 0.1109456 238 147 102 255 
13.30176 10.39979 -1.139365 255 189 150 255 
15.25884 10.40975 -2.338422 255 232 191 255 
17.79035 10.02044 -2.540097 235 138 95 255 
21.19412 9.800738 -4.743892 238 233 191 255 
-21.7556 8.569359 -6.424162 248 236 210 255 
-20.29866 8.568463 -5.570504 254 234 207 255 
-16.49508 10.08732 -3.941676 220 119 89 255 
-15.06377 10.1233 -3.307601 252 243 212 255 
-11.98247 10.37957 -0.1174999 207 97 62 255 
-9.823576 10.3548 -0.07328778 255 235 203 255 
-8.54325 10.43778 0.766488 254 226 187 255 
-5.038595 10.48841 1.502184 252 226 193 255 
-3.754559 11.10912 1.552238 255 244 212 255 
0.4771385 10.9164 1.713088 251 235 199 255 
5.842452 10.79054 1.93843 227 126 98 255 
6.649344 10.89034 1.809376 222 116 74 255 
17.22471 10.48689 -2.627642 232 134 99 255 
20.98106 9.902999 -4.872881 242 234 195 255 
21.25109 9.703354 -4.720291 239 230 191 255 
-21.79635 8.47728 -6.401157 248 234 208 255 
-21.33601 9.169123 -6.518828 248 234 208 255 
-13.3151 9.986896 -1.138704 253 237 211 255 
-10.10391 10.2038 -0.008924594 252 204 166 255 
-1.18589 10.72608 2.207655 226 129 96 255 
2.422813 11.36816 2.207942 241 140 94 255 
4.34518 10.92519 1.071017 255 249 215 255 
4.728165 10.70525 1.27279 255 241 204 255 
9.309997 10.49735 0.4828372 255 233 192 255 
15.83578 10.22293 -2.237753 250 217 174 255 
21.3079 9.607002 -4.692037 243 231 191 255 
-21.83522 8.386187 -6.375201 243 227 202 255 
-20.79296 8.832541 -6.049006 255 236 209 255 
-17.68644 8.974949 -3.260467 202 101 81 255 
-15.76401 9.342897 -3.159401 252 197 166 255 
-10.55572 10.21097 0.002028001 248 180 141 255 
-9.494224 10.51155 -0.05752622 255 236 211 255 
-2.330414 11.26601 2.539061 234 146 124 255 
1.819647 11.35687 2.321066 235 143 106 255 
2.75341 11.1614 2.044302 241 143 108 255 
4.571012 10.99134 1.003471 253 249 214 255 
5.404281 10.52594 1.907117 238 154 117 255 
6.205788 10.89929 1.918727 230 131 100 255 
9.658137 10.40737 0.5911927 251 196 142 255 
14.90144 10.52877 -2.339133 252 240 200 255 
21.36475 9.511666 -4.659442 240 226 189 255 
-21.9059 8.206692 -6.314296 244 227 201 255 
-21.87185 8.296031 -6.346451 240 223 197 255 
-17.29633 9.232994 -3.248397 212 104 75 255 
-16.46275 9.706082 -3.583061 240 176 141 255 
-7.867672 10.53793 1.477745 238 151 121 255 
-0.04673247 10.7252 1.739321 255 230 190 255 
3.198502 10.6761 1.8828 249 195 149 255 
9.947474 10.34084 0.7191328 230 126 87 255 
11.77884 10.32649 0.3195211 223 110 78 255 
12.51695 10.7859 -0.5367806 234 130 101 255 
14.38141 11.36682 -2.536274 255 236 191 255 
14.89822 9.790322 -1.771673 255 206 163 255 
16.86658 9.873815 -2.021694 221 112 79 255 
18.97978 10.04181 -3.492667 252 174 138 255 
21.42141 9.417374 -4.622662 236 222 187 255 
-21.93688 8.117984 -6.279068 242 220 197 255 
-18.31702 9.093845 -3.843642 210 120 83 255 
-16.98006 9.124137 -3.063568 217 114 83 255 
-6.513297 10.92437 1.941545 215 102 72 255 
-4.026059 11.09811 1.333891 255 232 201 255 
-2.451081 10.51557 3.058449 240 150 113 255 
-2.158504 10.7039 2.887202 219 98 69 255 
-0.3902498 10.87732 1.697935 255 221 176 255 
2.069032 11.39514 2.327824 228 119 88 255 
7.079658 10.50536 1.719091 224 119 90 255 
9.013055 10.6017 0.4418567 255 235 201 255 
11.16895 10.41315 0.6386729 210 95 66 255 
14.29063 9.830792 -1.572109 255 239 201 255 
16.18808 9.895192 -1.911513 235 135 103 255 
17.46121 10.27443 -2.506189 210 109 79 255 
21.47753 9.32395 -4.58172 236 222 187 255 
-21.96463 8.029782 -6.240155 243 221 197 255 
-15.89082 9.004084 -2.859436 240 171 138 255 
-15.39589 9.416135 -3.082574 255 235 198 255 
-14.06972 9.44052 -1.936462 255 248 222 255 
-12.97095 10.17308 -0.7965528 237 148 116 255 
-7.233074 10.46183 2.100145 228 139 109 255 
-6.249121 9.883101 2.566294 234 130 93 255 
-2.773022 10.59828 2.856012 247 167 130 255 
-1.841215 10.73797 2.705887 228 121 89 255 
0.8892412 10.7528 2.128063 255 220 178 255 
4.646234 10.11779 1.724777 255 236 201 255 
8.034006 10.6923 0.8740357 255 211 169 255 
14.40119 10.8351 -2.261675 255 245 205 255 
19.22979 9.608671 -3.532915 252 220 173 255 
20.80105 9.72696 -4.735896 251 217 171 255 
21.53275 9.23143 -4.537241 236 223 189 255 
-21.9891 7.941897 -6.197895 241 215 188 255 
-21.8502 8.163726 -6.338758 243 217 190 255 
-12.1553 10.1104 -0.007694101 237 144 111 255 
-11.45448 9.798566 0.542963 226 113 79 255 
-10.31064 9.771088 0.385929 248 175 142 255 
-8.862089 10.42198 0.4614508 255 239 196 255 
-7.532113 10.21689 1.99211 236 149 121 255 
-5.312428 10.40221 1.657736 255 199 165 255 
-3.649539 10.35876 2.08494 251 202 169 255 
1.379589 10.82898 2.482467 242 153 113 255 
4.043353 10.37651 1.504612 255 245 213 255 
8.381117 10.46831 0.7995629 255 235 187 255 
10.9354 10.83454 0.2691956 228 116 78 255 
20.15486 9.67098 -4.277635 255 231 186 255 
21.58653 9.139617 -4.489566 232 221 189 255 
-22.01038 7.854158 -6.15231 240 209 181 255 
-20.42368 8.23806 -5.564301 255 241 215 255 
-16.50697 8.771155 -2.664998 223 126 94 255 
-6.775557 10.93806 1.955055 217 120 88 255 
-0.1964986 10.24762 2.046807 255 234 197 255 
1.690563 10.23516 3.05946 237 127 92 255 
3.664869 10.31305 1.712579 255 235 201 255 
5.570824 10.11452 2.38761 236 129 93 255 
10.35411 9.923163 1.283992 235 122 82 255 
11.01956 9.849253 1.155546 218 109 76 255 
15.11503 9.578256 -1.574895 245 153 112 255 
21.54677 9.149901 -4.612134 238 228 193 255 
21.63849 9.048429 -4.439179 236 223 189 255 
-22.02871 7.766508 -6.103566 242 202 176 255 
-21.19872 8.030024 -5.960922 251 226 196 255 
-12.28543 9.157225 0.4303401 240 150 123 255 
-11.08675 9.725465 0.5947441 239 144 112 255 
-9.36803 9.614736 0.5982963 255 255 227 255 
0.206346 9.924266 2.282271 255 242 211 255 
6.85852 10.69522 1.79588 237 134 101 255 
7.550795 10.50964 1.32917 250 199 156 255 
8.543494 9.972012 1.088696 255 231 186 255 
20.36585 9.121005 -4.120439 251 219 168 255 
21.15491 9.439333 -4.734744 252 222 172 255 
21.68847 8.957599 -4.386894 238 225 190 255 
-22.04479 7.678808 -6.052311 249 199 174 255 
-19.39437 9.040839 -4.776256 254 210 181 255 
-17.27165 8.820951 -2.912372 212 109 92 255 
-14.47599 8.914817 -2.105025 254 244 219 255 
-4.802902 10.43961 1.506665 255 220 184 255 
-2.958656 10.60865 2.693809 255 204 170 255 
-2.6217 10.55283 2.978439 245 150 106 255 
-0.8391436 10.69587 1.999192 255 224 179 255 
4.224056 10.01962 1.705655 253 243 208 255 
5.004223 10.51803 1.607445 255 220 178 255 
19.92164 9.121959 -3.854482 253 231 182 255 
21.50568 8.731234 -4.394868 239 223 187 255 
21.73619 8.86713 -4.333181 234 219 180 255 
-22.05912 7.591094 -5.99917 234 174 150 255 
-18.49971 8.744997 -3.868136 220 129 98 255 
2.442577 10.26945 2.737448 245 151 115 255 
7.10378 10.0068 1.908801 255 199 161 255 
9.387624 10.08385 0.9172756 232 118 82 255 
12.4873 9.598604 -0.0486258 255 214 172 255 
17.15185 9.614922 -1.986497 209 117 92 255 
17.76572 9.471869 -2.312854 231 145 118 255 
21.78173 8.776897 -4.27868 237 215 174 255 
-22.07263 7.503329 -5.944468 212 141 121 255 
-18.7594 8.314646 -4.000853 244 182 145 255 
-15.05876 8.711883 -2.331155 255 234 198 255 
-13.75455 8.965602 -1.387344 254 205 175 255 
-10.79239 9.225014 0.9800802 237 138 106 255 
-6.153504 11.01792 1.72105 244 146 107 255 
-4.765246 9.615989 2.057818 255 221 181 255 
-3.857631 10.11707 2.034672 254 243 215 255 
-1.646811 10.14959 2.896816 232 138 102 255 
0.6844198 9.915906 2.580003 253 216 172 255 
2.001022 10.36106 2.950218 230 124 82 255 
2.168128 10.33173 2.890873 239 144 100 255 
2.625738 9.996457 2.704957 249 165 129 255 
3.289372 10.2315 2.019451 253 204 164 255 
10.64796 9.661833 1.453525 205 85 58 255 
11.37989 9.467064 1.038732 219 108 78 255 
14.54806 8.967757 -0.7913625 251 188 134 255 
18.77667 8.898008 -2.936237 251 209 159 255 
21.01205 8.542404 -4.047444 248 213 157 255 
21.82565 8.686504 -4.224372 240 215 174 255 
-22.08595 7.415473 -5.889308 209 134 115 255 
-20.98722 8.185847 -5.928672 254 235 205 255 
-19.89639 8.358396 -5.14195 255 218 189 255 
-9.576575 9.422695 0.6574711 254 227 184 255 
-9.206054 9.176024 0.9364618 255 233 201 255 
-9.010036 9.592111 0.794154 255 242 208 255 
-8.193718 9.743365 1.448972 241 169 131 255 
-5.535834 10.10538 1.993326 248 173 134 255 
-2.256051 9.768171 3.484363 212 88 60 255 
6.299865 10.38632 2.268351 230 116 80 255 
15.29571 9.307059 -1.214862 231 134 91 255 
16.48783 9.932277 -1.978007 246 163 119 255 
19.13087 8.711811 -3.116023 255 223 172 255 
21.86844 8.596052 -4.170706 236 198 153 255 
-22.10012 7.327689 -5.834147 217 138 121 255 
-17.24584 8.443273 -2.65768 207 104 85 255 
-12.78844 9.100516 -0.1505961 255 204 173 255 
-12.08234 9.292619 0.5626408 235 150 121 255 
-8.45073 9.527586 1.266512 252 232 197 255 
-5.049455 9.503819 2.193713 255 223 184 255 
-4.000305 9.642518 2.22769 252 246 214 255 
-2.603964 9.497116 3.583464 240 155 114 255 
-2.029708 9.704785 3.450546 210 89 62 255 
1.180306 9.720979 3.213042 245 171 134 255 
6.405446 10.02146 2.430516 237 142 98 255 
7.746749 9.918582 1.470332 255 228 188 255 
13.17045 9.602663 -0.6594563 255 237 196 255 
14.35039 9.24213 -1.053231 252 204 155 255 
15.32514 8.971677 -0.8104656 226 124 76 255 
18.26495 9.551467 -2.710747 255 197 139 255 
21.91063 8.505334 -4.118327 210 152 114 255 
-22.11584 7.239956 -5.779774 212 131 112 255 
-21.26628 7.474184 -5.666118 252 223 191 255 
-16.87493 8.846939 -2.790034 215 116 85 255 
-6.994265 9.604853 2.705756 240 153 126 255 
-4.52211 10.61224 1.409535 255 238 205 255 
-4.166792 9.204294 2.405027 255 240 210 255 
3.700092 9.695161 2.010563 255 241 204 255 
5.240223 9.790831 2.431473 239 148 117 255 
10.00161 9.582596 1.56357 239 128 83 255 
21.95308 8.414182 -4.068029 206 139 110 255 
-22.13387 7.152391 -5.726806 198 120 98 255 
-21.68727 7.460832 -5.818881 245 196 164 255 
-19.65193 7.720735 -4.749479 255 230 200 255 
-11.19338 8.753666 1.351675 222 107 76 255 
-6.557057 10.04752 2.537753 217 108 75 255 
-3.497275 9.32141 2.856601 249 189 153 255 
0.04381059 10.27379 2.031026 250 235 196 255 
8.124632 9.839614 1.319058 255 240 200 255 
11.90204 9.963999 0.3815905 236 137 96 255 
16.37362 9.25648 -1.311282 232 152 115 255 
20.31441 8.260399 -3.53095 243 202 140 255 
21.79443 8.402667 -4.026949 222 165 112 255 
21.99647 8.32253 -4.020281 208 146 109 255 
-22.15493 7.064907 -5.675729 193 111 90 255 
-20.77046 7.464459 -5.408612 251 232 202 255 
-15.27217 8.518569 -2.25956 239 164 141 255 
-14.44453 9.368949 -2.318451 255 243 211 255 
-8.890602 8.761514 1.308726 255 235 198 255 
-5.41115 9.303886 2.499064 254 198 163 255 
-2.916217 9.83136 3.180953 245 158 128 255 
-1.877842 9.5217 3.45924 219 123 99 255 
4.561812 9.25293 2.371088 254 215 172 255 
5.858993 9.750907 2.781577 226 107 73 255 
8.458533 9.344114 1.548864 255 235 194 255 
9.043816 9.761302 1.208924 255 230 187 255 
9.305573 9.640934 1.329985 239 157 109 255 
12.60555 9.14677 0.02530283 255 229 184 255 
13.93996 9.285197 -0.9497755 255 236 186 255 
22.04153 8.230282 -3.975399 213 159 113 255 
-22.17948 6.977593 -5.627003 196 120 96 255 
-17.58866 8.206547 -2.807034 227 137 103 255 
-14.50861 8.587776 -1.924552 255 239 211 255 
-13.958 8.276427 -1.311076 250 244 210 255 
-13.47149 8.153358 -0.7502881 255 240 209 255 
-12.86175 8.446492 -0.08131143 255 239 201 255 
-12.28647 8.764191 0.5510315 249 171 132 255 
-11.69159 9.482567 0.7173744 232 129 96 255 
-8.687434 9.526233 1.05396 255 233 197 255 
-6.778558 9.65016 2.76439 233 154 111 255 
-5.922029 9.335807 2.783927 238 139 108 255 
13.53333 9.141004 -0.6336461 255 240 199 255 
17.22224 8.639688 -1.581122 243 168 128 255 
19.43743 8.366925 -3.103517 250 216 155 255 
22.08848 8.137334 -3.933707 217 167 118 255 
-22.20797 6.890368 -5.581112 203 138 106 255 
-20.01397 7.392455 -4.904707 255 232 200 255 
-19.03264 7.074527 -4.033497 255 230 200 255 
-18.49622 8.030966 -3.685268 247 209 173 255 
-15.72105 8.265168 -2.092919 206 97 66 255 
-10.10727 9.194019 0.8299079 245 178 135 255 
-6.538174 9.068548 3.135957 218 123 91 255 
-2.954641 8.994393 3.584938 244 162 138 255 
-1.133029 9.854329 2.632715 236 156 121 255 
0.4766859 10.14679 2.270031 254 241 206 255 
1.403771 9.680312 3.421307 243 156 136 255 
3.181237 9.442458 2.412064 246 167 128 255 
10.51388 9.861655 1.346899 237 130 94 255 
22.1378 8.043704 -3.895666 200 143 98 255 
-22.24067 6.803059 -5.53808 201 132 99 255 
-21.90611 7.050251 -5.585493 216 135 106 255 
-17.83274 7.914385 -2.952245 235 148 118 255 
-11.61738 8.432125 1.286513 240 142 115 255 
-0.4891142 10.2983 2.071477 255 223 185 255 
4.209013 9.294434 2.212176 254 236 198 255 
6.549509 9.490109 2.57416 232 135 103 255 
9.442975 9.122498 1.840876 246 161 120 255 
12.97139 8.947756 -0.154769 255 235 191 255 
15.36193 8.648465 -0.470702 222 116 74 255 
17.87834 8.322089 -2.02227 248 217 163 255 
22.18939 7.949358 -3.861125 191 123 88 255 
-22.27745 6.715612 -5.498068 211 148 113 255 
-17.07423 7.895033 -2.266445 223 125 90 255 
-15.64509 7.483467 -1.342652 214 112 74 255 
-9.875102 9.392668 0.657052 254 211 176 255 
-7.368502 9.096944 2.655336 251 222 188 255 
2.509335 9.158244 3.192525 245 169 133 255 
3.874385 9.344831 2.172 255 245 210 255 
8.679779 8.858589 1.888924 253 211 171 255 
15.79587 8.819843 -0.7406548 207 98 67 255 
16.61178 8.899693 -1.225201 235 164 118 255 
16.76429 8.103141 -1.087484 245 172 129 255 
22.24306 7.854132 -3.830575 180 105 76 255 
-22.36296 6.539243 -5.427397 177 105 83 255 
-22.31832 6.627721 -5.461273 202 133 100 255 
-18.06227 7.552874 -3.120257 226 142 106 255 
-14.53839 8.12385 -1.632065 255 222 192 255 
-12.79824 7.832033 0.1023138 254 239 206 255 
-11.49536 8.627815 1.280435 230 120 85 255 
-2.101923 9.066884 3.83409 243 159 115 255 
-0.8291801 9.50074 2.614765 253 214 175 255 
5.933095 9.333302 3.036447 235 117 79 255 
8.371994 8.783614 1.918661 255 240 197 255 
13.41152 8.626095 -0.177098 252 239 187 255 
13.88854 8.559992 -0.2742797 254 216 169 255 
18.42899 8.266827 -2.428409 239 211 163 255 
18.72051 7.895129 -2.441951 233 203 151 255 
22.29842 7.758215 -3.803683 169 83 60 255 
-22.41081 6.449908 -5.396781 180 102 82 255 
-21.57451 6.559435 -5.079731 214 127 97 255 
-19.42281 7.185335 -4.391108 252 233 203 255 
-18.85902 7.305253 -3.91902 255 231 203 255 
-16.41315 7.744513 -1.780589 207 94 64 255 
-14.88108 8.065637 -1.731346 253 195 158 255 
-13.86734 7.574934 -0.8442842 255 221 193 255 
-8.101345 8.385909 2.079565 255 233 195 255 
-4.534223 9.045466 2.412165 255 227 189 255 
-4.133968 8.710251 2.660429 255 228 194 255 
5.594077 9.079141 3.27035 225 101 63 255 
7.390348 9.082065 2.065202 254 228 191 255 
15.88753 8.497368 -0.5630443 208 97 69 255 
19.67761 7.825401 -2.876961 249 204 137 255 
20.54231 7.715386 -3.217799 242 180 129 255 
21.47427 7.845405 -3.599165 204 136 97 255 
22.18557 7.711432 -3.697918 171 84 64 255 
22.35496 7.661375 -3.78064 172 90 68 255 
-22.46133 6.35963 -5.368964 182 103 86 255 
-16.21676 7.793611 -1.745051 196 84 64 255 
-14.26716 7.212542 -0.8410129 251 204 174 255 
-6.297385 9.341032 2.94227 231 127 88 255 
-0.455389 9.100437 2.68787 255 226 185 255 
4.945469 9.117267 2.833493 252 218 172 255 
5.410003 9.183475 3.140357 235 136 94 255 
22.41214 7.563796 -3.761117 169 91 68 255 
-22.51396 6.268054 -5.344297 177 99 86 255 
-17.39127 6.986253 -2.345823 230 131 100 255 
-10.54018 8.71187 1.338887 240 148 111 255 
-9.823597 8.119377 1.531639 253 179 144 255 
1.052812 9.277546 3.446546 255 199 172 255 
1.891721 9.665665 3.439213 229 119 84 255 
6.973297 9.092435 2.368036 255 196 157 255 
10.48585 9.043244 1.85191 215 91 53 255 
11.07141 9.091408 1.438979 239 151 111 255 
12.97066 8.541137 0.09032664 255 237 191 255 
19.18189 7.608393 -2.494353 238 201 146 255 
21.1717 8.139745 -3.748329 204 152 115 255 
22.46944 7.465333 -3.745292 175 100 77 255 
-22.56819 6.17502 -5.322796 174 100 91 255 
-12.12327 7.827135 0.9088999 253 210 175 255 
-5.279959 8.542229 2.908942 238 162 130 255 
-3.8234 9.036152 2.690569 255 232 200 255 
-0.7172484 8.713737 2.961796 255 221 181 255 
1.586606 8.836618 3.955255 234 124 91 255 
1.921147 8.295244 4.067997 244 151 110 255 
4.151131 8.462868 2.870665 252 237 204 255 
6.409455 8.787604 2.944983 239 142 107 255 
12.66943 8.285316 0.4215314 254 235 192 255 
22.52625 7.366115 -3.733 179 101 78 255 
-22.62345 6.080556 -5.30414 172 103 96 255 
-19.96465 6.501644 -4.414624 250 205 166 255 
-19.66314 6.765041 -4.395103 255 230 202 255 
-10.9369 8.773938 1.371786 232 134 97 255 
-8.878804 8.096187 1.633122 255 229 197 255 
-3.744248 8.128633 3.143563 255 228 194 255 
-1.251755 8.908353 3.220868 242 156 133 255 
-0.3620994 8.492648 3.007222 255 237 197 255 
0.1012105 8.579235 3.074384 254 238 204 255 
8.723601 8.476132 2.19822 247 168 129 255 
9.813001 8.338263 2.534154 215 88 53 255 
11.49999 8.359988 1.252856 242 171 125 255 
14.77669 8.003095 0.2192888 216 108 79 255 
17.71021 7.851307 -1.767738 255 221 181 255 
21.29464 7.324911 -3.172752 194 151 106 255 
22.58225 7.266127 -3.723777 178 102 78 255 
-22.67935 5.984561 -5.288649 181 115 103 255 
-21.96392 5.911026 -4.804526 218 135 105 255 
-20.55511 6.419261 -4.622685 239 170 129 255 
-11.59863 7.924005 1.452642 239 153 118 255 
-8.456349 8.284456 1.802613 255 242 207 255 
-4.954859 8.698606 2.668892 255 215 179 255 
-1.699397 9.004333 3.588189 239 142 110 255 
0.4824456 9.038013 3.051652 254 230 196 255 
1.598444 9.669724 3.477224 235 126 93 255 
7.757899 9.102895 1.861473 255 240 201 255 
9.466208 8.307387 2.614392 227 115 78 255 
10.73472 8.555415 1.862938 227 119 80 255 
12.00322 8.470675 0.7975608 253 215 168 255 
12.22163 8.296383 0.6963938 250 224 187 255 
15.80656 8.062984 -0.3177873 227 135 96 255 
18.13338 7.431196 -1.905487 242 211 167 255 
22.63694 7.165395 -3.717781 175 101 76 255 
-22.73556 5.887041 -5.27632 181 117 92 255 
-9.684492 8.3016 1.386782 255 206 166 255 
-7.179008 9.257311 2.757812 230 139 110 255 
-5.937726 8.49089 3.351612 225 120 88 255 
1.231099 8.044733 4.416009 238 128 101 255 
2.1644 8.860604 3.637059 241 147 119 255 
6.128056 9.271096 2.968942 226 115 72 255 
16.18799 7.829559 -0.5503083 250 182 135 255 
22.68995 7.064095 -3.714214 182 115 88 255 
-22.7918 5.788083 -5.267139 183 118 90 255 
-21.33 6.063394 -4.636627 230 155 116 255 
-14.97834 7.527462 -1.302183 251 187 160 255 
-13.35983 7.628808 -0.4395567 253 240 205 255 
-11.89844 7.948997 1.148203 244 158 125 255 
-7.671291 8.078215 2.59845 255 200 159 255 
3.566385 8.317344 2.886111 254 236 198 255 
3.89797 8.518846 2.748122 254 236 198 255 
5.861375 8.131601 3.674828 237 137 101 255 
9.312322 8.355894 2.54114 243 148 102 255 
14.73823 8.33478 -0.1131652 221 112 69 255 
15.22344 7.998303 0.07713924 209 104 82 255 
22.67488 6.985748 -3.645843 196 129 103 255 
22.74111 6.962224 -3.713078 206 136 111 255 
-22.84815 5.687717 -5.261259 182 120 97 255 
-16.74537 7.847415 -2.021853 222 123 94 255 
-15.34598 6.884058 -0.7396787 211 111 79 255 
-10.49415 7.968128 1.843155 242 154 118 255 
-9.446166 8.300987 1.39483 255 231 194 255 
-6.838448 7.822883 3.543602 234 146 110 255 
-5.64056 8.111843 3.418267 230 136 110 255 
-3.331884 8.409573 3.446956 254 237 212 255 
-2.864297 8.4839 3.957926 232 134 91 255 
-2.203825 8.418103 4.239955 231 144 127 255 
2.931099 8.667979 3.038416 250 185 145 255 
6.453957 8.29505 3.060973 247 173 126 255 
15.34996 7.670277 0.1815621 234 142 101 255 
17.31648 7.097167 -1.322634 251 232 192 255 
22.79017 6.859822 -3.713745 196 121 100 255 
-22.90455 5.586138 -5.258341 190 130 104 255 
-22.51064 5.671643 -5.01471 197 139 102 255 
-18.57185 6.195788 -3.426306 255 244 218 255 
-17.59007 6.101016 -2.469501 255 230 193 255 
-6.246603 8.3416 3.534571 228 115 81 255 
-4.372878 7.785419 3.003884 255 227 203 255 
-2.617687 8.365166 4.209409 227 126 95 255 
19.35756 7.215808 -2.302311 241 190 133 255 
21.92245 7.421005 -3.489757 203 130 97 255 
22.83672 6.757043 -3.715734 190 115 92 255 
-22.96085 5.483432 -5.258374 194 136 112 255 
-9.761521 7.324292 2.097607 248 178 142 255 
-8.72254 7.231032 2.059568 254 234 197 255 
-6.717639 8.479252 3.365785 229 129 103 255 
1.069989 8.054156 4.338601 248 163 124 255 
5.588348 8.194587 3.848006 233 114 84 255 
7.330624 8.002691 2.489271 255 240 204 255 
10.25928 7.848353 2.466561 251 199 152 255 
14.40297 7.538182 0.7644414 221 109 72 255 
20.5917 7.0622 -2.684081 209 115 79 255 
22.88065 6.654152 -3.71823 202 136 104 255 
-23.01733 5.37987 -5.261014 180 124 109 255 
-20.35885 5.944354 -4.190752 225 139 104 255 
-18.37798 6.510176 -3.330348 254 237 209 255 
-18.0452 6.468558 -2.999497 255 235 201 255 
-8.963249 7.093814 2.077599 255 219 182 255 
-9.199652 8.241014 1.470645 255 227 188 255 
-8.076909 7.894639 2.229672 255 230 193 255 
-0.9102288 8.776244 3.030135 252 207 166 255 
-0.1585547 8.467121 3.043065 255 246 215 255 
5.143699 8.27608 3.862822 229 114 87 255 
5.332135 8.139671 3.980627 217 98 66 255 
7.109561 8.002397 2.61304 250 231 191 255 
8.090899 9.022758 1.796458 255 239 196 255 
12.16132 7.490191 1.096937 255 243 206 255 
12.91281 7.85281 0.6077072 255 238 196 255 
13.449 7.901212 0.4456778 252 189 138 255 
13.25567 7.318498 0.9946268 227 125 87 255 
22.92175 6.551168 -3.720922 218 158 121 255 
-23.07382 5.275455 -5.266258 193 135 121 255 
-19.79344 6.010772 -4.044087 254 214 188 255 
-16.41666 7.031311 -1.387336 225 127 90 255 
-13.92588 7.16856 -0.6497821 255 222 183 255 
-10.80928 7.358544 2.20329 219 119 83 255 
-10.49282 7.449969 2.199458 228 125 90 255 
-1.62257 8.163752 3.988954 250 185 157 255 
-0.575433 8.507067 3.031135 255 242 203 255 
0.8325961 8.777515 3.599978 243 161 123 255 
7.978601 7.416421 2.71628 255 235 194 255 
13.90197 7.56858 0.7473348 224 112 75 255 
15.09356 7.23002 0.5584292 226 129 96 255 
16.55511 6.904767 -0.6533597 255 216 173 255 
16.93748 7.294258 -1.102087 254 233 190 255 
18.78598 6.900022 -1.938916 254 210 171 255 
22.95976 6.448216 -3.723173 225 182 137 255 
-23.13041 5.170485 -5.273446 188 136 115 255 
-21.68281 5.82949 -4.616845 221 129 92 255 
-19.3646 6.027958 -3.884828 255 230 203 255 
-18.90771 5.954136 -3.594156 255 237 213 255 
-14.07266 6.84551 -0.4992403 255 206 167 255 
-12.10703 6.554514 1.057685 253 237 204 255 
0.4050502 7.812381 3.840511 253 210 167 255 
1.463118 8.106812 4.40164 238 137 95 255 
3.308779 8.688856 2.767429 255 244 212 255 
3.593202 7.715585 3.250479 255 243 208 255 
7.469506 7.73165 2.553266 253 230 186 255 
9.088978 7.603634 2.99877 239 162 120 255 
18.31044 6.973095 -1.800127 255 235 196 255 
21.02995 6.750338 -2.687079 200 102 63 255 
20.01439 6.036218 -1.761937 206 108 79 255 
22.53601 6.79402 -3.562547 232 187 146 255 
23.02569 6.163022 -3.753245 230 193 149 255 
22.9947 6.345509 -3.724332 224 197 152 255 
-23.18697 5.064982 -5.282261 193 143 118 255 
-22.75518 5.45224 -5.095844 201 149 125 255 
-22.01722 5.15186 -4.534461 199 123 97 255 
-21.88013 5.447667 -4.538441 219 127 102 255 
-13.60517 7.169012 -0.470197 255 240 207 255 
-11.04885 7.47665 2.027425 243 144 115 255 
-0.05582704 7.662493 3.597307 255 237 205 255 
0.1477102 7.765178 3.647285 254 236 200 255 
2.100412 8.114838 3.988111 248 166 128 255 
9.957417 8.040672 2.612257 225 106 72 255 
11.74746 7.566323 1.309704 251 237 200 255 
23.02657 6.243036 -3.723931 227 203 159 255 
-23.24319 4.959142 -5.292364 197 148 118 255 
-17.88632 5.761905 -2.703591 255 240 214 255 
-11.25912 7.086089 1.978428 249 155 121 255 
-8.462354 7.397748 2.099005 255 230 190 255 
-3.554552 7.398759 3.709044 255 228 194 255 
-1.952599 8.154936 4.266162 230 159 129 255 
-0.7792722 7.29176 3.820228 255 218 177 255 
2.690579 7.625336 3.607479 245 161 127 255 
4.992344 8.387705 3.684036 241 156 119 255 
7.645292 7.372012 2.70806 255 234 197 255 
12.34 7.243889 1.162012 254 241 199 255 
12.77753 7.352094 0.9932826 254 229 188 255 
20.06967 6.923138 -2.333505 213 139 104 255 
21.59921 6.165858 -2.822363 223 141 104 255 
23.05552 6.140992 -3.721633 233 210 168 255 
-23.299 4.853149 -5.30295 203 147 122 255 
-18.83928 5.538626 -3.35404 254 224 188 255 
-18.14711 5.559792 -2.871231 255 236 211 255 
-16.46511 5.992446 -1.17188 230 146 110 255 
-16.79048 7.105565 -1.74387 215 105 78 255 
-14.62206 6.69398 -0.4541332 223 120 89 255 
-9.210893 7.12583 2.069908 255 203 163 255 
-7.68557 7.172277 2.74743 253 231 194 255 
-7.021771 7.740115 3.389879 235 146 116 255 
2.882033 7.489789 3.539558 255 232 190 255 
4.017869 6.98832 4.012887 244 155 125 255 
21.36895 6.535952 -2.785344 226 133 92 255 
22.75312 6.017015 -3.560612 239 206 161 255 
23.08193 6.039488 -3.717107 240 212 173 255 
-23.35394 4.747252 -5.313515 199 141 119 255 
-20.73253 5.310084 -3.928231 215 125 91 255 
-13.56356 6.143834 0.05196854 255 208 175 255 
-5.117622 7.292772 3.580613 248 201 181 255 
-3.743036 7.510974 3.453712 255 228 194 255 
-2.414156 8.67779 4.115158 231 132 91 255 
3.967478 7.834941 3.303035 255 240 204 255 
8.913392 7.19896 3.291035 232 127 82 255 
9.744029 7.070914 3.019112 226 121 89 255 
11.48325 6.874109 1.723814 255 243 201 255 
23.10622 5.938415 -3.710209 246 218 179 255 
-23.40748 4.641366 -5.323597 205 147 123 255 
-17.06 7.143015 -2.018652 212 97 76 255 
-4.154043 7.317656 3.33124 255 228 194 255 
-2.777933 7.878458 4.340502 230 130 93 255 
-1.203734 7.603256 3.90486 238 176 135 255 
-1.050213 7.411548 3.898586 250 206 161 255 
11.23286 7.554905 1.70077 255 225 178 255 
14.8044 7.380027 0.7095708 227 122 90 255 
19.877 6.259226 -1.806832 201 102 79 255 
23.12886 5.838054 -3.700584 246 221 181 255 
-23.45927 4.535791 -5.33253 228 177 146 255 
-14.23199 6.544422 -0.2918926 243 182 151 255 
-6.376081 7.940207 3.733063 234 133 89 255 
-5.766536 7.006747 4.171589 235 138 96 255 
-5.528962 7.228291 3.899912 233 158 129 255 
1.91125 7.612761 4.341173 238 141 106 255 
3.077692 7.223237 3.58317 255 234 200 255 
4.323255 8.1752 3.273244 255 220 178 255 
6.842391 8.06775 2.78159 249 200 157 255 
7.490561 6.630079 3.260626 255 237 194 255 
17.22203 6.206174 -0.913053 253 236 193 255 
23.15038 5.738275 -3.688401 245 222 181 255 
-23.50887 4.43075 -5.339659 231 192 161 255 
-21.73006 4.346268 -4.165798 219 136 104 255 
-15.26406 5.995227 -0.05036714 212 102 67 255 
-14.76572 5.910161 0.2180635 210 100 65 255 
-12.42647 6.432549 0.7216924 255 246 211 255 
-4.418575 7.134918 3.418807 255 228 194 255 
0.6206445 7.183117 4.511329 248 198 161 255 
2.803784 6.866281 3.907577 254 225 185 255 
5.656769 7.020602 4.164502 234 138 100 255 
8.699433 7.323152 3.087516 242 153 109 255 
11.26847 7.223095 1.753754 255 240 202 255 
13.40779 6.897101 1.440639 236 133 90 255 
14.61213 7.446693 0.7801685 219 101 61 255 
23.17139 5.639225 -3.673478 243 219 181 255 
-23.5559 4.326236 -5.34451 234 203 172 255 
-22.66062 4.93921 -4.955009 216 132 108 255 
-21.02065 5.032366 -3.897536 201 96 74 255 
-20.12953 4.709056 -3.351151 219 129 103 255 
-12.63595 6.228642 0.5650872 255 244 212 255 
-8.580029 6.361642 2.468024 255 238 203 255 
-7.438751 6.57973 3.174252 255 234 202 255 
-4.017127 7.705427 3.139335 255 228 194 255 
1.757495 8.405021 4.123369 241 147 113 255 
3.337436 7.45341 3.402158 255 237 202 255 
4.531414 7.503839 4.030722 222 115 83 255 
7.201653 7.028751 3.005102 252 229 188 255 
11.77382 6.786226 1.620587 255 246 205 255 
12.48807 6.702842 1.524778 255 233 191 255 
15.54761 7.04642 0.2220073 246 166 129 255 
18.63071 6.363371 -1.516677 241 170 128 255 
19.54889 6.611831 -1.915548 222 124 77 255 
23.19238 5.540826 -3.655821 233 220 186 255 
-23.60014 4.22239 -5.34691 233 213 186 255 
-22.90155 4.380509 -5.038543 227 172 133 255 
-13.26727 6.114133 0.1734856 253 243 208 255 
-11.45685 6.695273 1.821464 254 180 151 255 
-10.19003 6.564609 2.713324 235 131 96 255 
-7.894686 6.861746 2.628423 254 235 203 255 
0.1733864 7.133647 4.12742 255 227 185 255 
0.8319322 7.228577 4.659436 242 155 125 255 
13.69694 6.797615 1.52505 222 109 69 255 
16.1006 6.16865 -0.09988509 255 240 199 255 
16.70123 6.326861 -0.6087656 255 236 194 255 
23.2137 5.443137 -3.635262 238 225 191 255 
-23.64149 4.119344 -5.346215 233 217 191 255 
-23.2684 4.471211 -5.275012 240 215 185 255 
-10.6553 7.380476 2.233672 223 114 75 255 
-9.431941 6.728199 2.396775 250 180 144 255 
-4.781091 7.52342 3.2286 255 228 194 255 
0.5519479 6.62593 4.853665 252 208 173 255 
1.178363 7.34201 4.763815 239 149 112 255 
1.467972 7.276287 4.759319 231 136 104 255 
2.411174 6.704179 4.270666 254 193 148 255 
5.103091 7.162984 4.451457 211 97 60 255 
8.492847 6.604433 3.811737 221 120 78 255 
9.265861 7.281115 3.212298 234 125 82 255 
17.55557 6.065404 -0.9802377 254 230 192 255 
22.96362 5.600382 -3.606301 242 222 187 255 
23.23589 5.346142 -3.612112 235 224 192 255 
-23.67982 4.016991 -5.342751 237 220 194 255 
-21.21038 4.773739 -3.900525 209 119 84 255 
-15.6759 5.474798 -0.2267267 226 128 93 255 
-15.27866 5.804488 0.04098821 209 109 86 255 
-3.521532 6.554384 4.252952 255 228 194 255 
-2.30636 7.229772 4.917181 234 136 96 255 
-0.4881358 7.351533 3.722729 254 227 184 255 
-0.2718801 6.743081 4.165301 255 230 193 255 
8.722122 6.635528 3.82751 225 117 78 255 
21.96663 5.386316 -2.88008 250 201 145 255 
23.25904 5.249844 -3.586367 237 232 200 255 
-23.71546 3.915487 -5.336031 239 221 197 255 
-18.83471 4.714126 -2.830617 240 169 139 255 
-13.19165 5.272803 0.6976271 255 217 181 255 
-11.91386 6.092355 1.317518 253 230 196 255 
-10.69048 6.857675 2.456477 231 131 95 255 
-5.381023 6.274668 4.476755 246 167 136 255 
-0.01735367 6.643785 4.35293 255 222 181 255 
3.473945 6.888565 3.780924 254 235 205 255 
5.355003 7.044126 4.390642 227 121 82 255 
9.417555 7.096612 3.247936 241 151 99 255 
15.73597 6.31654 0.1790358 253 220 175 255 
23.28354 5.15414 -3.558349 237 233 198 255 
-23.74844 3.81464 -5.326396 241 225 200 255 
-19.42998 5.4913 -3.622153 235 152 118 255 
-13.88148 5.64465 0.4303211 218 112 86 255 
-9.857481 6.468608 2.733746 228 123 93 255 
-7.50336 6.215829 3.217751 255 230 195 255 
-2.805992 7.036841 4.794194 233 135 91 255 
-2.616337 7.053986 4.940482 233 135 91 255 
-2.449473 7.101555 4.980993 233 128 92 255 
-1.830211 7.183443 4.690002 228 120 92 255 
4.441551 6.604725 4.670537 214 109 79 255 
6.239203 6.665073 3.702618 252 189 145 255 
14.03675 6.307833 1.645254 239 131 95 255 
14.59234 6.452667 1.176154 238 140 103 255 
21.15237 5.695144 -2.385021 233 161 123 255 
23.15498 5.186466 -3.633898 244 232 190 255 
23.30933 5.058978 -3.528222 237 233 195 255 
-23.77913 3.714699 -5.313813 242 227 204 255 
-14.47144 5.862834 0.2905166 211 98 68 255 
-11.25775 6.068689 2.077533 247 172 141 255 
-8.882778 5.584568 2.957848 252 181 149 255 
-8.840409 6.077212 2.624585 255 207 171 255 
-8.301563 6.60085 2.460356 255 239 206 255 
-7.771581 5.930356 3.082512 255 236 204 255 
-5.995461 7.063066 4.198546 240 144 106 255 
0.731377 6.602468 5.025188 242 156 129 255 
1.89916 6.936229 4.628344 245 163 125 255 
4.862313 7.270095 4.386129 209 89 65 255 
6.784413 6.712763 3.32353 254 235 195 255 
8.026657 6.732233 3.379781 243 170 127 255 
11.71875 6.270334 1.913318 254 235 193 255 
18.00321 6.120893 -1.164529 242 163 130 255 
23.33662 4.964339 -3.496298 241 236 196 255 
-23.80755 3.615304 -5.298644 243 228 205 255 
-21.31268 4.397494 -3.879094 212 123 91 255 
-18.32343 4.72642 -2.606929 255 205 171 255 
-17.41706 4.843933 -2.000939 255 236 204 255 
-15.22066 5.380723 0.2206862 228 132 94 255 
-3.772711 6.473624 4.090081 255 228 194 255 
-2.33638 6.340034 5.330673 237 124 80 255 
-2.122473 6.881742 5.025996 228 129 87 255 
6.55974 7.106205 3.315273 255 230 187 255 
9.948372 6.849863 2.906183 254 198 147 255 
10.57219 7.049048 2.324053 255 218 173 255 
15.78867 5.555109 0.3548953 254 230 184 255 
18.9355 5.753222 -1.111341 231 122 89 255 
19.1194 5.338433 -0.8994615 210 106 81 255 
20.37109 5.710878 -1.872102 223 147 111 255 
20.53025 5.163144 -1.838314 245 181 145 255 
23.36526 4.870166 -3.462741 235 227 191 255 
-23.83417 3.51667 -5.280708 240 228 206 255 
-23.02196 3.539315 -4.956351 247 229 193 255 
-17.80081 4.518922 -2.189954 255 223 188 255 
-12.77057 5.908063 0.547195 255 241 210 255 
-10.93437 6.720716 2.342283 230 131 99 255 
-8.559693 5.735949 2.80118 255 228 194 255 
4.939508 6.593146 4.692519 200 79 58 255 
5.300673 6.50279 4.549438 207 91 66 255 
12.81293 6.102133 2.059384 234 130 95 255 
18.17449 5.507644 -0.7192787 231 128 93 255 
22.48162 5.159586 -3.160161 250 231 191 255 
23.39526 4.776492 -3.427703 236 223 189 255 
-23.85894 3.418692 -5.260331 241 226 203 255 
-18.16006 4.16002 -2.160883 253 194 162 255 
-15.81908 4.972359 -0.3165668 251 188 145 255 
-15.31582 5.035428 0.2015683 229 132 99 255 
-8.167205 5.817588 2.863425 254 234 197 255 
-4.860575 6.164229 4.22743 255 240 220 255 
-4.319077 6.321963 3.973645 255 228 194 255 
0.956706 6.529985 5.197258 237 141 99 255 
1.102309 6.535602 5.215789 231 127 92 255 
1.57234 6.656706 4.983073 244 150 116 255 
3.367844 6.441708 4.064556 255 236 203 255 
3.771627 6.728678 4.038369 254 224 196 255 
4.146759 6.011858 4.991388 239 156 122 255 
13.15687 5.995852 2.135979 224 109 62 255 
13.58516 6.12569 1.938753 225 109 68 255 
23.42659 4.683125 -3.391521 233 223 188 255 
-23.88208 3.321259 -5.23784 240 224 201 255 
-23.62271 3.817842 -5.333473 241 221 194 255 
-20.41418 4.281225 -3.297299 214 130 94 255 
-19.63223 4.037983 -2.692899 222 126 101 255 
-19.24133 4.242407 -2.642494 237 154 122 255 
-17.82009 4.76227 -2.311528 255 234 210 255 
-17.09679 5.083901 -1.750817 255 228 198 255 
-16.49905 5.224047 -1.11394 255 221 189 255 
-13.01565 5.409193 0.6403334 253 208 169 255 
-11.33824 5.460618 1.983155 254 196 159 255 
-10.747 5.423294 2.703973 242 163 132 255 
-1.264934 6.650976 4.497445 237 161 125 255 
-0.7798951 6.424176 4.368629 255 222 184 255 
15.47447 5.7176 0.5546399 255 223 176 255 
23.459 4.590008 -3.354361 228 222 190 255 
-23.90363 3.224479 -5.212911 233 225 189 255 
-20.75518 3.605086 -3.371341 209 132 104 255 
-14.95766 5.934504 0.146943 223 114 85 255 
-12.65071 5.393814 0.789786 255 235 204 255 
-6.910789 6.811044 3.747627 232 146 119 255 
-6.512138 6.938713 4.092624 231 120 101 255 
-6.23066 6.819731 4.302006 217 96 75 255 
-5.682253 6.329164 4.593044 220 111 88 255 
-4.002701 6.080098 4.199703 255 228 194 255 
-0.4504897 6.294927 4.413752 255 228 196 255 
2.195851 5.632994 4.897109 253 219 184 255 
3.091718 6.407023 4.069382 255 235 201 255 
4.713271 6.374458 4.86208 235 148 95 255 
8.960352 6.440279 3.842507 224 117 73 255 
10.77396 6.117688 2.372733 252 233 191 255 
12.3567 6.090695 2.037499 236 148 110 255 
23.49252 4.497258 -3.316362 232 226 192 255 
-23.92368 3.128221 -5.186184 232 217 184 255 
-7.129493 5.660049 3.857938 254 219 181 255 
-4.599144 6.187521 4.090496 255 239 211 255 
-2.556599 6.374999 5.248159 238 139 98 255 
-1.169746 6.373766 4.573786 253 209 172 255 
7.885597 6.014735 3.942482 242 170 132 255 
9.510802 6.200098 3.461095 239 145 111 255 
16.89278 5.369944 -0.2508276 251 207 162 255 
21.0898 4.876354 -2.183054 242 204 155 255 
23.52695 4.404755 -3.277388 234 228 194 255 
-23.94236 3.032505 -5.157348 235 210 179 255 
-9.422166 5.639259 3.16568 246 169 141 255 
-3.489621 5.426347 4.876705 255 228 194 255 
5.276029 6.114886 4.685987 233 145 107 255 
8.403805 5.824192 4.283467 226 116 79 255 
9.001275 5.982605 3.967311 227 120 78 255 
11.20587 6.264415 2.089145 255 237 197 255 
17.33665 5.339145 -0.3993097 237 164 121 255 
18.22297 4.880761 -0.2412864 215 105 72 255 
19.5591 5.214876 -1.099199 227 123 86 255 
19.78073 4.867 -1.170403 225 129 105 255 
23.56219 4.312424 -3.237916 234 224 189 255 
-23.95969 2.937172 -5.12689 235 201 173 255 
-22.47322 4.035313 -4.678865 238 199 160 255 
-15.56185 4.714718 -0.01812202 249 186 143 255 
-12.21283 5.256783 1.113468 255 234 197 255 
-6.556157 5.621509 4.543808 229 147 135 255 
-5.490208 5.818849 4.820477 239 173 147 255 
3.31541 5.231575 5.021054 255 225 188 255 
7.713727 6.624574 3.327457 255 227 187 255 
11.86921 6.07245 2.02784 255 219 171 255 
11.87846 5.673765 2.339076 251 199 149 255 
13.03835 5.572976 2.45407 232 114 76 255 
14.28828 5.780683 1.558947 239 155 119 255 
22.92986 4.764634 -3.250143 250 227 183 255 
23.59805 4.220261 -3.197948 235 215 182 255 
-23.97604 2.842438 -5.094629 230 193 164 255 
-23.87696 3.021096 -5.181089 239 203 171 255 
-20.35548 3.276063 -3.013767 223 129 103 255 
-9.923223 5.265967 3.420712 237 139 102 255 
-9.976205 5.72639 3.20087 235 142 108 255 
-7.761565 5.200463 3.437413 255 229 192 255 
-6.191115 5.383269 4.990981 239 165 152 255 
-2.964435 6.072167 5.071413 249 185 157 255 
0.1407063 6.083709 4.8278 255 229 199 255 
1.827968 6.046159 5.022986 255 213 174 255 
7.106882 6.132653 3.553727 254 235 193 255 
10.83916 5.333651 2.62689 255 237 197 255 
12.30489 5.276474 2.776865 237 130 88 255 
16.41744 5.077576 0.2091502 252 219 176 255 
22.01405 4.874356 -2.78417 248 223 182 255 
23.63432 4.128242 -3.157801 238 209 175 255 
-23.99144 2.747974 -5.061077 225 186 157 255 
-23.47385 2.815457 -4.923325 240 208 167 255 
-22.59931 3.454394 -4.679138 240 207 164 255 
-17.54376 3.821683 -1.608076 255 202 171 255 
-17.07625 4.228995 -1.517743 255 230 200 255 
-16.47595 3.957767 -0.9029877 254 235 205 255 
-7.40812 5.536841 3.586898 255 224 189 255 
-0.5592673 5.451635 4.807178 255 234 197 255 
13.24269 5.38487 2.426148 228 109 77 255 
17.73153 4.863729 -0.05934741 223 121 83 255 
20.57841 4.422919 -1.748029 244 204 152 255 
23.67096 4.036176 -3.117814 239 206 165 255 
-24.00607 2.654001 -5.026051 224 185 154 255 
-16.61381 3.579302 -0.8971633 255 235 210 255 
-16.08874 4.103322 -0.5484815 255 225 189 255 
-13.86658 4.42171 1.354834 198 87 70 255 
-13.42268 4.837124 1.039001 223 130 96 255 
-12.66806 4.603701 1.160854 255 210 174 255 
-9.648537 5.460128 3.361216 250 184 152 255 
-8.572368 4.799389 3.467507 251 182 149 255 
-1.617015 5.853299 5.144583 219 106 76 255 
0.401608 5.694215 5.326223 250 183 157 255 
4.509634 5.743446 5.314117 210 96 60 255 
6.648812 6.031435 3.673411 255 230 190 255 
9.291431 5.630074 3.760992 228 123 93 255 
10.07407 5.580047 3.023818 255 221 179 255 
14.76562 5.248704 1.204182 255 227 185 255 
18.84458 4.576714 -0.490175 225 121 94 255 
23.44096 4.216445 -3.270004 248 215 170 255 
23.70766 3.94412 -3.078291 232 199 154 255 
-24.01987 2.560274 -4.99005 231 192 159 255 
-18.8579 3.876019 -2.236867 230 135 103 255 
-17.09379 3.724325 -1.295705 254 225 195 255 
-11.99956 4.278784 1.527225 254 221 180 255 
-9.286183 4.975436 3.601269 237 164 131 255 
-8.08174 5.066367 3.344037 255 228 188 255 
-2.678752 5.688696 5.513015 252 186 152 255 
-1.17289 5.397391 4.966122 254 207 163 255 
-0.2086196 5.816783 4.738906 255 232 201 255 
0.8618618 5.527081 5.690214 238 141 108 255 
1.465186 5.595064 5.475062 245 157 121 255 
2.801089 5.981791 4.408236 255 242 208 255 
3.696003 6.101863 4.530257 254 209 170 255 
4.305943 5.745417 5.290531 231 124 90 255 
7.658098 5.276021 4.430654 236 154 114 255 
11.23918 5.422345 2.4899 255 225 179 255 
13.44628 5.258061 2.328442 235 132 101 255 
15.03131 4.89269 1.065006 252 229 187 255 
16.08791 5.224765 0.2893618 255 228 184 255 
16.83895 4.874347 0.2183871 251 198 148 255 
18.5134 4.758951 -0.3247044 225 126 84 255 
22.12109 3.885798 -2.539346 250 227 195 255 
23.74423 3.851742 -3.039748 229 191 146 255 
-24.03315 2.466896 -4.952751 232 196 160 255 
-22.18571 2.774847 -4.274628 242 213 171 255 
-21.49183 2.976347 -3.862654 234 181 139 255 
-15.48386 3.900196 0.07522692 252 203 163 255 
-14.49432 4.412196 1.020111 231 135 111 255 
-10.64578 5.627198 2.795421 242 154 118 255 
-3.961683 5.09563 4.725514 255 228 194 255 
4.84923 5.743513 5.163577 215 95 68 255 
7.332177 5.499417 4.077703 250 205 150 255 
13.88154 5.072598 2.001575 239 171 122 255 
17.08693 4.417569 0.5098626 222 112 77 255 
21.72055 3.952851 -2.360204 254 227 180 255 
23.78037 3.759134 -3.002641 217 168 127 255 
-24.04561 2.373849 -4.914466 232 194 157 255 
-23.02114 2.948136 -4.781578 233 194 155 255 
-14.88357 4.462998 0.661971 230 143 115 255 
-12.18332 5.81731 1.049044 252 226 189 255 
-11.14779 4.450941 2.227329 253 227 192 255 
-5.727705 5.563739 5.063358 224 140 112 255 
-4.944297 5.058481 4.892815 237 161 135 255 
-4.49115 5.289614 4.593325 254 220 186 255 
-3.719642 5.440436 4.704402 254 228 191 255 
-2.365142 5.940691 5.548353 229 130 89 255 
-1.98178 6.046579 5.382546 228 120 81 255 
0.01736585 5.43413 5.098155 254 204 169 255 
5.887201 5.848806 4.224499 255 216 177 255 
6.043156 5.280344 4.293315 255 225 184 255 
11.28282 5.103418 2.716609 254 208 158 255 
20.06984 3.453706 -1.278525 242 209 158 255 
23.8158 3.666014 -2.967322 214 156 119 255 
-24.05732 2.281048 -4.875206 222 181 151 255 
-14.35362 4.684139 1.026822 217 126 99 255 
-12.10152 4.041641 1.584621 255 209 173 255 
-9.429461 4.689994 3.796282 228 127 97 255 
-1.848428 5.228121 5.57245 229 121 85 255 
6.916074 5.244068 4.131525 254 216 171 255 
7.918885 5.246979 4.542392 237 130 78 255 
8.624389 5.570168 4.307733 234 131 96 255 
8.917841 5.2152 4.142299 242 159 119 255 
10.08264 4.90496 3.156071 254 221 178 255 
15.96034 4.515287 0.785561 255 211 156 255 
17.78371 4.271304 0.3052269 228 144 107 255 
19.13058 4.232756 -0.6584746 249 197 150 255 
23.85031 3.57239 -2.93426 220 156 121 255 
-24.06795 2.188581 -4.834958 217 170 140 255 
-20.75896 2.888943 -3.314651 235 179 146 255 
-19.21554 3.204792 -2.081538 205 124 95 255 
-17.1557 3.386468 -1.140144 254 201 169 255 
-14.11596 4.023082 1.424014 218 129 99 255 
-13.73121 3.962168 1.647334 215 116 87 255 
-12.62571 4.258155 1.380543 255 218 186 255 
-5.841424 5.54512 5.09274 213 114 95 255 
1.018618 5.423912 5.743366 242 148 110 255 
6.636813 5.125322 4.174161 255 227 187 255 
22.78662 3.97512 -2.880706 234 161 118 255 
23.36398 3.721101 -2.871309 240 173 121 255 
23.88349 3.478202 -2.903623 209 146 113 255 
-24.07741 2.096451 -4.793718 213 160 129 255 
-17.89452 3.432333 -1.493954 227 140 113 255 
-16.10349 3.282172 -0.4314841 255 243 212 255 
-14.25351 3.88844 1.341889 226 140 107 255 
-12.21827 3.847216 1.662954 255 208 166 255 
-7.665596 4.447368 3.806397 255 229 199 255 
-7.146063 4.862759 4.090707 255 226 196 255 
-6.664744 4.803093 4.631212 247 176 146 255 
-5.454593 5.00641 5.235495 234 150 122 255 
-4.248007 5.231124 4.610203 255 224 189 255 
-2.86122 5.16597 5.552236 242 154 116 255 
-0.8092512 5.412642 4.841171 255 215 175 255 
0.4636027 4.860191 5.783638 246 153 122 255 
0.6417199 5.633911 5.552393 245 141 106 255 
6.385954 5.221291 4.144878 255 226 185 255 
13.16206 4.502921 2.614048 238 155 113 255 
20.96643 3.911466 -1.916573 246 219 176 255 
21.56522 3.456809 -2.079165 253 223 187 255 
22.62859 3.459839 -2.523732 243 189 142 255 
23.2554 3.358347 -2.660934 230 164 114 255 
23.91501 3.383308 -2.875588 208 145 110 255 
-24.08542 2.004523 -4.751659 205 146 116 255 
-22.27254 2.265956 -4.161407 243 210 167 255 
-5.974594 5.1383 5.20021 245 156 126 255 
-4.695442 5.302365 4.639407 247 194 154 255 
2.358819 5.334319 4.948115 252 214 175 255 
5.388852 4.805655 4.94795 249 186 145 255 
5.568097 4.697802 4.841834 252 216 180 255 
9.550067 4.87245 3.559996 253 214 171 255 
11.86173 4.663681 3.239018 245 150 104 255 
12.21083 4.646222 3.205298 219 109 86 255 
18.34729 4.298753 -0.08235822 227 130 95 255 
23.94482 3.287739 -2.850307 185 109 85 255 
-24.09182 1.913022 -4.708593 191 126 98 255 
-21.72581 2.710227 -3.987733 241 213 173 255 
-19.48551 2.665538 -2.17206 233 148 119 255 
-20.47255 3.827694 -3.202879 227 175 135 255 
-17.23275 2.740574 -0.7575225 247 177 152 255 
-16.53234 3.084975 -0.6424102 255 228 200 255 
-14.57141 3.758605 1.035463 233 146 116 255 
-11.13426 3.866828 2.2787 255 229 192 255 
-7.485463 4.771191 3.812686 255 229 199 255 
-0.4222482 4.945365 5.041917 254 224 188 255 
1.205156 5.503126 5.664324 242 149 115 255 
3.0083 5.147552 4.992102 255 244 204 255 
7.460051 4.680905 4.906543 234 151 109 255 
8.202688 4.950329 4.659729 219 96 54 255 
10.89304 4.747751 2.963626 252 212 160 255 
12.60297 4.59099 3.024786 235 126 93 255 
23.97275 3.191439 -2.827946 174 99 78 255 
-24.09647 1.82162 -4.66503 184 119 91 255 
-23.06551 2.197516 -4.504556 225 173 133 255 
-10.6563 4.800021 2.840421 250 197 165 255 
-8.866706 4.659576 3.663838 249 184 152 255 
-6.191124 4.133883 5.232387 241 157 123 255 
-3.683478 4.483902 5.108227 255 219 193 255 
-2.305143 4.865605 5.939213 236 130 88 255 
1.450177 5.097988 5.651001 245 170 138 255 
2.679781 5.148535 4.95952 255 220 184 255 
3.989762 5.281356 5.408956 224 116 78 255 
5.880254 4.575067 4.70596 254 220 183 255 
14.26951 4.548421 1.697295 255 210 170 255 
15.00024 4.383628 1.265608 255 231 185 255 
15.87216 4.176017 1.076963 221 143 104 255 
16.37646 3.880684 1.149717 222 129 85 255 
18.2151 3.697752 0.123206 228 135 102 255 
23.79495 3.262511 -2.79874 187 111 85 255 
23.99868 3.094428 -2.80819 178 102 79 255 
-24.09935 1.73035 -4.62112 185 123 100 255 
-20.89908 2.347758 -3.408191 255 219 183 255 
-19.16857 3.644463 -2.248488 215 124 93 255 
-10.18335 4.351151 3.423134 246 167 137 255 
-9.740015 4.451658 3.800941 239 133 94 255 
-5.599548 4.612388 5.431344 224 117 83 255 
-2.164134 5.263006 5.749689 231 130 88 255 
5.053549 5.259677 5.133972 241 171 137 255 
24.02276 2.996761 -2.790876 179 105 78 255 
-24.10059 1.639188 -4.57718 185 124 103 255 
-21.7617 2.149652 -3.896399 239 205 167 255 
-18.18085 3.002033 -1.339549 223 136 108 255 
-12.41849 3.725592 1.736563 236 158 120 255 
-10.70595 3.628237 2.791631 255 215 179 255 
-2.597311 4.792997 5.894395 235 134 92 255 
3.595933 5.102813 5.284199 253 195 158 255 
8.391692 4.629198 4.616585 228 115 81 255 
11.08771 4.470079 3.198377 244 175 133 255 
15.15293 4.090156 1.356799 253 217 169 255 
18.90047 3.686022 -0.4387964 255 210 166 255 
19.45001 3.601959 -0.8494265 255 218 175 255 
24.045 2.898524 -2.775993 177 106 78 255 
-24.10032 1.547941 -4.533549 181 120 101 255 
-23.9973 2.162309 -4.8459 204 145 115 255 
-20.00488 2.656903 -2.640634 232 143 109 255 
-15.61538 3.500556 -0.04915753 255 230 195 255 
-9.876485 4.205903 3.766294 245 149 111 255 
-8.295466 4.907523 3.378111 254 218 182 255 
-3.909153 3.493617 5.412337 254 223 192 255 
-3.388059 4.751695 5.207325 253 220 185 255 
-1.379231 4.64446 5.481663 248 174 135 255 
4.698775 4.64709 5.573006 232 163 130 255 
6.203462 4.444104 4.665814 255 226 174 255 
10.32628 4.578073 3.134871 255 233 194 255 
17.17876 3.679866 0.9388027 212 119 86 255 
20.29589 3.279954 -1.372061 253 223 171 255 
24.06562 2.799687 -2.763385 181 111 85 255 
-24.0986 1.456596 -4.491006 179 121 101 255 
8.883784 4.20555 4.173284 250 193 148 255 
10.43214 4.072279 3.377162 255 226 182 255 
12.51414 4.138408 3.191845 242 145 110 255 
24.0849 2.700469 -2.752399 188 118 92 255 
-24.09595 1.364923 -4.449745 181 122 104 255 
-20.99352 1.994596 -3.443905 251 226 196 255 
-18.03501 2.470182 -0.9801422 219 123 99 255 
-13.62466 3.156921 1.971529 227 169 131 255 
-13.3539 4.040436 1.652546 231 165 130 255 
-9.419592 4.162068 4.058636 241 137 100 255 
-8.963409 3.572857 4.38972 230 137 103 255 
-7.704004 3.821066 4.0352 255 227 197 255 
-7.015469 4.532129 4.306943 254 218 182 255 
-5.931781 3.985463 5.499512 222 112 87 255 
-4.738425 4.274826 5.157909 242 163 133 255 
-0.1953399 4.901224 5.172115 253 213 178 255 
1.987781 4.793324 5.347543 253 217 181 255 
2.778358 4.132368 5.497564 253 255 229 255 
4.64739 5.440066 5.373941 220 120 88 255 
7.561041 4.509169 5.04561 232 122 87 255 
7.768783 4.556631 5.019927 225 117 79 255 
12.12719 4.222133 3.430177 229 129 93 255 
15.77039 3.143541 1.852346 214 133 88 255 
21.2736 2.979119 -1.693577 244 191 137 255 
24.10285 2.600731 -2.743208 193 123 97 255 
-24.0925 1.272738 -4.410568 196 134 111 255 
-18.33045 2.167238 -1.118669 219 150 117 255 
-7.229809 4.103632 4.222621 255 221 183 255 
-1.028752 4.661934 5.264876 253 208 167 255 
2.236612 3.962204 5.55627 252 238 212 255 
9.362682 4.05682 3.752865 255 227 186 255 
10.60314 3.847034 3.556982 245 155 121 255 
17.09673 3.986925 0.8205855 208 115 81 255 
24.11976 2.500721 -2.73531 193 122 94 255 
-24.08875 1.180012 -4.373796 185 120 100 255 
-21.0828 1.534974 -3.405616 244 209 171 255 
-16.70298 2.841409 -0.6203538 252 197 167 255 
-13.59541 3.484257 1.896625 231 152 121 255 
-13.39373 3.72825 1.854036 214 115 94 255 
-10.13654 3.941453 3.515491 252 200 163 255 
-2.738168 4.331765 5.992448 255 220 192 255 
0.6064762 4.656331 5.989775 234 141 100 255 
9.92843 3.724397 3.566827 255 233 192 255 
19.73238 3.080825 -0.9513382 249 222 177 255 
19.87196 2.775596 -0.928681 248 217 163 255 
22.93481 2.817282 -2.284245 200 109 78 255 
24.13541 2.400374 -2.728404 196 122 95 255 
-24.08479 1.08667 -4.339909 177 111 95 255 
-20.50517 2.027152 -3.083585 255 232 206 255 
-15.63948 2.470961 0.04782187 255 231 195 255 
-15.00842 3.166151 0.5581686 255 228 192 255 
-14.66288 3.546069 0.9414446 239 177 138 255 
-11.50113 2.984469 2.238866 254 216 177 255 
-9.735359 3.309723 4.075087 252 172 137 255 
-9.441154 3.470725 4.350043 234 128 89 255 
-5.721955 4.308027 5.523398 231 146 105 255 
-5.197672 4.229571 5.464706 240 147 106 255 
-2.45111 4.325258 6.142903 235 138 93 255 
0.9538218 4.294427 6.187437 234 136 101 255 
6.833644 4.731506 4.526387 253 200 150 255 
17.50918 3.526256 0.7445701 232 144 108 255 
21.93347 2.692205 -1.77881 213 134 95 255 
23.70328 2.606875 -2.60884 207 141 107 255 
24.14994 2.299968 -2.722139 196 121 92 255 
-24.08085 0.9925164 -4.309245 182 120 107 255 
-15.98526 2.284409 -0.07780463 255 200 169 255 
-6.636633 3.973461 4.786355 245 176 147 255 
-1.973388 4.535979 5.963912 230 134 94 255 
-0.8214577 4.349185 5.325124 255 219 180 255 
3.794336 4.739621 5.68091 236 162 123 255 
4.245177 5.132839 5.580282 232 131 85 255 
5.689056 3.875379 5.032504 254 219 177 255 
10.56498 2.925187 4.204845 244 141 106 255 
13.894 4.04066 2.031877 254 228 193 255 
14.57121 3.517545 1.815419 255 230 189 255 
16.73473 3.05729 1.356968 216 117 96 255 
18.64106 2.972088 -0.1708817 250 209 153 255 
23.36449 2.916689 -2.523571 195 95 72 255 
23.96906 2.227024 -2.692915 195 119 93 255 
24.16308 2.199329 -2.716542 194 119 87 255 
-24.07712 0.8973889 -4.282294 190 131 113 255 
-23.94467 0.9764033 -4.197076 184 116 95 255 
-23.43973 1.659039 -4.395951 209 149 115 255 
-21.58228 1.592917 -3.650567 227 169 131 255 
-20.09995 2.285364 -2.729237 252 213 182 255 
-17.60027 2.7799 -0.9209191 235 145 119 255 
-0.5164218 4.23408 5.37915 255 226 196 255 
5.397279 4.12079 5.117295 243 198 156 255 
7.968613 4.197956 5.019468 221 113 84 255 
13.44045 3.827471 2.391534 255 229 186 255 
24.17451 2.098613 -2.711128 203 130 97 255 
-24.07354 0.8014266 -4.258883 195 144 117 255 
-17.04276 1.77993 -0.1098933 232 131 111 255 
-16.4707 2.368402 -0.2910459 252 179 146 255 
-14.55965 2.325458 0.9727225 254 230 192 255 
-11.2735 3.090216 2.294467 248 213 175 255 
-10.82754 3.298262 2.670371 255 229 194 255 
-8.353234 3.524208 4.170262 244 164 127 255 
0.465719 3.389778 6.515749 245 147 118 255 
5.368792 3.383683 5.274262 249 208 162 255 
7.026458 3.962769 5.222866 237 138 99 255 
7.261847 3.376298 5.57676 223 96 63 255 
10.15762 3.431166 3.757196 255 215 169 255 
11.70751 3.65873 3.755612 226 117 76 255 
14.50916 4.162605 1.620146 254 231 190 255 
16.1714 3.086067 1.726053 208 104 65 255 
20.34591 2.830914 -1.203485 248 211 156 255 
24.18406 1.997816 -2.705899 215 145 109 255 
-24.0702 0.7046282 -4.239011 207 163 128 255 
-11.13946 3.202833 2.36406 255 231 194 255 
-7.840773 3.417267 4.172186 255 208 170 255 
-2.313443 3.481522 6.476479 241 149 108 255 
0.7539787 4.40659 6.159654 238 145 104 255 
3.661766 3.692217 6.226549 234 150 116 255 
4.839921 4.260711 5.531913 233 168 126 255 
6.049597 3.978273 4.923768 255 213 171 255 
6.544344 3.753772 5.150854 237 150 107 255 
12.03245 3.608828 3.572626 244 159 128 255 
12.39363 3.37261 3.29074 253 192 147 255 
17.56575 2.75756 0.7155804 251 195 146 255 
24.19133 1.897095 -2.70037 221 157 121 255 
-24.06676 0.6070515 -4.222513 219 177 139 255 
-23.69042 0.7607164 -4.124044 203 144 112 255 
-23.32022 1.077318 -4.094669 205 146 114 255 
-14.95183 2.520043 0.6026249 254 234 197 255 
-13.68241 2.704804 1.956986 221 126 94 255 
-12.50803 2.828118 2.40311 241 156 125 255 
-9.200733 3.43206 4.475468 239 135 100 255 
-7.477874 3.539709 4.235793 255 215 180 255 
0.3674063 4.171283 6.091453 250 174 140 255 
5.125131 3.392836 5.409936 242 198 153 255 
11.63823 4.123148 3.605819 227 115 75 255 
15.14843 3.609359 1.637702 229 133 91 255 
19.10893 2.432148 -0.3561743 245 209 157 255 
21.19071 2.219038 -1.171783 231 174 131 255 
22.03342 2.202384 -1.561029 205 117 79 255 
23.62054 1.922066 -2.412464 227 165 126 255 
24.196 1.796465 -2.694232 217 162 123 255 
-24.06298 0.5086154 -4.209397 218 179 138 255 
-23.09998 0.5850119 -3.84951 201 141 113 255 
-22.35155 0.60852 -3.491212 207 148 118 255 
-22.22487 1.635886 -3.893556 218 168 131 255 
-17.02086 1.471976 0.0313156 219 116 85 255 
-10.1494 3.16154 3.562645 255 228 196 255 
-4.527433 4.169797 5.118275 254 208 174 255 
-3.495277 3.65263 5.580176 255 232 198 255 
-1.234759 3.542512 5.781024 253 199 161 255 
-1.013108 3.365548 5.746756 255 208 170 255 
1.137002 4.145654 6.155308 236 146 109 255 
2.516797 4.058608 5.497512 255 236 203 255 
4.348325 4.012884 5.9605 230 145 108 255 
14.2398 2.759611 2.264862 253 191 144 255 
19.64031 2.304423 -0.5797098 242 201 147 255 
20.15681 2.220554 -0.7664147 236 190 141 255 
20.12539 1.672049 -0.4587699 227 168 126 255 
22.57429 1.926891 -1.739528 207 122 85 255 
24.19764 1.695974 -2.687326 228 183 144 255 
-24.05869 0.4095037 -4.198857 218 181 139 255 
-20.21203 1.110417 -2.763293 255 224 193 255 
-18.56563 1.268091 -1.280199 228 152 118 255 
-16.67265 1.850604 -0.01092411 236 146 111 255 
-8.088382 3.400461 4.170854 255 201 163 255 
-2.186164 4.064423 6.232538 233 127 85 255 
-0.2005146 3.86953 5.77404 252 214 178 255 
1.787458 3.924584 5.76765 255 218 182 255 
11.87707 2.953451 3.743685 242 169 136 255 
18.88309 2.64971 -0.2775894 247 215 158 255 
24.19608 1.595779 -2.679167 241 203 166 255 
-24.0534 0.3098614 -4.190715 218 176 136 255 
-22.10735 0.8927924 -3.507467 209 152 125 255 
-21.03567 0.9287246 -3.141726 243 188 157 255 
-19.8942 1.037815 -2.517187 255 226 190 255 
-15.25053 1.997016 0.4284551 255 223 188 255 
-15.15508 2.326823 0.4424661 255 229 194 255 
-12.58836 2.625029 2.536045 233 150 116 255 
-12.01192 2.102721 2.812209 242 157 126 255 
-11.83945 2.585337 2.458822 239 166 131 255 
-11.67238 2.906131 2.246598 252 199 159 255 
-4.118327 3.410628 5.406771 253 205 169 255 
-0.7905257 3.496084 5.667037 254 217 173 255 
2.053509 3.948411 5.623953 255 216 183 255 
3.987033 3.734754 6.209968 224 128 78 255 
10.85178 2.944824 4.213635 243 145 100 255 
24.19087 1.49598 -2.669433 248 214 179 255 
-24.04695 0.2098723 -4.184165 217 164 132 255 
-18.54512 1.785686 -1.270865 226 141 112 255 
-11.00866 2.045311 2.917503 255 217 180 255 
-10.55436 2.242024 3.1768 255 231 204 255 
-7.679909 2.698775 4.457852 255 209 175 255 
-7.388939 2.724493 4.516581 255 222 191 255 
-2.546174 3.501713 6.398176 233 137 99 255 
-1.642791 3.387161 6.135914 232 115 82 255 
-0.4267411 3.281267 5.870996 255 223 188 255 
3.050364 4.094885 5.610192 235 169 117 255 
9.615738 3.858402 3.636779 255 228 185 255 
9.244181 2.948538 4.166248 255 228 185 255 
11.44047 3.051897 4.027545 227 121 82 255 
13.69251 2.840856 2.362045 255 233 191 255 
18.04323 2.294007 0.3887913 249 225 177 255 
24.18176 1.396565 -2.657662 246 218 181 255 
-24.03908 0.1096685 -4.178564 215 167 129 255 
-13.21423 2.09568 2.367497 223 112 84 255 
-10.81439 2.140838 2.991108 255 231 201 255 
1.505771 3.1382 6.13518 248 190 152 255 
4.311769 3.133856 6.079034 234 176 130 255 
7.48854 3.344568 5.481678 237 142 98 255 
9.576344 2.893391 4.102881 255 225 181 255 
10.9786 2.59721 4.34143 226 114 76 255 
22.4918 1.482587 -1.589585 220 155 123 255 
24.0433 1.742373 -2.623948 253 224 184 255 
24.16862 1.297722 -2.643517 250 224 187 255 
-24.02942 0.009414825 -4.17342 218 175 132 255 
-21.95598 0.08488915 -3.155256 220 158 133 255 
-17.91108 1.650259 -0.6908723 227 143 109 255 
-17.19717 1.395266 -0.06386293 212 106 84 255 
-13.71655 2.348296 1.888537 253 209 174 255 
-12.75503 2.503414 2.578335 232 135 92 255 
-8.709908 2.457968 4.775679 248 151 116 255 
-8.215845 2.727914 4.543622 252 179 146 255 
-7.788165 2.483461 4.559781 252 196 161 255 
-5.577618 3.193852 5.977123 229 120 79 255 
0.6846613 3.307298 6.586208 235 146 106 255 
8.087807 3.6294 4.962549 239 166 125 255 
8.70301 3.635868 4.384104 255 204 159 255 
16.42688 2.303567 1.67449 238 174 126 255 
18.76587 1.892982 0.01882168 248 212 164 255 
23.56 1.526619 -2.318865 254 223 176 255 
24.15122 1.199609 -2.626515 251 229 190 255 
-24.01801 -0.09065425 -4.167767 216 175 129 255 
-19.97227 1.599275 -2.617643 253 220 187 255 
-11.17291 1.626887 3.090702 239 165 130 255 
-2.958619 3.745335 6.002049 251 206 177 255 
0.1329609 3.424345 6.265241 246 185 166 255 
0.8716833 2.932924 6.678877 239 154 117 255 
6.332199 3.886867 4.991844 242 194 148 255 
7.069864 3.414712 5.568727 215 92 58 255 
13.56395 2.065802 2.736448 252 208 161 255 
15.0853 2.554457 2.319523 231 148 108 255 
15.50703 2.559042 2.194392 214 102 65 255 
16.06659 2.674219 1.898345 223 135 97 255 
24.12943 1.10216 -2.606352 251 233 195 255 
-24.00471 -0.1905152 -4.161289 215 177 130 255 
-21.50809 0.3505524 -3.052446 211 147 112 255 
-17.94951 1.018797 -0.7139249 237 148 116 255 
-17.11622 0.6076899 0.0781999 234 139 111 255 
-14.17841 1.816265 1.32614 252 221 192 255 
-10.1341 2.28043 3.627636 252 207 168 255 
-9.436687 2.72154 4.411297 243 147 109 255 
-9.110598 2.654876 4.636261 241 144 109 255 
-2.705593 3.002766 6.445208 237 135 97 255 
21.0424 1.732446 -0.8861852 210 136 99 255 
24.1036 1.005466 -2.583013 247 233 196 255 
-23.98979 -0.2898737 -4.153327 226 184 142 255 
-22.26804 -0.09592062 -3.277316 206 145 126 255 
-18.71637 0.6928744 -1.457742 255 219 183 255 
-15.12486 1.47283 0.6509614 253 218 178 255 
-14.61869 1.315894 0.9521778 253 221 182 255 
-8.49979 2.499909 4.744942 236 145 114 255 
-6.737301 2.887387 4.898071 255 218 187 255 
-5.816592 3.092747 5.844663 213 94 70 255 
-5.310698 3.061585 6.054918 224 118 76 255 
-4.265503 2.892888 5.634258 250 200 165 255 
2.51264 3.10491 5.843928 253 219 184 255 
3.555409 3.09951 6.379012 222 111 66 255 
8.870927 3.243287 4.293993 254 213 169 255 
17.26856 2.065418 0.9737598 246 207 150 255 
21.5645 1.636879 -1.123456 197 111 86 255 
24.07381 0.9096113 -2.556487 242 232 197 255 
-23.9735 -0.3886899 -4.143254 227 172 142 255 
-19.55643 0.3776898 -2.128707 254 220 185 255 
-15.36444 1.310946 0.6405766 255 199 164 255 
-12.93519 2.543881 2.505193 226 117 88 255 
-4.567529 3.192166 5.618277 237 161 138 255 
-3.533973 2.007262 6.070333 255 217 186 255 
-0.5897183 3.497048 5.706416 251 212 173 255 
2.164808 2.900085 5.880758 254 216 177 255 
3.308105 2.985186 6.334278 225 125 89 255 
5.11638 2.081532 5.794732 249 204 162 255 
5.611917 3.199352 5.256407 251 207 158 255 
8.442976 2.092948 4.782337 255 219 176 255 
16.9846 1.648962 1.231477 242 206 154 255 
24.08755 0.862358 -2.633215 250 234 198 255 
24.04076 0.8145218 -2.526776 240 231 200 255 
-23.95602 -0.4869133 -4.13091 237 181 154 255 
-23.88452 0.2262332 -4.130092 235 179 152 255 
-20.07132 0.5646898 -2.530308 250 206 171 255 
-14.36046 1.447203 1.134082 254 228 201 255 
-13.75377 1.389559 1.699942 255 224 197 255 
-13.19785 1.621964 2.355433 244 160 124 255 
-12.9531 2.081235 2.598062 236 158 120 255 
-7.164103 3.057677 4.530904 255 220 188 255 
-6.398614 2.088062 5.361135 230 143 113 255 
-2.324108 2.554383 6.811924 234 139 85 255 
6.677723 2.981014 5.681729 230 138 99 255 
7.556877 3.025826 5.463534 220 109 81 255 
8.967824 2.236319 4.526837 255 220 180 255 
10.72404 2.485084 4.491192 219 102 67 255 
12.89083 2.552569 2.865319 254 218 168 255 
14.25723 2.002163 2.710333 230 137 103 255 
14.91479 1.491616 2.739796 228 125 92 255 
23.41493 0.5858681 -2.159269 250 231 188 255 
24.0051 0.7200469 -2.494362 249 235 196 255 
-23.93781 -0.584465 -4.116291 237 182 152 255 
-8.719353 2.146081 4.885978 245 152 118 255 
-2.112683 2.57124 6.748982 233 132 76 255 
6.12221 2.648189 5.620678 236 158 110 255 
7.05889 2.734724 5.786233 220 104 67 255 
14.61069 1.732037 2.795284 219 109 76 255 
15.26537 2.054196 2.450993 216 99 64 255 
18.15423 1.517098 0.5242584 245 197 148 255 
23.96789 0.6262426 -2.459849 249 230 188 255 
-23.9194 -0.6813313 -4.099086 235 186 154 255 
-23.3473 0.2852192 -3.916832 220 160 124 255 
-20.36226 0.6053983 -2.703061 227 152 123 255 
-12.04826 1.698469 3.069889 229 131 104 255 
-5.215203 3.274047 5.95936 236 142 114 255 
0.2840724 2.81412 6.707875 254 208 174 255 
0.5533035 2.792252 6.84525 243 151 114 255 
1.720217 2.813327 6.048138 251 199 160 255 
9.709378 2.562524 4.310698 249 195 149 255 
12.62688 1.762604 3.154449 253 221 172 255 
19.34849 1.588012 -0.1193923 229 156 111 255 
23.17765 1.013933 -2.036594 252 215 170 255 
23.93018 0.5328479 -2.423573 247 228 186 255 
-23.90118 -0.7776773 -4.079789 234 187 157 255 
-23.44992 -0.2780829 -3.932071 241 188 154 255 
-7.79187 2.002271 4.8146 249 183 149 255 
-3.683363 3.041732 5.652914 253 218 190 255 
-3.331177 2.700989 5.974527 253 210 178 255 
-2.52122 2.464249 6.776711 230 117 83 255 
3.925752 2.921826 6.363577 222 122 86 255 
12.27179 1.751097 3.362147 253 220 175 255 
13.66551 2.57028 2.46672 250 210 159 255 
16.1792 1.195189 1.86096 244 200 151 255 
17.56754 1.753638 0.7883617 249 213 165 255 
23.89306 0.439643 -2.386488 240 223 180 255 
-23.88366 -0.8734253 -4.058395 231 186 157 255 
-8.994766 2.056762 4.758885 245 152 108 255 
-5.85078 2.285547 5.908682 245 189 154 255 
-4.632546 2.189178 6.107625 228 154 129 255 
-1.807195 2.66712 6.492078 210 99 72 255 
-0.8201373 2.495374 6.041955 251 216 176 255 
1.955024 2.964106 5.904852 254 209 170 255 
8.079209 2.401616 5.002714 251 209 161 255 
11.6076 2.225091 3.900027 252 203 162 255 
12.5013 2.576945 3.167571 252 221 177 255 
12.76581 1.560571 3.155589 250 213 161 255 
16.02863 2.071481 2.002017 220 121 89 255 
17.49481 0.9658349 1.060481 253 214 159 255 
21.80858 1.203602 -1.193717 244 191 147 255 
23.85798 0.346743 -2.349031 241 220 175 255 
-23.86713 -0.9687393 -4.035396 228 182 156 255 
-23.81567 -0.696263 -4.143484 237 203 168 255 
-18.94075 0.3373878 -1.64972 255 226 194 255 
-17.36412 0.2714941 -0.1698497 235 155 118 255 
-16.76566 0.6666429 0.371473 239 139 105 255 
-15.76268 0.7894488 0.867139 238 149 115 255 
-13.64526 0.6367022 1.733846 254 224 188 255 
-10.77027 1.669712 3.16739 255 216 178 255 
-10.4225 1.816742 3.368416 252 216 182 255 
-9.530723 1.422788 4.220235 255 215 179 255 
-3.953548 2.189107 5.877319 250 204 180 255 
-3.108844 2.234585 6.320506 247 202 169 255 
-1.234496 2.179156 6.224409 252 200 161 255 
0.8316688 2.283569 6.835811 239 142 100 255 
5.841977 2.457055 5.635914 238 156 116 255 
10.98866 2.149731 4.378675 227 134 100 255 
19.49347 1.133767 0.08718966 222 130 93 255 
20.44678 0.9810706 -0.3229661 220 129 98 255 
21.03535 0.7032983 -0.6480163 223 139 105 255 
23.82587 0.2537784 -2.311866 239 219 169 255 
-23.85186 -1.063783 -4.011282 236 201 169 255 
-12.49956 0.7112619 3.00281 228 124 95 255 
-12.08062 1.328614 3.241277 229 120 87 255 
-3.776903 1.815487 6.028626 255 232 201 255 
0.5763191 2.25878 6.95439 239 158 115 255 
3.74006 1.964725 6.674897 225 150 111 255 
6.835151 2.240584 5.999949 222 114 76 255 
20.2669 0.6462199 -0.1455748 219 129 102 255 
23.79773 0.1608264 -2.275283 245 222 170 255 
-23.83797 -1.158633 -3.986534 235 200 168 255 
-21.8728 -0.7029696 -3.002447 231 163 128 255 
-21.15183 -0.2299528 -2.672418 212 140 115 255 
-20.72327 -0.1992622 -2.48258 231 170 139 255 
-18.05871 0.1661193 -0.8559195 253 223 187 255 
-12.20682 1.147038 3.238215 233 125 96 255 
-7.003184 1.686878 4.985664 255 213 179 255 
-0.4397631 2.413943 6.236567 255 214 180 255 
2.459721 2.312735 6.19677 244 175 136 255 
3.012112 2.320707 6.515887 223 115 87 255 
23.77428 0.06784362 -2.239437 244 221 171 255 
-23.8254 -1.253363 -3.961628 236 200 168 255 
-21.33259 -0.5418883 -2.698697 218 141 115 255 
-15.98902 0.6227697 0.8804381 223 119 92 255 
-13.05683 0.5820422 2.366023 246 190 153 255 
-12.50289 1.209109 3.017635 233 136 104 255 
-11.59001 1.394229 3.260638 244 160 124 255 
-9.201608 1.801599 4.595409 252 171 141 255 
-8.430126 1.600216 5.179667 240 136 101 255 
-1.444937 2.232457 6.323817 236 153 121 255 
-1.005116 2.116472 6.186669 252 204 166 255 
2.933079 1.387976 6.887081 244 177 135 255 
4.953634 2.437994 5.760652 244 193 150 255 
6.455677 2.164399 6.06172 229 144 107 255 
8.858863 1.615005 4.852427 255 220 170 255 
9.540897 1.617701 4.942163 236 153 113 255 
16.5076 1.028934 1.630154 244 207 152 255 
18.5169 1.008762 0.6047287 216 124 85 255 
22.63618 0.377865 -1.710472 246 225 182 255 
23.75589 -0.02527097 -2.204649 243 219 171 255 
-23.81393 -1.348248 -3.936908 233 194 161 255 
-23.56995 -1.06793 -3.936677 240 199 155 255 
-22.84643 -1.184078 -3.543244 243 180 139 255 
-18.22259 -0.5507688 -0.9541846 255 224 189 255 
-17.8097 -0.4848831 -0.627283 254 229 198 255 
-14.75728 0.5548682 1.133062 247 181 149 255 
-13.66941 0.2093475 1.71393 255 225 187 255 
-11.77906 1.080511 3.409002 232 142 105 255 
-8.197698 1.687011 5.139945 244 167 137 255 
-5.950412 1.574375 5.853422 236 149 119 255 
-2.779243 2.200099 6.649924 240 154 131 255 
-2.469212 1.956539 6.924221 237 148 118 255 
-2.207195 2.008266 6.910079 235 154 107 255 
-0.3847394 1.711651 6.561832 255 213 176 255 
0.2419145 2.225704 6.900066 246 177 146 255 
0.6688473 1.884713 7.09343 241 158 126 255 
4.684337 2.708675 5.862788 243 196 154 255 
6.960078 1.68719 5.940052 229 137 96 255 
7.889133 1.933696 5.171792 250 203 157 255 
13.97337 1.294845 3.175329 236 143 99 255 
14.14005 1.11233 3.205916 213 112 66 255 
17.081 1.035883 1.252663 244 208 158 255 
23.74284 -0.1185986 -2.170928 242 217 176 255 
-23.8032 -1.443079 -3.912501 231 192 161 255 
-14.24332 0.515905 1.313077 255 221 185 255 
-4.904593 1.846575 6.386497 231 145 110 255 
-4.115664 2.110648 5.915218 251 197 169 255 
-3.352432 1.6543 6.274717 253 209 184 255 
-0.6311768 1.929813 6.319369 255 217 181 255 
0.1708924 1.713771 7.020255 243 164 134 255 
4.295988 1.694502 6.266905 213 130 100 255 
10.19088 1.471147 4.91822 228 121 79 255 
10.71289 1.552408 4.592026 241 153 117 255 
23.7347 -0.2118155 -2.137768 240 217 175 255 
-23.79284 -1.538075 -3.888586 232 195 166 255 
-20.10151 -0.7360036 -1.954591 226 153 118 255 
-16.63876 0.1790262 0.4982731 237 145 108 255 
-6.763126 1.756399 5.099572 255 210 179 255 
-5.385851 1.512562 6.412573 243 162 119 255 
-4.26046 2.158778 5.934939 244 164 139 255 
-1.837179 1.950816 6.689629 238 162 128 255 
3.221107 2.007396 6.775523 230 143 100 255 
8.05585 1.516057 5.090147 254 209 167 255 
8.508047 1.784077 4.851348 255 219 174 255 
11.65391 1.35629 3.790088 254 218 170 255 
19.41321 0.6206781 0.3786322 204 106 81 255 
20.36097 0.1890175 -0.219146 236 156 119 255 
22.60409 -0.07494409 -1.655149 247 223 177 255 
23.73105 -0.3050973 -2.105195 235 216 174 255 
-23.78217 -1.633089 -3.864983 228 191 164 255 
-21.49359 -1.225902 -2.738602 227 155 115 255 
-19.60495 -0.5197828 -1.816333 227 147 114 255 
-18.96068 -0.4438072 -1.482262 248 192 155 255 
-14.60412 -0.6298869 1.776791 226 115 98 255 
-14.45544 0.03128855 1.455468 254 205 173 255 
-12.00299 0.2820336 3.430485 247 158 124 255 
-11.48204 0.5045719 3.697033 239 143 103 255 
-5.13531 1.832469 6.434639 228 132 90 255 
-3.924312 1.096515 6.228882 253 215 192 255 
-0.8356663 1.630123 6.346678 254 212 174 255 
0.4683264 1.880935 7.149288 242 148 110 255 
10.27347 2.29957 4.627559 236 148 102 255 
15.71502 1.304275 2.20626 245 186 128 255 
23.73125 -0.3982619 -2.072881 239 218 175 255 
-23.77062 -1.728059 -3.841521 230 193 166 255 
-22.70222 -1.702396 -3.404469 243 199 164 255 
-20.85569 -1.291153 -2.29753 224 143 116 255 
-15.98386 0.1504835 1.007225 237 155 118 255 
-9.995777 0.9410475 3.742547 253 213 177 255 
-7.163432 1.49565 4.994435 255 206 171 255 
-4.756577 1.246841 6.477906 230 137 103 255 
11.66768 0.9684033 3.802127 254 218 166 255 
13.01972 1.125294 3.313138 242 194 146 255 
15.81148 0.7720435 2.115275 251 217 171 255 
23.73429 -0.4913863 -2.040534 240 216 172 255 
-23.75739 -1.822983 -3.817724 232 195 166 255 
-23.52243 -1.56036 -3.818609 240 204 170 255 
-15.91746 -0.2504684 1.083752 226 140 107 255 
-13.60991 -0.2322049 1.822127 255 223 185 255 
-10.73583 1.106604 3.332224 250 178 140 255 
6.3269 1.537307 6.276915 221 113 75 255 
14.80885 0.947069 2.82517 229 129 95 255 
18.1226 0.1913744 1.179544 219 129 92 255 
23.73924 -0.584399 -2.008153 234 210 166 255 
-23.74192 -1.917525 -3.793077 229 193 161 255 
-20.39369 -1.395245 -1.961891 225 149 115 255 
-18.32554 -0.6644077 -1.000056 252 192 155 255 
-17.71372 -0.9308043 -0.5211585 255 219 183 255 
-16.0747 -0.4829858 0.9536152 230 135 107 255 
-10.92834 0.6402385 3.556835 236 151 112 255 
-9.022849 0.6925023 4.775245 255 211 176 255 
-8.178347 0.9403009 5.385202 244 157 114 255 
-7.875509 1.039901 5.312581 246 154 117 255 
-2.248328 1.115553 7.239084 242 140 100 255 
2.374787 2.042289 6.279069 255 224 186 255 
3.475905 1.270436 6.932063 229 132 99 255 
5.34393 1.763416 5.927317 241 189 150 255 
6.03472 1.844242 6.119644 222 143 102 255 
6.653822 1.628646 6.144841 219 110 81 255 
18.85588 0.1035409 0.8313705 196 93 74 255 
23.74518 -0.6772063 -1.975425 235 208 163 255 
-23.7235 -2.011737 -3.767266 230 195 163 255 
-20.36484 -1.193575 -1.960951 224 140 106 255 
-19.2554 -1.307127 -1.254785 215 129 96 255 
-16.61784 -0.9207166 0.4069 245 171 132 255 
-13.14703 -0.08712378 2.20757 255 241 211 255 
-8.60634 0.007550275 5.17286 246 159 131 255 
-6.227193 1.318635 5.579872 253 203 168 255 
-5.523224 1.198586 6.338748 223 109 82 255 
-2.687622 1.353234 6.946525 241 164 138 255 
1.579149 1.645192 6.410308 255 221 186 255 
7.600053 1.175876 5.392769 248 201 159 255 
8.642821 1.012899 5.145437 242 173 131 255 
16.73763 0.380924 1.656437 233 162 120 255 
18.16866 -0.02908368 1.257702 219 123 85 255 
20.93709 -0.1108172 -0.6720541 255 219 175 255 
22.16424 0.3530047 -1.429863 252 220 181 255 
23.75106 -0.7698547 -1.942209 236 208 161 255 
-23.70175 -2.105316 -3.739627 230 199 168 255 
-15.65409 -1.13625 1.231061 236 156 121 255 
-13.87992 -0.3490803 1.734116 255 222 192 255 
-11.69023 0.2464077 3.664764 224 110 84 255 
-10.59265 0.1415284 3.730118 231 148 118 255 
-10.3164 0.8709256 3.538419 255 211 174 255 
1.837751 1.769698 6.292715 254 216 179 255 
7.95975 0.937521 5.224893 252 210 170 255 
10.55472 0.9257711 4.700484 244 176 137 255 
13.27049 0.7655426 3.501568 211 122 88 255 
13.4638 0.4410978 3.611637 211 97 63 255 
16.21665 0.4493124 1.901297 251 221 169 255 
23.10336 -0.7934113 -1.737549 248 209 170 255 
23.53674 -0.1587088 -2.149897 234 200 154 255 
23.75614 -0.8625458 -1.90885 228 194 149 255 
-23.67635 -2.198426 -3.710175 226 200 173 255 
-23.14042 -1.943141 -3.588182 230 192 155 255 
-20.24044 -1.023803 -1.918881 212 128 100 255 
-8.812179 1.236114 5.023227 244 143 113 255 
-5.209373 1.141914 6.568315 230 130 96 255 
-5.002221 1.218727 6.570411 228 129 87 255 
-2.486334 1.120845 7.171283 231 140 111 255 
-1.98857 1.186294 7.080633 225 127 88 255 
-1.167696 1.318448 6.446025 255 201 163 255 
-0.6529574 0.7814545 6.684507 248 177 147 255 
2.076255 1.897364 6.248778 253 215 176 255 
4.987062 1.178863 6.100041 243 185 147 255 
5.262832 1.089664 6.20841 243 181 144 255 
19.49489 -0.06497633 0.4103048 239 150 120 255 
20.01643 -0.6625009 -0.1001087 246 171 131 255 
22.90796 -0.386574 -1.766724 252 219 176 255 
23.7598 -0.9550657 -1.875172 221 183 138 255 
-23.64712 -2.290769 -3.678248 231 206 176 255 
-23.66328 -2.159264 -3.788904 234 194 158 255 
-21.71446 -1.896665 -2.849903 243 190 150 255 
-19.39601 -1.498627 -1.261136 217 123 95 255 
-18.59605 -1.117151 -0.9941709 236 166 132 255 
-17.27639 -0.6742414 -0.1621838 255 229 192 255 
-15.24985 -0.4272166 1.509386 211 114 79 255 
-9.475986 0.2240845 4.259158 251 217 189 255 
-5.02469 -0.2735004 6.908636 229 132 97 255 
-4.308507 0.9255971 6.364194 224 134 110 255 
0.4033732 1.263853 7.176196 230 136 98 255 
2.279781 0.9557406 6.651724 252 203 163 255 
3.504632 2.060993 6.760258 227 119 81 255 
12.10499 1.11858 3.553497 252 214 167 255 
14.17031 0.5535526 3.277086 249 192 147 255 
16.37348 -0.007332764 1.928057 240 192 143 255 
23.76166 -1.047664 -1.841677 220 175 133 255 
-23.61415 -2.382504 -3.644335 228 211 185 255 
-0.9567294 0.8267095 6.568645 255 215 179 255 
1.347799 1.786739 6.50621 253 217 181 255 
4.48207 1.291361 6.187005 237 193 148 255 
5.824609 0.738191 6.589349 220 119 77 255 
6.073855 0.7456819 6.562212 213 105 66 255 
9.195995 0.6688696 5.392833 233 148 109 255 
23.71782 -1.068132 -1.851914 225 171 127 255 
23.76156 -1.140258 -1.808357 221 172 131 255 
-23.57777 -2.473531 -3.608114 235 220 199 255 
-17.87144 -1.388895 -0.521239 246 173 140 255 
-9.917948 -0.4073357 4.031133 255 205 168 255 
-9.686068 -0.2483466 4.108898 254 218 186 255 
-7.509063 1.314801 5.076777 244 150 114 255 
-3.605746 1.388696 6.207517 248 200 177 255 
-1.379392 1.514947 6.463702 252 197 156 255 
1.675511 0.5002753 6.628445 255 211 172 255 
7.436113 0.3765423 5.584394 246 207 164 255 
12.20803 0.8579703 3.591663 246 199 145 255 
12.34153 0.07983854 3.898565 236 172 128 255 
18.5507 -0.346779 1.115714 226 142 108 255 
21.68899 -0.425157 -1.143488 255 221 175 255 
23.75947 -1.233094 -1.775712 228 175 135 255 
-23.53833 -2.564012 -3.570078 239 215 189 255 
-23.2968 -2.444364 -3.547949 232 197 167 255 
-16.45325 -1.557387 0.4723507 249 210 169 255 
-12.05927 -0.1531062 3.347816 244 175 134 255 
-11.00693 -0.05492808 3.876201 231 123 85 255 
-10.32569 0.2826301 3.690543 255 195 158 255 
-7.950965 0.2051736 5.654124 245 156 112 255 
-0.5849558 0.1555801 6.997558 251 214 185 255 
1.899194 0.5447372 6.628557 255 207 161 255 
2.93877 0.6693315 7.208346 225 118 82 255 
3.991023 0.6865675 6.539662 233 180 138 255 
6.294127 0.8568667 6.448628 214 100 63 255 
7.171384 0.8138105 5.739474 234 178 129 255 
10.2958 0.1889061 4.852412 242 188 144 255 
12.46428 0.8089336 3.552811 242 190 140 255 
13.73703 0.217328 3.520561 193 74 68 255 
20.73107 -0.8108451 -0.5945518 255 229 184 255 
23.33068 -1.479504 -1.521275 232 172 135 255 
23.75579 -1.32624 -1.744213 229 175 137 255 
-23.49651 -2.654012 -3.530397 237 204 173 255 
-18.80045 -1.803308 -0.772506 219 135 99 255 
-14.82178 -0.762861 1.777043 223 117 95 255 
-11.50661 -0.3544381 3.779447 232 119 87 255 
-11.26342 -0.1982063 3.879735 224 120 85 255 
-10.66418 -0.5932586 4.139113 230 129 99 255 
-9.511506 -0.1115746 4.233607 255 222 191 255 
-8.680696 1.500193 5.100562 246 150 108 255 
-6.76376 0.4729435 5.324472 254 210 173 255 
-5.70172 0.4331987 6.173616 238 155 123 255 
-3.551663 0.587972 6.427032 255 225 190 255 
-3.139773 1.309217 6.527365 253 209 172 255 
-1.521029 0.7705743 6.814512 247 181 146 255 
0.7773505 1.303007 7.020245 245 152 108 255 
4.71691 0.9765238 6.168209 247 196 153 255 
9.514487 0.6005993 5.378478 229 138 107 255 
9.889077 0.5419509 5.201251 239 174 132 255 
11.09553 0.538596 4.223062 250 214 166 255 
14.29891 -0.1697293 3.084059 253 211 161 255 
19.20526 -0.540466 0.6078329 253 190 139 255 
23.75084 -1.419799 -1.714184 225 171 135 255 
-23.45297 -2.743722 -3.489882 232 187 154 255 
-22.67001 -2.596019 -3.252501 238 184 148 255 
-20.932 -2.512431 -2.358235 242 187 148 255 
-20.57738 -2.084379 -2.088751 239 168 138 255 
-19.4147 -1.831304 -1.193673 208 107 77 255 
-13.85142 -1.003069 2.008996 244 164 137 255 
-12.63746 -0.9050102 2.658873 255 226 194 255 
-10.14738 -0.5848574 4.06905 249 176 143 255 
-1.960086 0.6486633 7.195382 231 140 111 255 
1.238953 0.6929766 6.785193 244 175 134 255 
15.80127 -0.454253 2.210041 254 222 181 255 
17.44513 -0.3068066 1.656452 211 102 73 255 
20.22657 -0.9289929 -0.2618537 254 229 189 255 
21.66009 -1.303918 -0.9752446 252 211 165 255 
23.74542 -1.513781 -1.685929 225 176 136 255 
-23.40855 -2.833174 -3.448857 235 186 153 255 
-21.89745 -2.454756 -2.899104 246 190 153 255 
-16.11485 -1.441823 0.7660734 250 207 172 255 
-13.18824 -0.9253683 2.169147 253 222 191 255 
-2.297636 0.628329 7.324917 243 152 105 255 
1.474183 0.5139384 6.68124 255 208 166 255 
2.696316 0.4932706 7.217646 231 131 95 255 
3.254763 0.7874892 7.109533 217 152 114 255 
5.857709 0.1089876 6.721834 222 113 80 255 
7.757385 -0.05713561 5.60295 245 207 158 255 
9.938636 -0.3123155 5.057664 248 208 159 255 
14.90875 -0.3773873 2.634754 249 212 167 255 
15.5152 -0.1455161 2.289611 254 223 177 255 
22.26524 -1.353037 -1.228959 248 198 149 255 
23.74014 -1.60839 -1.660092 223 175 127 255 
-23.36404 -2.92271 -3.407843 227 176 147 255 
-21.20252 -2.679997 -2.525585 242 190 151 255 
-16.91898 -1.44248 0.1271497 255 221 184 255 
-4.085554 0.6184872 6.382772 247 182 152 255 
0.08771636 1.089803 7.133575 254 185 152 255 
4.804324 0.2579603 6.416526 240 196 149 255 
6.555315 0.5928561 6.260108 220 144 108 255 
8.462214 0.5399137 5.342497 237 186 143 255 
9.508773 0.01030784 5.390047 239 167 127 255 
19.31739 -1.196934 0.467669 253 215 168 255 
23.73586 -1.70353 -1.636652 226 167 125 255 
-23.32001 -3.01219 -3.367137 218 154 126 255 
-22.86134 -2.970172 -3.240257 224 160 125 255 
-15.29336 -1.238391 1.526655 225 116 96 255 
-7.079112 -0.2036863 5.555009 243 155 119 255 
-7.331769 1.461508 4.990568 251 188 153 255 
3.153376 0.345312 7.241652 230 169 125 255 
5.534132 0.5504566 6.59448 232 174 128 255 
5.595952 0.07008983 6.771166 224 137 94 255 
6.814416 0.04312354 6.017234 239 185 139 255 
8.704494 0.2182093 5.524509 232 150 110 255 
9.022524 0.00543177 5.597769 230 132 87 255 
12.97038 -0.04492531 3.921965 216 112 73 255 
23.73325 -1.799436 -1.616101 208 135 102 255 
-23.27724 -3.102007 -3.327423 209 141 118 255 
-19.25378 -2.315868 -1.047432 225 150 108 255 
-18.18361 -1.8723 -0.475578 220 118 93 255 
-14.08126 -1.331771 2.155344 240 157 127 255 
-13.49228 -1.12851 2.11275 241 157 123 255 
-10.88296 -0.6878359 4.16456 241 143 104 255 
-9.064112 -0.1951578 4.654693 255 208 178 255 
-7.705115 0.06122079 5.689982 242 158 121 255 
-4.812257 -0.2072893 6.953709 228 122 83 255 
-4.233949 0.04928354 6.613958 222 123 91 255 
-2.60085 0.5222523 7.200371 234 139 107 255 
-0.8899804 0.07456195 6.882306 255 224 196 255 
0.6299653 0.2655098 7.331319 243 148 102 255 
4.064949 0.08182734 6.553918 240 192 156 255 
7.311646 -0.3335456 5.75685 244 200 155 255 
10.95509 -0.2442467 4.364952 249 211 166 255 
12.5232 -0.4962508 4.085489 229 119 82 255 
13.31824 -0.3000919 3.776603 229 137 100 255 
14.59779 -0.9342383 2.78435 255 221 176 255 
16.64744 -0.5729549 2.01713 231 138 97 255 
19.2649 -1.610752 0.4952123 253 219 171 255 
23.73313 -1.896117 -1.598744 203 116 88 255 
-23.23615 -3.191998 -3.288684 210 143 124 255 
-17.7604 -2.337834 -0.08744172 230 140 105 255 
-17.27939 -1.638228 -0.08447235 255 212 177 255 
-14.31894 -1.501474 2.156292 236 140 115 255 
-11.58933 -0.6809526 3.696131 243 145 118 255 
-9.065801 -1.325479 4.582723 255 209 176 255 
-7.971245 -0.3374509 5.748707 242 152 118 255 
-6.565399 0.2269339 5.444985 255 205 168 255 
-3.587997 -0.122061 6.574031 255 244 213 255 
-1.589617 0.2707961 7.020164 246 186 152 255 
13.90335 -0.8710446 3.239827 246 205 161 255 
17.79683 -0.6132573 1.565663 217 112 83 255 
18.64344 -1.053895 1.002998 246 182 136 255 
23.736 -1.9936 -1.584422 208 118 91 255 
-23.19708 -3.28222 -3.251086 206 140 124 255 
-17.33887 -1.932518 -0.03680432 238 168 132 255 
-12.93499 -1.574257 2.509433 254 210 175 255 
-11.83377 -1.584136 3.320683 239 155 119 255 
-6.792915 -0.6337604 5.65321 254 196 156 255 
-4.610287 -0.227568 6.904299 231 141 107 255 
-3.839057 0.138163 6.479599 248 199 169 255 
0.354201 0.3963998 7.421354 232 126 87 255 
6.094454 -0.01704937 6.592433 222 132 97 255 
21.03126 -1.43431 -0.6802773 255 214 169 255 
21.53663 -1.604178 -0.8096904 250 190 136 255 
23.74206 -2.091816 -1.573438 209 120 90 255 
-23.15999 -3.37295 -3.214975 201 139 114 255 
-20.31718 -2.664141 -1.905112 247 187 150 255 
-14.93698 -0.9918211 1.783126 228 138 103 255 
-6.180209 0.4185553 5.674724 255 209 175 255 
0.01572354 0.06166504 7.486029 235 139 99 255 
2.961092 0.1358703 7.43755 223 145 99 255 
7.929107 -0.3356448 5.700311 235 191 142 255 
8.663869 -0.364389 5.788707 232 147 110 255 
12.06729 -0.9231851 4.30617 219 113 71 255 
14.98177 -1.051984 2.599154 253 215 168 255 
15.66882 -1.121369 2.422546 239 164 125 255 
22.6883 -1.972508 -1.116329 215 119 79 255 
23.75137 -2.190745 -1.565476 207 123 89 255 
-23.12506 -3.463967 -3.180171 202 141 110 255 
-18.3956 -2.247411 -0.4616332 230 137 103 255 
-16.52955 -2.560684 0.5120096 237 175 136 255 
-15.3099 -1.706206 1.421156 238 149 119 255 
-9.717195 -1.406089 4.376314 251 183 148 255 
-6.37096 -0.8933777 5.751736 255 207 172 255 
-6.345066 0.01416208 5.596808 255 207 174 255 
-1.203979 -0.1629699 6.947997 255 230 198 255 
5.233398 -0.09738792 6.724705 238 194 149 255 
10.4818 -0.4871364 4.666806 246 206 154 255 
11.2438 -0.2916057 4.243526 251 197 150 255 
16.31319 -1.331695 2.381776 234 138 98 255 
16.55172 -1.379784 2.319793 208 99 68 255 
17.80157 -1.134116 1.578613 235 146 106 255 
23.35596 -2.105491 -1.406399 205 120 81 255 
23.76371 -2.290367 -1.560224 216 139 113 255 
-23.09203 -3.555267 -3.146669 197 131 109 255 
-22.22996 -2.926535 -2.964575 232 177 138 255 
-18.67039 -2.401547 -0.6163847 214 107 87 255 
-13.72046 -1.913862 2.492646 225 119 95 255 
-12.29878 -1.13211 2.967351 251 209 171 255 
-5.862857 -0.07500556 6.011451 255 209 160 255 
0.1130744 -0.3048053 7.728212 239 131 84 255 
11.39745 -0.9000506 4.410736 232 145 102 255 
15.53548 -0.8143666 2.355426 249 205 160 255 
23.7787 -2.390582 -1.557361 208 137 109 255 
-23.06059 -3.646963 -3.114325 196 131 103 255 
-20.82972 -3.540718 -2.208533 248 194 160 255 
-18.63482 -2.804282 -0.5957464 216 136 99 255 
-16.18737 -2.05946 0.6256437 243 204 163 255 
-6.598315 -0.5691453 5.62118 255 203 164 255 
-5.306465 -0.4886301 6.663174 234 136 97 255 
-4.025599 -0.5345029 6.692279 247 176 144 255 
-2.081337 0.1366032 7.463486 221 107 71 255 
-1.3938 -0.1998352 7.020898 246 175 143 255 
1.148113 -0.1557938 7.044036 255 202 168 255 
1.771226 -0.5650169 7.055593 255 201 160 255 
2.594522 -0.1712155 7.471051 230 137 94 255 
2.798935 0.06879761 7.500312 235 124 79 255 
12.6023 -0.93024 4.114862 210 95 64 255 
23.7954 -2.491242 -1.556409 211 140 112 255 
-23.03047 -3.73888 -3.083115 187 119 98 255 
-15.13461 -1.051081 1.663939 241 151 114 255 
-10.43966 -1.65584 4.484279 234 138 96 255 
-9.434848 -1.211794 4.357915 254 200 162 255 
-8.807981 -1.135471 4.819257 253 209 174 255 
-2.295407 0.08519673 7.527261 232 127 82 255 
3.74727 -0.2164915 6.777077 241 187 149 255 
3.986586 -0.6274708 6.684534 241 186 147 255 
4.312588 -0.1666366 6.509469 244 189 150 255 
4.685192 -0.3427593 6.604347 235 183 143 255 
7.023806 -0.2737715 5.879414 244 190 152 255 
8.438073 -0.873018 5.94067 224 125 84 255 
13.90215 -1.465422 3.191817 248 210 161 255 
20.12781 -1.676726 -0.1258015 255 221 167 255 
20.57978 -2.476908 -0.1153197 231 157 110 255 
21.73231 -2.171405 -0.5653566 224 127 84 255 
23.47436 -2.40832 -1.414984 217 140 110 255 
23.81296 -2.592231 -1.556738 225 156 125 255 
-23.00126 -3.830961 -3.052869 179 110 94 255 
-13.23598 -1.803035 2.524151 248 174 149 255 
-12.63051 -1.451868 2.673808 255 212 173 255 
-6.186036 -1.154234 5.869589 254 210 173 255 
-3.404013 -0.3242782 6.693026 251 240 210 255 
-3.142479 -0.7432241 6.94914 250 206 179 255 
-2.039049 -0.5877853 7.542825 237 137 88 255 
3.412299 -0.5549251 7.050893 231 184 142 255 
10.85071 -0.814625 4.502536 251 200 153 255 
16.73567 -1.61916 2.256859 239 164 124 255 
18.50995 -1.911728 1.009951 251 210 156 255 
20.23233 -2.089657 -0.1022052 252 215 163 255 
23.83043 -2.69335 -1.557709 237 174 139 255 
-22.97271 -3.92337 -3.023608 187 122 104 255 
-20.4157 -3.408734 -1.97183 255 199 162 255 
-15.40915 -2.414294 1.157506 255 217 178 255 
-11.92207 -2.437023 3.171233 255 204 165 255 
-7.703541 -0.7801493 5.925406 250 161 117 255 
-5.130113 -0.6554775 6.844948 239 153 104 255 
13.39805 -0.6287895 3.668104 242 202 151 255 
14.90419 -1.530488 2.76097 240 188 140 255 
17.30151 -1.711486 1.877605 255 200 159 255 
22.25554 -2.563661 -0.6904255 220 127 94 255 
23.8466 -2.794402 -1.558684 235 196 155 255 
-22.94431 -4.015963 -2.995152 200 136 111 255 
-22.64884 -3.521165 -3.003495 193 114 97 255 
-17.85616 -3.223159 -0.04295073 232 151 106 255 
-14.22428 -2.34083 2.243346 233 148 111 255 
-7.324318 -0.8115773 5.933227 249 160 126 255 
-6.476329 -1.473883 5.873672 255 199 157 255 
-0.8970133 -0.5913045 7.093566 252 217 179 255 
1.392735 -0.4201618 6.996572 255 209 166 255 
1.58375 -0.4655149 6.988881 255 198 158 255 
2.142064 -0.3852103 7.19648 247 177 128 255 
3.635548 -1.525399 6.956161 241 183 143 255 
4.997017 -0.6520533 6.817175 234 165 124 255 
11.08466 -1.183631 4.547248 247 190 145 255 
14.2264 -1.565897 3.037409 245 201 152 255 
23.86049 -2.89555 -1.559382 239 206 165 255 
-22.91591 -4.108685 -2.967337 210 153 124 255 
-22.18457 -3.95632 -2.715833 200 141 111 255 
-14.01639 -2.112444 2.408692 236 147 113 255 
-11.14729 -1.627514 3.986001 239 147 108 255 
-10.17235 -1.559771 4.501605 213 88 68 255 
-2.656532 -0.6288191 7.378608 235 151 105 255 
-1.571943 -0.9808371 7.287391 240 154 107 255 
0.2610866 -0.3135057 7.746174 242 169 134 255 
6.671644 -0.7509832 6.060053 241 192 149 255 
9.019117 -0.4995063 5.692682 226 133 92 255 
12.64456 -1.293199 4.0755 222 132 95 255 
12.93856 -1.735148 3.77478 244 194 145 255 
19.06035 -2.222698 0.6646644 251 217 172 255 
23.87114 -2.996423 -1.559141 245 216 176 255 
-22.88713 -4.201635 -2.940482 214 159 129 255 
-21.06351 -3.944881 -2.264028 214 135 104 255 
-16.27573 -2.357257 0.5810452 249 197 157 255 
-14.00349 -3.227829 2.234306 234 150 116 255 
-11.00229 -1.037325 4.164471 239 155 111 255 
-8.887453 -2.099153 4.695737 254 201 167 255 
-7.557478 -0.7486834 5.954595 250 174 138 255 
-0.2285675 -1.016451 7.657249 247 165 141 255 
2.707366 -0.8919183 7.536745 220 108 70 255 
2.947984 -0.9330992 7.417031 224 140 104 255 
7.912855 -1.115761 6.014376 235 167 130 255 
9.660413 -0.9358184 5.164095 241 196 155 255 
10.54362 -1.524246 4.697254 247 200 156 255 
15.56291 -1.839618 2.812586 227 145 105 255 
15.78745 -1.998941 2.771878 204 96 68 255 
17.75523 -2.617935 1.47449 254 211 166 255 
23.87782 -3.097011 -1.557656 235 217 181 255 
-22.85786 -4.294654 -2.914099 218 158 124 255 
-21.50332 -3.192249 -2.616839 209 134 103 255 
-13.47739 -2.444321 2.691342 248 157 128 255 
-4.846383 -1.075824 7.069909 218 110 64 255 
-2.418732 0.02435112 7.490307 240 145 99 255 
-0.6092553 -0.868322 7.332287 255 229 192 255 
14.26659 -1.893788 3.079406 246 189 144 255 
22.4959 -2.92217 -0.7894736 239 168 122 255 
23.79056 -2.909571 -1.587604 252 222 186 255 
23.88002 -3.197321 -1.554931 240 217 183 255 
-22.82799 -4.387878 -2.88836 222 162 126 255 
-21.1945 -4.397684 -2.229172 211 151 114 255 
-19.54481 -3.378955 -1.359533 246 184 143 255 
-17.02409 -2.958019 0.4435886 226 145 115 255 
-12.5363 -2.319842 2.879118 248 172 136 255 
-8.39911 -1.565655 5.192936 255 208 172 255 
0.9779963 -0.7973208 7.262434 252 204 166 255 
5.284985 -0.7020244 6.875813 234 156 108 255 
5.619674 -0.6734626 6.801546 220 113 77 255 
6.951913 -0.9608898 5.943073 241 203 154 255 
7.318563 -1.044904 5.906429 241 199 149 255 
7.987442 -2.056199 6.166686 229 132 89 255 
8.455339 -1.779631 5.919153 228 135 94 255 
11.74958 -1.561821 4.632621 221 124 79 255 
23.47264 -3.247714 -1.452697 255 226 185 255 
23.87748 -3.297441 -1.550982 237 221 187 255 
-22.79734 -4.481134 -2.863241 226 168 131 255 
-17.76214 -2.734474 0.01110827 210 110 84 255 
-15.32785 -2.923484 1.140124 253 218 180 255 
-9.379259 -2.120884 4.554137 250 177 142 255 
-8.040732 -0.6037362 5.700706 251 162 128 255 
-4.254238 -1.159486 6.979115 255 213 182 255 
-0.9513449 -1.458794 7.271264 255 211 176 255 
0.2539675 -0.8844267 7.756788 247 175 137 255 
1.72416 -1.335763 7.302571 248 184 140 255 
13.28904 -2.09934 3.470887 243 194 151 255 
15.97643 -2.240358 2.660082 229 132 97 255 
17.51525 -2.273801 1.651062 255 215 167 255 
23.87015 -3.397181 -1.545471 238 225 190 255 
-22.76604 -4.574487 -2.838441 226 168 131 255 
-19.03174 -4.021258 -0.9921322 244 193 150 255 
-17.33337 -3.530569 0.3524562 229 148 119 255 
-15.52363 -3.022406 1.008998 253 209 170 255 
-11.09847 -2.283097 3.910663 230 131 99 255 
-10.36765 -2.379876 4.53541 235 132 101 255 
-3.796763 -1.460225 6.904316 255 222 197 255 
2.403283 -0.7391701 7.51689 234 134 85 255 
7.021498 -1.883054 6.096748 242 200 152 255 
9.96815 -1.497293 4.927521 252 211 165 255 
16.44506 -2.710284 2.216999 246 197 154 255 
19.33477 -2.415493 0.5345436 253 213 161 255 
21.0879 -2.92548 -0.1367527 220 128 89 255 
21.93081 -3.047904 -0.489223 234 162 122 255 
23.85842 -3.496641 -1.538721 235 222 188 255 
-22.73406 -4.667959 -2.814272 230 178 139 255 
-20.05609 -3.377733 -1.726966 242 188 142 255 
-14.77715 -3.117049 1.553088 251 213 176 255 
-11.76561 -2.302259 3.295349 253 194 160 255 
-8.332262 -0.6659086 5.402454 249 173 137 255 
-6.006015 -1.133983 5.967533 255 195 160 255 
-5.436799 -1.616484 6.520247 246 181 139 255 
-2.620599 -1.302461 7.493871 242 158 121 255 
-1.130623 -1.241359 7.206836 254 199 160 255 
4.279389 -1.046289 6.76085 249 190 150 255 
5.841979 -0.751924 6.678583 225 144 91 255 
11.98579 -1.848617 4.495969 235 156 117 255 
23.84264 -3.595817 -1.530727 246 230 194 255 
-22.7016 -4.761446 -2.790413 228 174 138 255 
-22.65828 -4.17298 -2.859379 229 176 136 255 
-15.41619 -3.445511 1.108969 255 210 176 255 
-10.04134 -2.175915 4.629868 227 130 88 255 
-6.6982 -1.484778 5.913425 248 163 124 255 
-5.801063 -1.026366 6.128406 255 204 166 255 
1.179999 -1.510645 7.297661 255 222 187 255 
11.60652 -1.477677 4.654961 238 136 98 255 
13.55479 -2.370301 3.345918 242 204 155 255 
21.19266 -3.270502 -0.1635247 222 147 115 255 
23.8236 -3.694751 -1.521642 245 231 194 255 
-22.66902 -4.855038 -2.766878 223 169 135 255 
-21.76364 -4.675698 -2.445633 208 158 123 255 
-13.70024 -2.876907 2.554651 231 142 108 255 
-9.072128 -2.160837 4.613945 255 190 153 255 
-4.721515 -1.797388 7.144972 224 121 90 255 
-3.541332 -1.607938 6.936679 252 198 164 255 
-1.357846 -1.230608 7.234343 253 188 150 255 
1.893265 -1.582178 7.459063 248 175 124 255 
3.303025 -1.582943 7.137599 242 188 144 255 
3.956647 -1.454194 6.866495 246 188 150 255 
5.176577 -1.526705 7.069889 220 117 74 255 
18.67103 -3.197092 1.025222 249 189 135 255 
19.60157 -2.869005 0.5440826 229 150 107 255 
23.80198 -3.793379 -1.511297 245 237 200 255 
-22.63637 -4.948704 -2.743819 223 164 132 255 
-20.42202 -4.60531 -1.80179 220 137 107 255 
-19.26095 -4.363856 -1.138374 239 177 136 255 
-16.34882 -3.496847 0.8785946 228 145 115 255 
-13.22205 -3.005283 2.891853 230 125 95 255 
-12.87071 -2.928921 3.025672 245 165 130 255 
-6.102711 -2.668447 6.153945 255 189 152 255 
-5.088044 -1.61782 6.878588 243 169 132 255 
-4.484249 -1.467108 7.132067 229 125 96 255 
-3.290106 -1.584419 7.004411 251 191 155 255 
-2.262154 -1.580559 7.67516 240 149 102 255 
-1.950176 -1.600221 7.583263 234 143 96 255 
-0.06319702 -1.459312 7.754781 236 144 97 255 
0.5304308 -1.799862 7.584342 244 149 103 255 
6.021219 -1.605529 6.45482 237 189 140 255 
14.66998 -2.226321 3.092121 234 167 125 255 
15.5609 -2.866664 2.775394 226 143 93 255 
20.06932 -3.212521 0.4027426 236 166 132 255 
23.77868 -3.891712 -1.499994 239 235 197 255 
-22.60413 -5.042429 -2.720928 229 164 134 255 
-22.22172 -4.856701 -2.632001 222 165 135 255 
-15.28781 -4.022375 1.297917 242 178 151 255 
-12.14259 -2.935456 3.10828 255 197 163 255 
-8.650963 -2.02128 4.878514 255 204 161 255 
-7.657297 -2.205752 5.930584 254 191 156 255 
-6.421089 -2.332664 6.071686 252 174 138 255 
-5.491735 -2.146607 6.471861 252 181 151 255 
-3.889274 -1.762021 6.992017 255 189 163 255 
-2.985436 -1.721406 7.222014 245 180 148 255 
0.8482014 -1.456068 7.407747 255 225 188 255 
1.407212 -1.580579 7.29372 255 196 152 255 
9.980677 -2.03505 4.97409 239 187 140 255 
11.38205 -2.305807 4.753561 219 106 72 255 
12.52143 -2.484581 3.973272 243 201 151 255 
13.14364 -2.60721 3.58959 242 198 151 255 
15.03246 -2.485736 3.086071 223 118 86 255 
17.83032 -3.1052 1.445051 246 197 139 255 
22.28938 -3.881013 -0.8083857 250 222 175 255 
22.79573 -3.631925 -1.059061 248 226 179 255 
23.75446 -3.989769 -1.487574 240 230 194 255 
-22.57255 -5.136185 -2.698359 229 168 139 255 
-20.11843 -4.131789 -1.704259 219 130 98 255 
-10.97741 -3.014694 3.878041 251 189 150 255 
-9.84804 -2.896359 4.840931 225 112 82 255 
-1.577633 -1.580227 7.35205 251 174 130 255 
6.4495 -1.754803 6.190534 241 194 152 255 
6.709034 -1.862429 6.124848 249 203 154 255 
9.085234 -2.041647 5.412692 246 203 152 255 
10.82505 -2.119902 4.869243 234 150 104 255 
16.71256 -2.890904 2.017739 255 225 181 255 
23.73009 -4.087456 -1.474015 239 231 195 255 
-22.54161 -5.230057 -2.676123 230 168 131 255 
-21.13666 -4.817042 -2.150728 206 120 95 255 
-9.594441 -2.844917 4.874374 239 141 104 255 
-8.284192 -2.587662 5.181729 255 209 173 255 
-7.23856 -2.417507 6.210962 244 147 104 255 
-3.773583 -2.341896 7.03919 249 180 151 255 
-0.5426113 -1.556815 7.505492 254 210 173 255 
2.277107 -1.691875 7.749222 221 111 76 255 
4.227165 -1.672697 6.984855 249 186 142 255 
17.5033 -3.580036 1.65321 250 213 161 255 
23.70612 -4.184902 -1.459487 243 234 201 255 
-22.51152 -5.323909 -2.654049 221 157 122 255 
-14.643 -4.130277 1.593085 249 197 160 255 
-14.25737 -3.765193 1.891272 247 204 159 255 
-13.30019 -3.464608 2.790892 227 128 97 255 
-8.747285 -3.046338 4.879014 255 181 147 255 
-6.94662 -2.905807 6.326376 251 154 111 255 
-2.259775 -2.043165 7.803164 233 140 99 255 
4.595649 -1.801482 7.189152 235 151 107 255 
6.034001 -2.270918 6.420286 244 193 148 255 
7.662254 -2.09872 6.24346 237 147 113 255 
9.411717 -2.265252 5.197263 248 198 149 255 
11.52649 -2.723415 4.58703 238 166 126 255 
15.19955 -2.77261 3.013437 209 134 95 255 
19.47448 -3.807392 0.8474616 211 112 89 255 
23.68299 -4.281857 -1.443483 240 233 204 255 
-22.4822 -5.417772 -2.631985 214 151 116 255 
-17.9056 -4.466436 -0.1319435 247 202 163 255 
-14.7831 -4.284187 1.553523 246 187 153 255 
-11.18904 -3.312906 3.653008 255 201 163 255 
-10.30104 -3.184609 4.467125 249 185 147 255 
-6.766795 -2.850006 6.325036 254 161 120 255 
-6.920077 -2.2213 6.188335 255 207 173 255 
-5.85636 -2.602839 6.217988 255 191 153 255 
0.1137516 -1.895555 7.738514 242 147 101 255 
4.803085 -1.805848 7.222446 223 114 73 255 
9.385011 -2.817065 5.209829 239 181 133 255 
10.30333 -2.253212 4.948779 238 162 130 255 
13.48524 -2.842505 3.504882 238 177 132 255 
14.37133 -2.991153 3.401295 217 115 75 255 
21.43331 -3.878283 -0.3763092 249 208 162 255 
23.15292 -3.992857 -1.272498 241 231 196 255 
23.66102 -4.378422 -1.426327 241 234 206 255 
-22.4534 -5.511642 -2.609926 215 157 119 255 
-16.55834 -4.104869 0.8741738 235 179 146 255 
-15.97894 -4.073923 1.145996 222 141 121 255 
-11.71163 -3.607049 3.431037 255 195 161 255 
-4.718965 -2.554343 7.193219 237 138 97 255 
-4.501739 -2.458022 7.294135 227 135 98 255 
-2.434639 -2.068113 7.68845 237 144 103 255 
0.3275594 -2.256151 7.712217 242 149 106 255 
2.221033 -2.289275 7.788695 226 121 63 255 
3.452691 -2.717098 7.145688 255 198 160 255 
6.637143 -2.606077 6.31862 243 192 147 255 
12.03546 -2.778704 4.235518 245 200 158 255 
17.06843 -3.279203 1.804203 255 228 185 255 
20.26464 -3.716731 0.352044 238 157 114 255 
23.64018 -4.47463 -1.407866 239 232 203 255 
-22.42471 -5.605375 -2.587695 223 170 130 255 
-18.22911 -4.690835 -0.3654384 242 180 143 255 
-17.26103 -4.039032 0.3723467 244 184 148 255 
-7.610338 -2.865863 5.871336 255 189 150 255 
-7.373608 -2.489636 6.152331 254 168 133 255 
12.00455 -3.37666 4.128593 250 207 162 255 
15.84674 -3.406637 2.457631 249 213 165 255 
18.00298 -3.554118 1.448481 230 139 94 255 
19.00736 -3.660099 1.039842 223 119 82 255 
23.62027 -4.570346 -1.387929 240 231 200 255 
-22.39578 -5.698839 -2.564647 225 173 134 255 
-19.12013 -4.722372 -0.9981191 231 161 127 255 
-16.5707 -5.085589 0.7190248 244 184 148 255 
-16.55694 -3.811634 0.8650898 211 110 82 255 
-12.81958 -3.747142 3.098953 220 110 83 255 
-12.24025 -3.59333 3.336043 245 161 135 255 
-11.47599 -3.390651 3.470217 253 201 161 255 
-9.130808 -2.993448 4.853169 253 169 133 255 
-7.990351 -3.137635 5.394801 253 200 160 255 
-0.2375678 -2.152832 7.770586 255 176 137 255 
0.8115112 -2.014677 7.449114 255 200 159 255 
2.539967 -1.4573 7.701181 227 120 88 255 
7.196972 -2.580575 6.388393 234 161 118 255 
11.48142 -3.551143 4.386666 248 194 150 255 
14.06824 -3.4733 3.520808 214 111 80 255 
21.80095 -4.341347 -0.5985563 242 229 187 255 
23.60123 -4.665623 -1.36668 240 229 197 255 
-22.36606 -5.792164 -2.540949 230 176 138 255 
-22.209 -5.358316 -2.552567 226 174 135 255 
-20.33347 -5.270592 -1.702876 218 127 96 255 
-14.85595 -4.587225 1.609915 232 154 134 255 
-14.43218 -4.092701 1.721623 248 203 162 255 
-9.638211 -3.560638 4.892219 228 109 85 255 
-2.248106 -2.581564 7.78477 238 149 107 255 
1.690278 -2.465527 7.584928 246 174 124 255 
4.508441 -2.647149 7.355942 232 129 84 255 
8.86102 -3.282191 5.370674 249 187 140 255 
13.71896 -3.221963 3.575536 229 143 108 255 
23.486 -4.346275 -1.420496 244 230 195 255 
23.58264 -4.760552 -1.344134 241 222 192 255 
-22.33503 -5.885012 -2.516086 225 175 138 255 
-13.56922 -4.593433 2.266141 255 215 183 255 
-10.11264 -2.983203 4.668886 232 127 97 255 
-4.332704 -2.324493 7.277728 227 133 99 255 
-3.49625 -2.423574 7.006809 255 205 170 255 
-2.101604 -2.169753 7.806709 237 139 102 255 
-1.394993 -2.309154 7.318349 255 202 165 255 
4.758955 -2.793291 7.286618 219 130 90 255 
7.417067 -2.84368 6.392936 243 156 113 255 
8.563283 -2.865904 5.589627 237 174 131 255 
10.63833 -2.878009 5.035533 232 143 101 255 
12.59877 -3.095782 3.905946 247 204 161 255 
14.63068 -3.260317 3.302377 228 140 104 255 
16.31324 -3.788185 2.123652 253 222 176 255 
20.64285 -4.256951 0.06837406 253 192 138 255 
23.56394 -4.855003 -1.320125 240 221 188 255 
-22.30219 -5.977439 -2.489748 225 176 143 255 
-19.88953 -5.797573 -1.419886 221 145 111 255 
-17.00223 -5.15649 0.3979987 251 218 187 255 
-8.993961 -3.942039 5.182027 251 169 129 255 
-6.239492 -2.903209 6.213802 245 156 122 255 
-1.144124 -2.325785 7.312616 255 212 178 255 
0.05696749 -2.715483 8.013199 247 155 116 255 
1.381754 -2.427889 7.448571 255 219 182 255 
1.46518 -2.953223 7.564163 239 141 96 255 
2.709216 -2.590406 7.483339 245 181 143 255 
3.146272 -2.617027 7.225071 247 184 143 255 
6.247381 -2.626323 6.353961 247 197 148 255 
15.62228 -4.035557 2.498871 253 216 163 255 
21.13219 -4.620459 -0.249963 255 227 185 255 
23.54484 -4.949087 -1.294981 240 218 179 255 
-22.26716 -6.069251 -2.461594 227 176 145 255 
-22.24256 -6.167925 -2.476681 227 175 138 255 
-19.79981 -5.197471 -1.369328 210 130 107 255 
-11.26408 -4.343571 3.693535 247 173 144 255 
-10.6782 -3.716892 3.978822 243 167 131 255 
-9.360501 -3.445198 5.004916 237 148 108 255 
0.5291877 -2.646792 7.570917 254 181 140 255 
1.155441 -2.026996 7.363916 255 216 184 255 
3.840882 -2.681544 7.147689 250 177 142 255 
5.948433 -3.697366 6.553475 244 188 141 255 
7.956288 -2.702713 6.086581 232 165 122 255 
10.02791 -3.543275 5.255565 228 123 91 255 
12.95417 -3.430055 3.811774 239 166 125 255 
13.38995 -3.824283 3.823275 233 167 119 255 
17.95295 -4.220512 1.639753 226 134 97 255 
18.7684 -4.233729 1.265336 213 120 86 255 
23.52492 -5.042947 -1.26888 237 209 169 255 
-22.22983 -6.160581 -2.431795 231 180 153 255 
-16.34885 -4.68195 0.957083 252 209 178 255 
-14.19261 -4.872447 1.890123 248 190 153 255 
-13.34396 -3.968374 2.639029 254 192 155 255 
-10.65967 -4.275943 3.903271 254 198 161 255 
-3.091545 -2.309438 7.175183 255 254 231 255 
2.128732 -2.726659 7.932105 243 148 104 255 
4.918211 -3.222166 7.049707 232 151 106 255 
5.378338 -2.761785 6.814951 237 175 128 255 
7.896792 -3.757965 5.839691 245 192 150 255 
10.02587 -3.11564 5.191675 221 125 87 255 
23.50371 -5.136613 -1.242144 233 198 158 255 
-22.19014 -6.251292 -2.400179 230 183 157 255 
-18.60147 -5.439622 -0.546891 202 111 93 255 
-17.88632 -4.912687 -0.12922 249 212 181 255 
-15.67134 -4.661623 1.373214 211 110 82 255 
-11.62465 -4.533041 3.6926 245 165 140 255 
-10.98563 -4.323002 3.752104 251 180 152 255 
-8.529889 -2.870157 4.957599 253 185 146 255 
-7.361686 -3.776466 5.904927 255 201 162 255 
-5.569368 -2.585439 6.407222 255 202 171 255 
-4.876664 -2.986468 6.995326 242 160 123 255 
-4.562776 -3.268795 7.18093 246 154 117 255 
-0.4743107 -2.937207 7.657306 255 191 152 255 
2.426908 -2.735261 7.713144 247 164 124 255 
7.019765 -3.320222 6.500552 238 143 97 255 
9.191585 -3.298691 5.327535 235 158 114 255 
14.34213 -3.806309 3.337425 246 192 154 255 
19.47217 -4.311244 0.8174651 246 186 134 255 
22.28845 -5.212293 -0.7574239 255 223 176 255 
23.48091 -5.230195 -1.2151 238 194 155 255 
-22.14809 -6.341384 -2.366745 230 189 159 255 
-8.340607 -3.84168 5.097538 255 187 148 255 
-2.758487 -3.303345 7.374475 255 224 196 255 
-2.189217 -3.507588 7.70393 241 153 107 255 
-1.666945 -2.379041 7.420343 249 170 131 255 
5.576218 -3.10579 6.636886 243 181 134 255 
10.9016 -4.341239 4.622301 246 197 154 255 
16.61638 -4.036467 2.035491 242 163 122 255 
22.7486 -4.753975 -1.041079 238 194 149 255 
23.45657 -5.323851 -1.188238 230 180 145 255 
-22.10387 -6.430934 -2.331971 229 195 158 255 
-20.96141 -5.816622 -2.030608 220 146 109 255 
-20.33279 -6.299966 -1.721942 221 142 103 255 
-12.58199 -4.371267 3.168925 229 124 92 255 
-9.63541 -4.34883 4.76446 245 162 122 255 
-8.040236 -3.549378 5.273416 255 199 156 255 
-7.142566 -3.517814 6.162376 247 158 114 255 
-5.94186 -4.118205 6.323219 249 174 142 255 
2.181302 -3.074606 7.889625 241 145 103 255 
4.489779 -3.262954 7.284583 223 111 74 255 
13.12886 -4.155222 3.910865 234 137 95 255 
15.11788 -3.894681 2.833514 255 213 171 255 
20.51407 -4.871975 0.06634554 252 215 162 255 
21.66249 -4.924854 -0.5094659 253 227 176 255 
23.35945 -5.170683 -1.280849 227 168 128 255 
23.43039 -5.417608 -1.161874 212 156 123 255 
-22.05783 -6.520032 -2.295875 234 195 154 255 
-22.04251 -6.33609 -2.367048 233 196 151 255 
-14.44022 -5.183242 1.903717 242 175 142 255 
-6.409304 -3.676309 6.375059 248 154 128 255 
0.6199508 -3.230356 7.447543 251 206 165 255 
2.590448 -3.593303 7.42237 255 193 145 255 
4.217072 -3.02002 7.320438 240 151 107 255 
5.215408 -3.425288 6.808081 238 180 132 255 
14.02928 -4.126187 3.462412 238 172 138 255 
23.40265 -5.511729 -1.13682 219 149 113 255 
-22.01034 -6.608588 -2.258915 235 194 150 255 
-21.30101 -6.268594 -2.090486 234 186 150 255 
-19.09679 -5.929339 -0.8612419 200 113 93 255 
-13.74526 -5.022892 2.099285 255 211 176 255 
-13.19953 -5.357189 2.413345 254 208 174 255 
-11.77396 -4.64836 3.655722 236 134 112 255 
-7.840024 -4.282121 5.363529 255 192 151 255 
-1.992619 -3.279692 7.681369 241 148 107 255 
-0.7956834 -2.32021 7.432013 255 218 185 255 
0.4359054 -3.246633 7.550132 251 176 137 255 
5.670691 -3.453724 6.577986 245 191 145 255 
7.269596 -3.544813 6.393544 239 161 113 255 
10.20082 -3.808857 5.181982 225 126 87 255 
10.69564 -3.766349 4.886243 229 140 100 255 
12.12297 -3.950965 4.06813 246 185 141 255 
13.62096 -4.001947 3.75018 227 140 97 255 
14.5123 -4.500217 3.001855 254 221 180 255 
17.62196 -4.581828 1.857782 220 111 78 255 
23.37339 -5.606319 -1.113401 209 134 102 255 
-21.9615 -6.69685 -2.221591 235 192 147 255 
-19.94375 -6.283942 -1.484013 231 149 111 255 
-18.30598 -6.019059 -0.3683174 195 99 83 255 
-6.779505 -3.709086 6.367493 236 146 112 255 
-3.068062 -3.667839 7.169573 255 199 172 255 
-0.1557208 -3.074456 7.897915 255 192 151 255 
3.370521 -3.455612 7.212147 255 203 163 255 
8.383751 -3.494385 5.563545 245 188 143 255 
8.833097 -3.70839 5.422758 247 180 138 255 
11.88925 -4.413156 4.20025 243 189 142 255 
15.15482 -4.454976 2.699666 255 226 187 255 
15.56998 -4.695135 2.500919 254 214 163 255 
16.21675 -4.704387 2.276283 233 150 106 255 
18.90338 -4.678545 1.134197 241 174 129 255 
23.34282 -5.701482 -1.091939 202 121 91 255 
-21.91163 -6.784672 -2.184202 234 185 144 255 
-16.13643 -5.69838 0.8934376 246 213 182 255 
-8.81851 -4.443293 5.273415 223 103 78 255 
-8.62263 -3.757074 5.064297 250 160 126 255 
-4.97568 -3.526364 6.807399 248 164 128 255 
-4.338502 -3.555463 7.235353 233 136 94 255 
-3.505895 -3.483778 7.036387 254 194 160 255 
-1.68964 -4.366892 7.46809 254 179 139 255 
-1.186288 -3.442591 7.311813 255 205 172 255 
-0.02303644 -3.26927 7.963536 250 155 111 255 
0.3905489 -3.808003 7.567353 255 179 140 255 
6.875487 -3.986004 6.525849 239 137 97 255 
13.2734 -4.542926 3.813824 235 168 123 255 
19.81779 -5.07272 0.4746349 254 214 162 255 
23.31136 -5.797372 -1.072918 194 108 81 255 
-21.8607 -6.872108 -2.146908 233 177 140 255 
-20.55284 -6.501732 -1.807582 225 166 126 255 
-14.9284 -5.441638 1.765268 214 118 92 255 
-3.706218 -3.421801 7.062324 238 144 116 255 
6.456427 -3.943149 6.629198 244 161 121 255 
8.264444 -4.054257 5.565585 248 189 145 255 
23.27925 -5.893901 -1.056325 184 96 72 255 
-21.80886 -6.958959 -2.109841 229 166 135 255 
-19.35201 -6.545541 -1.092641 225 171 133 255 
-11.11498 -5.099648 3.878843 251 166 137 255 
-5.184183 -4.15672 6.563882 255 198 162 255 
-4.099005 -3.643326 7.221758 234 134 102 255 
-1.485157 -3.450306 7.349495 255 186 147 255 
2.168046 -3.997792 7.634889 241 151 114 255 
2.887021 -3.774835 7.271299 251 195 160 255 
14.36618 -5.058845 2.896974 253 224 184 255 
23.24688 -5.991117 -1.042318 188 97 70 255 
-21.75567 -7.045357 -2.073171 227 160 134 255 
-17.82468 -5.933838 -0.06819263 217 141 123 255 
-12.25145 -5.014322 3.275275 239 160 127 255 
-10.13869 -4.825724 4.198446 250 182 147 255 
-7.899288 -4.720416 5.334691 253 174 135 255 
-3.495753 -4.433802 7.104795 243 168 139 255 
-2.058249 -4.091963 7.720879 246 162 116 255 
1.972101 -3.640418 7.78694 243 145 100 255 
3.115741 -4.070632 7.233048 255 201 165 255 
3.974175 -3.85559 7.405431 254 183 141 255 
9.729255 -4.387377 5.422487 229 151 112 255 
10.34775 -4.31583 4.974367 235 162 121 255 
15.46174 -5.218181 2.571103 241 172 131 255 
17.83862 -4.947508 1.720935 247 186 142 255 
20.30334 -5.445123 0.1451378 252 220 169 255 
23.2144 -6.089101 -1.030905 193 104 74 255 
-21.70113 -7.130993 -2.036702 218 145 126 255 
-16.5616 -5.87233 0.6187975 239 192 166 255 
-12.78301 -5.408581 2.721161 250 185 145 255 
-10.02827 -4.426152 4.380615 245 160 121 255 
-6.440655 -4.234609 6.586804 248 166 128 255 
-6.145035 -4.660882 6.4743 248 165 131 255 
-4.670518 -4.200765 7.001943 251 175 139 255 
-4.404297 -4.09928 7.201307 240 143 101 255 
11.12627 -4.689485 4.459239 237 183 139 255 
19.12757 -5.397954 0.8325268 253 223 171 255 
21.21425 -5.544475 -0.2646645 224 139 100 255 
23.18204 -6.18766 -1.021748 191 105 78 255 
-21.64482 -7.215863 -2.000428 214 138 125 255 
-21.67592 -6.895828 -2.039134 219 146 129 255 
-11.9462 -4.782532 3.557254 236 150 115 255 
-9.077265 -4.324879 5.213562 242 143 102 255 
-7.458499 -4.414152 5.673272 255 177 141 255 
-6.820999 -4.274433 6.305665 253 179 142 255 
-0.441324 -3.902398 7.723821 253 156 123 255 
1.800241 -3.446964 7.770811 255 183 146 255 
9.490962 -4.257191 5.522155 223 124 85 255 
12.59038 -4.611965 4.119106 237 146 93 255 
14.07307 -4.948512 3.087729 248 205 162 255 
16.7399 -5.262167 2.212119 232 130 90 255 
23.00856 -5.735226 -0.9642326 193 111 89 255 
23.14996 -6.286738 -1.014682 191 110 93 255 
-21.58676 -7.299828 -1.964177 222 155 136 255 
-19.95438 -6.907409 -1.462881 228 159 117 255 
-14.67206 -5.917591 1.85462 247 218 189 255 
-9.151802 -4.59417 5.124738 236 159 115 255 
-5.822131 -3.706567 6.278906 255 209 175 255 
1.179633 -3.359224 7.468472 253 213 178 255 
5.270913 -3.985442 6.703439 251 184 141 255 
5.555788 -4.136371 6.61965 253 197 150 255 
6.181775 -4.52881 6.677068 245 170 131 255 
12.75338 -5.060951 4.009383 241 156 117 255 
23.1182 -6.386451 -1.009566 194 113 94 255 
-21.5268 -7.383001 -1.927805 233 176 156 255 
-18.55541 -6.893421 -0.6036738 233 165 128 255 
-6.488682 -4.713565 6.445571 251 161 127 255 
-4.12011 -4.27925 7.27627 239 155 119 255 
-2.781739 -4.378977 7.300884 255 193 159 255 
0.02764929 -4.063211 7.735234 253 166 121 255 
8.678252 -4.544841 5.48387 251 178 135 255 
10.09846 -4.951506 4.926241 235 152 108 255 
14.55883 -5.487488 2.824618 254 196 156 255 
17.85266 -5.915259 1.465736 254 216 169 255 
22.14478 -6.377483 -0.5644373 206 117 83 255 
23.08664 -6.486471 -1.00589 205 124 103 255 
-21.46539 -7.465337 -1.891155 246 192 166 255 
-21.0098 -7.275652 -1.768095 224 153 121 255 
-19.09328 -7.123705 -0.9507543 227 149 111 255 
-14.63888 -5.359582 1.893595 232 152 129 255 
-13.10079 -5.879485 2.456982 248 184 148 255 
-10.25268 -5.26404 4.108407 254 185 143 255 
-5.03471 -4.845965 6.592496 255 202 168 255 
-0.9324324 -4.042431 7.452261 255 209 173 255 
0.6661723 -4.086695 7.429632 255 206 167 255 
2.789757 -4.583655 7.168117 251 187 151 255 
4.912442 -4.712566 6.755226 255 194 147 255 
13.57327 -5.49744 3.31616 250 206 159 255 
15.6506 -5.559979 2.597502 234 147 104 255 
15.93591 -5.677525 2.534229 213 106 70 255 
18.42417 -5.750004 1.138972 254 222 173 255 
20.32412 -5.955976 0.1250733 251 195 138 255 
23.05513 -6.586864 -1.003353 205 127 104 255 
-21.40275 -7.547115 -1.854578 252 195 168 255 
-19.48002 -7.044917 -1.179283 230 163 121 255 
-11.0942 -5.537052 3.91453 236 124 100 255 
-9.650884 -5.315301 4.46423 244 168 134 255 
-7.396415 -5.413149 5.572808 246 199 169 255 
-0.1489079 -4.032138 7.78005 252 171 126 255 
4.266448 -3.99732 7.295608 246 168 120 255 
5.417698 -4.694005 6.651731 255 205 158 255 
6.62475 -4.525187 6.529406 228 127 83 255 
21.11558 -6.420421 -0.1213845 219 115 88 255 
23.02338 -6.687441 -1.001622 212 137 106 255 
-21.33978 -7.628624 -1.81843 250 189 160 255 
-21.27718 -7.710128 -1.782753 240 186 148 255 
-17.1762 -6.320991 0.3183669 197 104 86 255 
-14.21482 -6.054534 2.097268 224 136 114 255 
-8.053843 -5.030293 5.350414 250 156 128 255 
-5.502779 -4.047627 6.369851 255 206 173 255 
11.37289 -5.207867 4.391479 244 175 134 255 
14.80812 -5.990286 2.877394 226 142 96 255 
17.07434 -5.817019 1.919899 253 213 177 255 
22.99107 -6.788132 -1.000224 220 152 115 255 
-21.21589 -7.792077 -1.748394 229 184 142 255 
-16.72281 -6.168125 0.5294522 226 147 132 255 
-11.61615 -5.729818 3.55886 240 152 116 255 
-10.89127 -6.087799 3.950709 242 151 124 255 
-10.62928 -5.531103 4.024678 250 170 137 255 
-7.502304 -5.958005 5.507517 255 242 213 255 
-7.179195 -4.964523 5.816291 254 185 144 255 
-6.110727 -5.091943 6.576895 254 167 140 255 
1.239759 -4.55511 7.528064 252 170 130 255 
1.810835 -4.303281 7.797307 231 124 82 255 
19.63743 -7.112106 0.6029506 251 202 146 255 
22.95768 -6.888648 -0.9985009 226 162 124 255 
-21.15689 -7.874931 -1.715733 234 185 144 255 
-20.19358 -7.675159 -1.433234 226 138 100 255 
-13.51636 -6.40656 2.411497 228 136 113 255 
-12.69074 -5.952417 2.66716 252 189 145 255 
-9.872571 -6.017128 4.255375 247 187 150 255 
-9.794693 -5.501985 4.322184 247 167 134 255 
-5.710481 -5.081025 6.387349 253 182 152 255 
-3.070279 -4.565845 7.144902 253 193 159 255 
-2.218079 -4.095054 7.715936 252 169 129 255 
-1.532915 -4.362586 7.401587 255 175 140 255 
0.3300132 -4.70746 7.529592 253 209 170 255 
1.873419 -4.850091 7.619907 238 147 94 255 
2.2837 -4.662016 7.309761 245 158 104 255 
2.498103 -4.620734 7.218011 250 182 145 255 
3.642157 -4.735748 7.344564 231 132 93 255 
7.065679 -5.141144 6.07227 249 188 141 255 
7.405218 -4.877348 5.886851 252 189 148 255 
13.8806 -5.813279 3.113639 255 212 167 255 
22.73929 -6.667912 -0.8692253 231 164 121 255 
22.92282 -6.989056 -0.9961552 230 167 124 255 
-21.10083 -7.958858 -1.685266 235 179 142 255 
-17.62116 -6.722329 0.03894819 200 113 94 255 
-15.87162 -5.103423 1.21685 244 184 148 255 
-8.906028 -5.636915 4.985697 243 158 119 255 
-6.530046 -5.469002 6.267006 247 151 111 255 
-4.848256 -5.692067 6.587595 255 196 162 255 
-1.224777 -4.268722 7.363996 255 195 163 255 
8.095974 -4.639595 5.58601 251 188 144 255 
9.347686 -5.064595 5.390951 236 150 117 255 
10.2269 -5.443304 4.71166 247 180 138 255 
11.8 -5.433052 4.33745 238 157 110 255 
12.05224 -5.633077 4.234871 219 119 87 255 
16.88162 -6.375633 1.884571 252 219 184 255 
22.88601 -7.089118 -0.9926929 232 174 136 255 
-21.04832 -8.044367 -1.657532 235 175 139 255 
-17.86482 -7.330143 -0.1895429 231 165 133 255 
-14.59531 -6.402083 1.793121 244 184 148 255 
-13.62362 -6.86212 2.370141 234 168 134 255 
-9.390571 -6.143307 4.453656 251 171 134 255 
-8.203402 -5.628139 5.394363 233 135 110 255 
-5.146 -5.52153 6.435818 255 207 167 255 
-4.32058 -4.92489 7.135806 251 171 136 255 
-2.26094 -5.013908 7.534433 250 171 132 255 
-1.988774 -4.828002 7.550883 246 165 136 255 
4.52705 -4.501876 7.024242 233 137 89 255 
9.06812 -4.846216 5.547232 232 129 94 255 
13.29365 -5.966109 3.372303 252 203 160 255 
16.28806 -5.888634 2.371805 252 197 156 255 
19.39124 -5.98049 0.6447328 229 148 103 255 
22.84655 -7.188717 -0.987482 241 189 150 255 
-20.99958 -8.131567 -1.632859 231 175 140 255 
-16.33459 -7.190413 0.7404491 197 104 86 255 
-14.74681 -7.036258 1.521457 244 184 148 255 
-13.10077 -6.28509 2.493587 232 141 110 255 
-3.928093 -4.981362 7.222252 244 157 127 255 
-0.2803665 -4.934229 7.801281 255 182 135 255 
2.812093 -5.315739 7.178575 255 182 150 255 
4.336298 -5.561895 6.843889 236 154 104 255 
4.981336 -4.970942 6.691519 255 199 162 255 
5.733239 -5.162863 6.751462 249 179 145 255 
7.311904 -5.594962 5.865447 248 189 145 255 
9.816032 -5.73033 4.850195 242 185 142 255 
10.3047 -5.784627 4.629744 245 182 139 255 
18.06854 -6.383304 1.277992 254 211 158 255 
20.3784 -6.767248 0.1861777 218 124 88 255 
22.8042 -7.287695 -0.9800368 247 205 165 255 
-20.95456 -8.22032 -1.611074 231 177 141 255 
-20.8455 -7.898057 -1.587764 231 173 135 255 
-15.3483 -7.165166 1.150754 230 162 143 255 
-12.02427 -6.564946 2.983152 253 186 144 255 
-3.20586 -4.644216 7.098248 255 196 164 255 
15.09782 -6.149302 2.80478 226 123 92 255 
22.11535 -6.984547 -0.6031311 244 191 149 255 
22.7585 -7.385952 -0.9700373 244 212 173 255 
-20.91296 -8.310843 -1.592357 231 181 146 255 
-19.16305 -8.217722 -0.9378127 220 135 106 255 
-17.76662 -8.038465 -0.1749635 230 171 127 255 
-12.7778 -7.298606 2.749353 229 138 109 255 
-12.36768 -6.551388 2.780504 253 183 147 255 
-5.368044 -5.525396 6.370594 255 192 160 255 
-0.9234104 -5.184494 7.443885 255 200 159 255 
-0.09512497 -5.018809 7.812046 252 173 130 255 
1.419203 -5.138923 7.572222 241 164 118 255 
11.82413 -6.088346 4.255823 234 165 134 255 
15.40826 -6.429245 2.636062 224 131 90 255 
17.12502 -6.757212 1.675465 255 231 187 255 
18.80127 -6.093773 0.9376062 226 138 102 255 
20.47749 -7.138167 0.1326325 216 119 86 255 
22.76727 -7.335156 -1.010358 242 210 169 255 
22.70939 -7.483416 -0.9570069 236 210 173 255 
-20.87413 -8.402906 -1.576515 232 186 150 255 
-18.24121 -7.949694 -0.4266239 237 170 128 255 
-13.57324 -7.16547 2.337272 246 189 146 255 
-11.96957 -6.231008 3.121565 253 179 140 255 
-2.064223 -5.381986 7.599787 250 170 137 255 
6.24093 -5.132727 6.669595 239 153 106 255 
8.403127 -5.561013 5.773929 246 164 117 255 
14.06629 -6.069613 3.064915 245 187 141 255 
22.65668 -7.580002 -0.9409366 242 213 173 255 
-20.83751 -8.496256 -1.563044 234 191 156 255 
-19.66221 -7.755428 -1.208299 232 159 118 255 
-14.00033 -6.870727 2.123931 244 184 148 255 
-8.31738 -5.757501 5.351975 243 147 109 255 
-6.233965 -5.645103 6.428656 251 166 129 255 
-5.994814 -5.576773 6.475668 253 179 142 255 
0.3434155 -5.313982 7.452712 255 200 163 255 
0.6721385 -5.199089 7.412877 255 205 168 255 
10.60165 -6.110694 4.612142 236 159 117 255 
22.60071 -7.675653 -0.9216598 249 216 175 255 
-20.80209 -8.590738 -1.551758 232 192 156 255 
-20.64909 -8.296328 -1.500406 234 190 153 255 
-16.629 -7.318482 0.588697 238 173 143 255 
-11.29291 -7.226292 3.285093 251 180 136 255 
-8.838148 -6.483572 4.737395 252 184 147 255 
-6.995961 -5.86872 5.786277 255 190 155 255 
-3.939798 -5.557722 7.226659 244 141 110 255 
-2.714911 -5.215231 7.256762 254 178 142 255 
-1.178809 -5.324178 7.325951 255 195 163 255 
3.348378 -5.598143 7.316604 246 168 130 255 
3.765271 -5.536121 7.183986 229 127 89 255 
12.44844 -6.150501 3.828785 246 195 152 255 
16.37548 -7.074873 1.935665 255 225 184 255 
21.78603 -7.507156 -0.5115323 242 208 170 255 
22.54189 -7.770609 -0.8996711 239 207 168 255 
-20.76711 -8.685994 -1.541822 239 195 166 255 
-15.9358 -7.753521 0.9090455 197 104 86 255 
-5.601465 -5.617304 6.377055 255 176 143 255 
-1.529298 -5.517504 7.332254 254 185 152 255 
4.9606 -5.761367 6.671918 255 201 162 255 
6.723169 -6.077726 6.060654 249 186 142 255 
7.657541 -5.63532 5.796624 242 165 111 255 
8.68346 -5.736894 5.640893 224 142 94 255 
12.70553 -6.568076 3.547047 255 209 167 255 
14.55801 -6.926032 2.979374 232 139 98 255 
18.16262 -7.059059 1.228263 234 172 131 255 
22.48048 -7.864833 -0.875119 239 205 168 255 
-20.73183 -8.781819 -1.532893 241 200 172 255 
-20.21921 -8.427383 -1.387942 236 184 147 255 
-15.00323 -7.155073 1.334938 228 154 137 255 
-12.21379 -7.035551 2.837071 245 165 132 255 
-10.88248 -6.372973 3.89544 231 128 93 255 
-8.514847 -6.028 5.171651 245 156 122 255 
-3.442278 -5.602103 7.018653 253 171 131 255 
-2.619612 -6.015595 7.198666 254 174 141 255 
-0.1303217 -5.608582 7.621451 249 170 131 255 
1.656483 -5.010464 7.676523 247 161 114 255 
4.11874 -6.04202 6.818402 240 145 99 255 
9.299974 -6.194342 5.084235 243 180 139 255 
11.3075 -6.054289 4.531558 222 122 88 255 
14.24729 -6.708042 3.119546 233 140 99 255 
20.40645 -7.68544 0.07969256 240 163 119 255 
22.37328 -7.79088 -0.8256661 240 207 172 255 
22.41714 -7.958339 -0.8483105 239 209 175 255 
-20.69544 -8.878012 -1.524623 242 202 176 255 
-18.73605 -7.992168 -0.7142169 215 145 111 255 
-17.27279 -8.015079 0.09161156 231 175 142 255 
-14.16898 -7.769079 1.767317 235 173 154 255 
-12.83847 -7.647846 2.668948 233 154 113 255 
-8.963326 -6.844398 4.534952 251 162 128 255 
-7.823219 -6.304774 5.470385 252 169 139 255 
-2.092961 -5.75383 7.48186 251 173 134 255 
-1.581542 -6.255192 7.189064 253 182 150 255 
-0.4004114 -5.7584 7.595473 253 188 146 255 
3.564012 -5.904696 7.30725 235 140 94 255 
12.63555 -7.19252 3.486854 255 214 168 255 
13.11256 -6.738014 3.366598 250 192 152 255 
18.57067 -7.463406 1.048265 211 114 81 255 
22.35245 -8.051362 -0.8197383 232 208 174 255 
-20.65747 -8.97432 -1.516509 242 200 175 255 
-19.62951 -8.872572 -1.128396 233 161 123 255 
-14.76174 -7.854274 1.440208 197 104 86 255 
-7.148207 -6.617959 5.571234 255 190 158 255 
-6.875829 -6.521977 5.734709 254 185 152 255 
-6.211147 -6.307989 6.261058 249 166 134 255 
2.063554 -5.404781 7.361514 241 162 119 255 
2.427969 -5.336629 7.186444 246 168 132 255 
7.892734 -6.153793 5.823075 236 152 92 255 
10.92492 -6.836554 4.484641 233 155 117 255 
15.8252 -7.044158 2.220616 254 203 156 255 
22.28674 -8.143888 -0.789865 225 208 178 255 
-20.61732 -9.070651 -1.508531 237 199 176 255 
-20.06996 -9.017535 -1.307308 240 199 169 255 
-13.88921 -7.527219 2.016033 243 195 155 255 
-11.7578 -7.573957 3.001614 248 159 129 255 
-9.383998 -6.936586 4.374553 243 164 123 255 
-3.823008 -6.038635 7.123446 251 164 119 255 
-2.997276 -6.726819 6.890685 255 178 147 255 
0.3437191 -5.988881 7.341967 254 200 166 255 
1.752804 -5.808342 7.551703 242 159 115 255 
2.214556 -6.37962 7.13575 245 165 130 255 
4.566034 -5.804477 6.695698 250 182 143 255 
5.579511 -5.820291 6.758088 247 168 127 255 
16.09022 -7.47313 1.993471 255 222 177 255 
17.58206 -7.655024 1.515963 234 152 112 255 
22.22036 -8.236136 -0.7588709 229 210 178 255 
-20.57464 -9.166702 -1.500025 237 202 182 255 
-15.81396 -8.1753 0.9266877 224 153 131 255 
-8.142618 -6.490212 5.315532 239 148 104 255 
-6.666489 -7.019306 5.734934 255 187 154 255 
-5.78761 -6.370846 6.40749 253 173 138 255 
-5.211259 -6.447452 6.292799 255 202 166 255 
-4.505402 -5.820535 6.795434 250 159 115 255 
-3.27354 -5.742281 6.980324 254 166 130 255 
-3.050469 -5.731067 7.034183 255 192 160 255 
-0.9505541 -5.917128 7.322798 255 219 180 255 
-0.2640646 -6.070269 7.587771 247 164 120 255 
1.13623 -5.787776 7.480895 243 161 124 255 
2.784062 -6.391794 7.153687 255 181 142 255 
3.449037 -6.279529 7.306595 228 128 94 255 
17.50356 -8.13199 1.49896 212 113 84 255 
22.15357 -8.328146 -0.7273823 228 213 182 255 
-20.52915 -9.262437 -1.491139 241 205 183 255 
-14.38957 -8.171743 1.6005 210 124 108 255 
-1.926718 -6.059171 7.412456 254 190 155 255 
-1.340763 -6.120854 7.185321 255 196 165 255 
0.589879 -6.146987 7.320182 254 198 161 255 
9.340727 -6.554513 4.976452 241 164 122 255 
10.61432 -6.639725 4.65952 236 142 104 255 
12.02679 -6.871904 3.784467 250 206 161 255 
19.84973 -7.531847 0.4252767 228 141 98 255 
22.08648 -8.419968 -0.6955608 226 212 183 255 
-20.48053 -9.357628 -1.481684 240 206 179 255 
-8.271704 -7.227899 4.990246 242 154 116 255 
3.333286 -6.142571 7.357045 244 172 122 255 
6.029449 -6.797492 6.245263 243 184 144 255 
8.829434 -6.643253 5.222897 240 165 123 255 
13.36828 -7.344532 3.359642 237 158 117 255 
17.40617 -7.080966 1.531545 233 154 111 255 
20.73789 -8.294586 -0.1892839 244 184 134 255 
22.01904 -8.511624 -0.6637215 227 213 184 255 
-20.42874 -9.451945 -1.47115 245 208 189 255 
-18.77631 -9.124281 -0.7122719 235 165 131 255 
-16.30861 -8.679802 0.5649115 233 170 137 255 
-11.07601 -6.639501 3.674968 249 170 131 255 
-10.11923 -7.629957 3.99127 233 129 92 255 
3.884065 -6.47757 6.846656 242 159 127 255 
8.175416 -6.424881 5.713068 234 156 107 255 
9.815781 -6.601097 4.805819 244 170 131 255 
13.90915 -7.444518 3.122922 234 151 109 255 
16.73857 -8.117415 1.779091 233 139 101 255 
21.70633 -8.420611 -0.6212809 234 219 188 255 
21.95124 -8.603191 -0.6323421 228 217 185 255 
-20.37352 -9.545269 -1.459675 239 208 188 255 
-15.15732 -8.327984 1.249121 197 104 86 255 
-12.14556 -7.904928 2.930145 235 146 116 255 
-11.46073 -7.263939 3.163675 253 191 152 255 
-10.32838 -6.375113 4.182256 240 146 108 255 
-4.290344 -6.540719 6.719985 248 151 118 255 
-3.257026 -6.732855 6.891548 255 164 135 255 
-0.3106038 -6.498937 7.464704 255 178 139 255 
1.487749 -6.067383 7.697608 235 157 111 255 
2.519266 -6.434498 7.09787 245 162 128 255 
18.84846 -7.847479 0.8610084 227 142 101 255 
20.18285 -8.339836 0.03065833 244 176 131 255 
21.88288 -8.694619 -0.6012622 232 219 187 255 
-20.31472 -9.637152 -1.446887 236 210 187 255 
-16.98021 -8.774755 0.2084818 224 154 120 255 
-8.895786 -7.510832 4.484757 255 186 151 255 
-5.101408 -6.908736 6.242562 254 200 164 255 
-2.138103 -6.699798 7.312442 252 156 116 255 
-0.9243179 -6.520166 7.281734 252 217 179 255 
7.040577 -6.323912 5.925029 251 170 127 255 
12.24273 -7.230172 3.597265 254 208 158 255 
15.03034 -7.821908 2.369791 255 222 184 255 
19.34424 -8.313576 0.4791865 246 180 128 255 
21.81395 -8.786035 -0.5711218 229 218 186 255 
-20.25235 -9.727422 -1.432766 233 215 195 255 
-15.26225 -8.67064 1.136067 212 136 112 255 
-7.697155 -7.688491 5.261392 234 137 95 255 
-4.872237 -6.471763 6.403897 255 182 152 255 
-1.94156 -7.001525 7.328628 253 156 114 255 
-0.2629924 -6.928545 7.393435 252 185 142 255 
3.086546 -6.951522 7.182355 234 127 85 255 
5.204023 -6.781253 6.703559 240 164 128 255 
5.381115 -7.150853 6.530886 234 141 100 255 
5.781144 -6.094427 6.656711 235 154 109 255 
6.501024 -6.743132 6.00804 253 189 151 255 
7.359693 -6.86359 5.946153 231 136 90 255 
9.066206 -7.224815 4.96417 244 173 131 255 
21.74445 -8.877183 -0.5418884 236 225 193 255 
-20.18635 -9.815602 -1.417093 233 215 195 255 
-17.901 -9.090471 -0.2350704 223 155 118 255 
-9.762263 -7.655037 4.195068 240 138 100 255 
-7.412768 -7.39867 5.48685 227 122 92 255 
-6.059429 -7.180071 6.067073 255 183 146 255 
2.081338 -6.500484 7.153206 237 157 124 255 
9.924534 -7.30944 4.812082 241 159 121 255 
12.65756 -8.025384 3.492475 227 120 86 255 
16.15276 -7.78892 1.960215 255 207 159 255 
21.67445 -8.968309 -0.5140605 236 225 193 255 
-20.11683 -9.901333 -1.399511 235 218 198 255 
-12.68721 -8.482209 2.507718 242 193 153 255 
-11.55281 -7.507703 3.071409 253 184 145 255 
-10.49936 -8.230106 3.497644 253 185 146 255 
-6.966912 -7.306038 5.540277 254 185 154 255 
-3.977833 -7.23526 6.728007 253 178 139 255 
-1.51881 -6.865104 7.111459 254 169 132 255 
0.1723776 -6.662447 7.231724 254 196 159 255 
10.39985 -7.26527 4.657635 222 128 90 255 
11.09637 -7.676798 4.064633 248 196 148 255 
11.36472 -7.816302 3.870975 255 208 159 255 
21.60412 -9.059156 -0.4876032 229 220 187 255 
-20.04392 -9.984383 -1.380303 241 224 206 255 
-18.49292 -9.696168 -0.6036392 227 170 127 255 
-17.66529 -9.374763 -0.1395383 231 163 126 255 
-14.20075 -8.808136 1.623349 230 166 138 255 
-5.596714 -7.304125 6.26154 254 178 142 255 
0.8626047 -6.740772 7.321258 235 147 107 255 
1.408992 -6.772831 7.550661 243 166 124 255 
5.025582 -7.630068 6.524424 238 162 113 255 
6.443631 -7.35182 5.954361 247 184 141 255 
8.186875 -7.586204 5.262072 245 181 137 255 
9.278872 -8.048592 4.904388 247 175 137 255 
14.28745 -8.46831 2.503301 253 219 173 255 
14.67879 -8.650933 2.321846 254 216 179 255 
21.08209 -8.712293 -0.320173 235 226 195 255 
21.53366 -9.149689 -0.4626662 233 224 191 255 
-19.96781 -10.06458 -1.35945 234 222 206 255 
-16.25668 -9.154047 0.5238195 235 173 136 255 
-15.5255 -9.121658 0.8929141 244 183 138 255 
-13.64992 -8.585499 1.894262 236 180 145 255 
-8.553 -7.536256 4.677768 254 180 145 255 
-5.579351 -7.997014 6.107494 255 172 140 255 
-0.5874967 -7.027657 7.342249 255 203 164 255 
0.4532362 -6.944662 7.159561 255 195 164 255 
1.822069 -7.210729 7.08619 232 158 119 255 
4.743305 -7.283755 6.596234 239 161 122 255 
9.85035 -7.893605 4.695742 229 143 108 255 
21.46377 -9.239866 -0.439393 227 218 189 255 
-19.88902 -10.14181 -1.336785 232 222 210 255 
-2.507228 -7.464609 6.946047 252 188 152 255 
0.8662041 -7.342262 7.167901 245 167 128 255 
1.359065 -7.306233 7.308693 228 151 107 255 
2.263528 -7.186686 7.012402 250 185 157 255 
3.233266 -7.12855 7.06391 235 139 99 255 
3.595689 -7.298549 6.667827 239 149 112 255 
4.249214 -7.583133 6.506416 248 178 144 255 
7.013897 -7.448966 5.95437 235 146 102 255 
15.16932 -8.28087 2.226114 241 167 120 255 
20.10363 -9.013345 0.01334073 254 219 187 255 
21.3948 -9.329682 -0.4177797 217 211 187 255 
-19.80794 -10.2163 -1.312811 232 224 213 255 
-9.422298 -8.551603 4.089772 241 142 103 255 
3.144714 -7.53973 7.056195 231 142 102 255 
4.2223 -6.775577 6.612422 245 179 144 255 
10.48593 -8.292814 4.1321 245 183 142 255 
17.08442 -8.638543 1.557743 246 179 134 255 
17.12087 -9.292009 1.346426 236 169 124 255 
18.22803 -8.845448 0.955384 244 193 140 255 
21.32762 -9.419127 -0.397816 220 205 176 255 
-19.72522 -10.2883 -1.28772 234 227 217 255 
-19.63098 -9.43887 -1.132104 240 228 216 255 
-18.75272 -10.08108 -0.7726166 231 165 130 255 
-14.98211 -9.285916 1.119963 236 171 129 255 
-14.25069 -10.03994 1.280103 238 173 141 255 
-3.602296 -7.132945 6.867122 250 185 147 255 
-2.843567 -7.603672 6.77765 255 177 155 255 
5.925497 -7.342752 6.130977 240 169 123 255 
7.400378 -7.348434 5.863358 226 136 102 255 
7.710544 -8.157919 5.355113 239 165 118 255 
8.465774 -7.930235 5.098993 244 155 115 255 
10.98612 -8.320112 3.925212 249 197 149 255 
11.89622 -7.952785 3.67282 249 187 148 255 
21.26296 -9.508166 -0.3791788 227 198 166 255 
-19.64138 -10.35833 -1.262365 238 231 221 255 
-19.55727 -10.427 -1.236833 239 230 215 255 
-19.47336 -10.49511 -1.212322 240 227 208 255 
-19.39041 -10.56307 -1.189049 241 224 204 255 
-13.79929 -9.62199 1.638126 231 173 133 255 
-13.15471 -8.671826 2.140828 247 182 150 255 
-7.962149 -8.233326 4.884695 244 163 133 255 
-5.337086 -7.810352 6.283415 254 175 142 255 
-4.862887 -7.732722 6.213883 255 195 158 255 
-1.247628 -6.798721 7.130157 254 199 160 255 
2.476323 -7.410115 7.023838 255 213 176 255 
2.96449 -7.41402 7.165219 242 163 124 255 
13.26052 -7.885884 3.323474 238 167 121 255 
13.35698 -8.408397 3.077653 255 222 189 255 
15.825 -8.495241 2.060345 220 116 77 255 
19.45001 -9.518568 0.2976334 245 212 167 255 
20.82718 -9.617352 -0.3036475 231 199 161 255 
21.20153 -9.596929 -0.3620333 227 191 155 255 
-19.30895 -10.63155 -1.167572 241 226 205 255 
-17.46825 -10.21564 -0.1472516 247 174 129 255 
-7.259561 -7.936285 5.377181 244 146 111 255 
-6.258609 -7.860643 5.741101 252 177 137 255 
-1.561904 -7.328505 7.001894 253 189 151 255 
-0.7090137 -8.328077 7.017842 255 187 148 255 
0.5249729 -7.873887 7.035863 255 178 142 255 
5.322334 -8.139812 6.121299 242 177 135 255 
11.97136 -8.595194 3.645589 232 142 107 255 
16.06528 -8.76907 1.957209 226 129 87 255 
18.72222 -9.207676 0.6455233 250 205 146 255 
21.09069 -9.773408 -0.33014 236 192 157 255 
21.14394 -9.685278 -0.3457324 230 180 147 255 
-19.22909 -10.70085 -1.148556 241 226 207 255 
-16.83036 -10.06325 0.1696023 240 165 123 255 
-13.0543 -9.89195 1.954473 229 142 112 255 
-10.41747 -8.549808 3.442404 252 179 138 255 
-8.292878 -8.340052 4.648002 251 186 156 255 
-2.477849 -8.024273 6.869737 255 212 190 255 
-0.3549975 -7.615993 7.219666 246 167 128 255 
0.002718341 -7.640779 7.099952 252 184 149 255 
5.705305 -8.056942 5.993834 241 166 126 255 
6.235881 -7.89489 5.932734 248 171 129 255 
21.04178 -9.86132 -0.3152563 234 181 147 255 
-19.15111 -10.77078 -1.131667 242 225 205 255 
-11.78051 -9.087132 2.848113 239 166 123 255 
-11.88667 -8.287792 2.989852 238 138 106 255 
-10.65681 -8.822291 3.292597 248 164 130 255 
-9.880938 -8.693809 3.713936 254 175 136 255 
-9.082456 -8.446159 4.326233 246 152 116 255 
-4.624922 -7.506156 6.331271 251 172 142 255 
-3.768119 -7.913347 6.652143 244 158 123 255 
-3.087173 -7.540621 6.735472 253 188 166 255 
-2.039931 -7.507218 7.213549 255 206 187 255 
1.193296 -7.699906 7.208593 227 140 97 255 
2.703257 -7.942731 7.025929 240 181 147 255 
10.03405 -8.542279 4.293767 249 196 154 255 
11.2561 -9.026124 3.863977 232 147 108 255 
12.40386 -8.845983 3.387484 242 181 127 255 
14.76381 -9.426709 2.355072 221 117 88 255 
20.41095 -9.888125 -0.1414076 234 181 141 255 
20.99686 -9.948973 -0.3004559 227 164 131 255 
-19.07481 -10.84137 -1.117218 239 226 207 255 
-12.07855 -8.531332 2.879786 237 143 107 255 
-3.391292 -8.18338 6.682763 241 158 124 255 
0.3067843 -7.791143 7.017052 255 183 150 255 
4.728371 -7.795426 6.579763 237 157 120 255 
13.73992 -9.127645 2.655012 255 203 155 255 
13.98619 -9.426117 2.543467 232 144 108 255 
20.95536 -10.03652 -0.2859193 231 175 140 255 
-19.00003 -10.91175 -1.104316 241 229 205 255 
-19.08982 -10.55496 -0.9963597 248 231 205 255 
-17.94813 -10.49091 -0.4577519 234 160 123 255 
-8.763702 -8.244793 4.457241 255 186 153 255 
-7.275409 -8.470058 5.226414 236 133 98 255 
-6.860967 -8.499644 5.396521 242 148 120 255 
1.547719 -7.999374 6.925683 230 159 117 255 
3.485095 -7.86276 6.621516 232 149 115 255 
13.49092 -8.875677 2.839924 254 207 165 255 
20.91619 -10.12368 -0.2713119 227 197 161 255 
-18.92622 -10.98141 -1.092423 245 229 204 255 
-14.53482 -10.4436 1.031758 242 177 135 255 
-10.55383 -9.340837 3.294656 239 135 106 255 
-9.832074 -9.192076 3.559329 255 177 138 255 
-7.544384 -8.952513 4.904783 255 185 153 255 
-5.473105 -8.559558 5.961877 249 167 129 255 
-1.878183 -8.30488 6.958426 244 163 120 255 
-1.556701 -8.212714 6.880205 255 178 141 255 
1.952085 -7.659029 6.932875 232 152 117 255 
3.199541 -8.675878 6.427351 227 142 101 255 
3.876284 -8.226575 6.412094 245 184 153 255 
6.880129 -8.39989 5.73636 239 162 110 255 
13.15329 -9.589943 2.795637 255 212 167 255 
20.87796 -10.21042 -0.2566387 211 192 159 255 
-18.85288 -11.04923 -1.08061 240 229 207 255 
-15.4801 -9.625234 0.8138399 229 149 112 255 
-12.5484 -9.592545 2.245723 237 158 127 255 
-12.34997 -9.186646 2.47776 249 183 148 255 
-8.726615 -9.074881 4.322094 234 134 98 255 
1.004399 -8.148748 7.154035 240 155 116 255 
2.819371 -8.222612 6.957116 235 157 118 255 
6.438313 -8.441571 5.907051 244 159 122 255 
20.83929 -10.29642 -0.2417209 207 194 162 255 
-18.77933 -11.11474 -1.068186 238 231 213 255 
-18.64775 -10.59328 -0.8364624 245 228 210 255 
-6.545013 -8.092317 5.545549 253 184 151 255 
-6.136881 -8.491267 5.612307 253 180 145 255 
-5.237752 -8.376019 6.114563 255 187 146 255 
-4.035512 -8.865413 6.249751 252 179 146 255 
-2.136804 -8.307853 6.949249 255 180 150 255 
8.00452 -8.539824 5.179675 246 177 135 255 
15.46601 -9.540998 2.024395 224 145 102 255 
20.75615 -10.13357 -0.2880418 219 198 167 255 
20.79872 -10.38169 -0.226727 219 202 174 255 
-18.70491 -11.17704 -1.053937 228 226 214 255 
-18.63423 -11.30991 -1.112102 243 231 217 255 
-15.98854 -10.22142 0.512185 236 154 114 255 
-9.096613 -9.480318 3.949797 241 147 109 255 
-4.804518 -8.345798 6.148619 255 188 153 255 
1.684706 -9.044826 6.608064 232 150 113 255 
3.634244 -8.148973 6.457567 232 163 130 255 
7.119422 -8.746719 5.424397 238 155 111 255 
8.34868 -8.965135 5.1331 254 190 144 255 
8.937091 -8.794456 4.888903 234 140 102 255 
10.18316 -9.032632 4.06133 250 197 153 255 
18.27917 -9.547281 0.7632574 244 186 140 255 
18.77008 -9.765296 0.5428436 235 182 132 255 
20.75493 -10.46585 -0.2114662 218 200 176 255 
-18.62926 -11.23588 -1.037361 235 231 222 255 
-18.55202 -11.29127 -1.017986 241 235 223 255 
-18.47294 -11.34357 -0.9957021 241 235 221 255 
-18.2276 -11.30775 -0.8790543 249 225 197 255 
-11.13924 -9.605023 2.999972 252 188 150 255 
-10.47374 -9.77013 3.265077 233 140 99 255 
-2.91828 -8.558275 6.619775 240 140 104 255 
-1.862075 -8.850256 6.871035 246 162 125 255 
-1.241375 -8.13684 6.865163 255 196 155 255 
1.15642 -8.28475 7.096426 227 142 103 255 
1.488325 -8.796275 6.696694 234 144 109 255 
2.150135 -7.837468 6.903636 236 161 121 255 
4.066229 -8.864727 6.365176 236 161 122 255 
6.564219 -8.862725 5.697466 234 140 102 255 
7.49826 -8.76042 5.264834 245 183 146 255 
7.992378 -9.275088 5.159139 241 159 122 255 
8.342778 -9.360407 5.035781 225 133 96 255 
16.25428 -9.712614 1.597855 252 192 142 255 
17.10496 -9.690005 1.251777 248 192 145 255 
20.573 -10.54959 -0.1823918 219 199 174 255 
20.7069 -10.54883 -0.1959396 213 197 174 255 
-18.39214 -11.39363 -0.9710855 242 234 221 255 
-18.30984 -11.4424 -0.9445735 245 237 218 255 
-18.22619 -11.49109 -0.9171018 248 236 212 255 
-18.14158 -11.54092 -0.8899233 251 233 209 255 
-18.05633 -11.59293 -0.8639541 250 226 202 255 
-17.67146 -10.955 -0.4259279 236 183 151 255 
-8.386518 -9.606801 4.34318 244 151 120 255 
4.807933 -8.476122 6.345255 233 164 131 255 
5.177582 -8.930161 5.988056 240 185 144 255 
14.87063 -9.717512 2.258415 237 167 116 255 
20.15594 -10.37915 -0.0361273 236 194 154 255 
20.65403 -10.63043 -0.1802841 205 195 170 255 
-17.97079 -11.64784 -0.8399146 250 225 205 255 
-17.16147 -10.43836 -0.03749157 252 181 135 255 
-10.52533 -10.13374 3.155626 246 179 137 255 
-9.903535 -9.7726 3.424459 246 146 123 255 
-7.236084 -9.667847 4.815132 244 149 121 255 
-3.656593 -9.089631 6.351457 239 160 121 255 
4.360205 -8.958772 6.319507 232 153 120 255 
7.509351 -9.268152 5.163212 255 193 150 255 
10.84239 -9.24062 3.94101 233 144 104 255 
12.17068 -9.416358 3.27727 251 203 157 255 
12.30948 -9.833367 3.05213 247 203 156 255 
20.59597 -10.71069 -0.1643522 200 193 164 255 
-17.88502 -11.70615 -0.8188039 245 229 204 255 
-16.36518 -10.4447 0.3185374 247 176 130 255 
-15.59074 -11.24876 0.4821842 246 168 122 255 
-12.909 -11.49446 1.571447 244 165 122 255 
-12.99613 -10.22803 1.905313 231 161 125 255 
-3.902944 -9.672775 6.093826 250 165 136 255 
0.2024932 -8.58324 6.812093 246 168 132 255 
7.014355 -9.595139 5.137354 245 185 149 255 
9.462924 -9.373322 4.273646 249 195 149 255 
9.880084 -9.595335 4.091749 251 193 153 255 
11.0375 -9.565986 3.812248 229 154 112 255 
12.32402 -10.13148 2.955648 253 199 152 255 
14.21495 -9.940763 2.409427 221 122 90 255 
19.89773 -10.95408 0.01265311 239 205 167 255 
20.39305 -10.94302 -0.1146621 223 208 169 255 
20.4649 -10.86697 -0.1314664 217 204 170 255 
20.53277 -10.78948 -0.1479693 205 196 165 255 
-17.79899 -11.76783 -0.8007737 249 234 211 255 
-6.471661 -9.288238 5.315254 248 153 123 255 
-2.606169 -8.634071 6.665826 248 170 134 255 
-1.482625 -8.917216 6.685149 247 156 125 255 
0.6288385 -8.928215 6.857579 233 153 120 255 
2.131561 -8.896194 6.677268 233 156 112 255 
6.187727 -9.291569 5.769776 234 158 109 255 
8.897695 -9.70814 4.490586 244 181 138 255 
15.45884 -10.36849 1.71996 250 189 132 255 
20.3179 -11.01771 -0.09755898 223 210 178 255 
-17.71275 -11.83256 -0.7856292 249 241 222 255 
-17.82701 -11.45952 -0.6002012 247 231 206 255 
-14.77365 -11.28438 0.7560686 239 162 120 255 
-7.165848 -10.47206 4.564973 253 162 131 255 
-4.46568 -8.613485 6.148603 255 211 182 255 
-0.5800729 -8.850673 6.929191 252 167 126 255 
2.512791 -8.897447 6.750885 227 139 101 255 
5.499537 -9.083619 5.86408 239 156 102 255 
6.014534 -9.132036 5.859202 227 129 92 255 
14.51107 -10.25247 2.186586 238 170 123 255 
16.20753 -10.52781 1.407969 253 211 161 255 
20.24006 -11.09086 -0.08012832 223 207 174 255 
-17.62598 -11.89969 -0.7731271 242 234 213 255 
-12.16401 -10.56299 2.232725 228 141 113 255 
-11.69268 -10.46253 2.442403 236 162 133 255 
-7.79581 -9.356992 4.651664 245 158 131 255 
-6.046407 -9.23863 5.461184 248 163 134 255 
-4.784985 -9.28374 5.998966 246 209 191 255 
1.098701 -9.109114 6.892771 219 131 91 255 
3.443327 -9.280765 6.230245 239 174 146 255 
4.955436 -9.75112 5.743613 226 150 118 255 
13.36611 -10.42446 2.632499 234 136 99 255 
20.16023 -11.16242 -0.0625136 223 209 180 255 
-17.53844 -11.96839 -0.7626897 241 238 221 255 
-15.67307 -11.55868 0.3857227 248 176 136 255 
-11.42008 -10.30842 2.60633 246 169 141 255 
-9.951757 -10.45656 3.294771 235 142 111 255 
-9.03071 -10.35973 3.713479 254 190 152 255 
-6.605757 -9.834435 5.089992 241 157 121 255 
-2.719347 -9.404585 6.381536 243 149 115 255 
-1.240534 -9.431356 6.61804 248 146 108 255 
3.123748 -9.414138 6.200436 223 125 100 255 
8.591373 -10.11232 4.492225 242 175 130 255 
11.51502 -10.30566 3.253192 252 202 153 255 
17.57066 -10.49148 0.9394538 239 154 115 255 
18.31509 -10.85122 0.5943398 243 187 140 255 
20.07884 -11.23217 -0.04452544 220 210 185 255 
-17.44991 -12.0377 -0.7534125 242 240 225 255 
0.1963702 -9.499628 6.683351 244 158 125 255 
5.961116 -9.556382 5.741616 220 128 91 255 
6.667076 -9.72148 5.197213 243 178 140 255 
19.99613 -11.29985 -0.02612807 220 210 185 255 
-17.36012 -12.1067 -0.7447064 241 243 229 255 
-10.61796 -11.04851 2.79391 249 186 155 255 
-4.012327 -9.928106 5.995065 255 190 158 255 
-1.794681 -9.458579 6.628241 239 138 94 255 
0.8720385 -9.409221 6.824832 228 133 101 255 
2.832455 -9.435735 6.310015 228 150 102 255 
4.098676 -9.353411 6.347136 230 147 103 255 
4.669263 -9.646613 5.822981 233 162 134 255 
10.13781 -10.05901 3.999005 244 146 109 255 
13.53115 -10.74451 2.457811 244 184 134 255 
19.91239 -11.36541 -0.007470077 215 209 185 255 
-17.26892 -12.17452 -0.7356791 240 243 226 255 
-17.24266 -11.3721 -0.3715933 244 243 225 255 
-17.06772 -11.85026 -0.5005409 250 244 222 255 
-9.219644 -10.70692 3.543499 250 169 139 255 
-8.506373 -9.914159 4.176975 255 172 142 255 
-6.862889 -10.41495 4.719545 251 164 136 255 
-5.144933 -9.333058 5.899563 255 177 139 255 
3.983923 -9.807826 6.177365 227 144 102 255 
5.35376 -9.851334 5.745117 241 158 106 255 
19.57248 -11.54638 0.03826685 227 220 192 255 
19.8278 -11.42879 0.01146146 213 208 186 255 
-17.17622 -12.24074 -0.7258087 244 242 230 255 
-17.08202 -12.30502 -0.714737 248 242 228 255 
-16.98645 -12.36703 -0.7022699 250 243 227 255 
-16.88968 -12.42688 -0.6884201 248 241 223 255 
-1.836098 -9.942427 6.511544 245 159 126 255 
1.363286 -9.594797 6.608121 243 201 176 255 
4.455325 -9.84291 5.86737 222 149 108 255 
6.407477 -10.1609 5.197279 235 165 129 255 
7.672282 -10.32535 4.850896 222 133 101 255 
10.54372 -10.96754 3.433291 253 205 156 255 
12.18011 -11.02063 2.883942 237 143 115 255 
16.32301 -11.21162 1.258713 234 152 105 255 
18.97124 -11.25754 0.2981893 243 242 214 255 
19.48447 -11.6662 0.08780245 228 231 210 255 
19.57041 -11.60831 0.06895892 221 224 203 255 
19.65648 -11.54985 0.04987859 211 214 195 255 
19.74245 -11.49019 0.0304832 200 203 184 255 
-16.79192 -12.48499 -0.6735595 254 246 227 255 
-12.26034 -10.86849 2.118917 237 169 132 255 
-11.31902 -11.21536 2.467865 241 162 129 255 
-6.083516 -10.44039 5.100245 236 153 119 255 
-4.602266 -10.15259 5.820044 252 188 152 255 
1.669209 -9.694743 6.500844 229 158 128 255 
11.59899 -10.66649 3.105521 254 198 151 255 
15.08359 -10.95642 1.708843 248 184 138 255 
18.02179 -11.13501 0.6550795 245 201 156 255 
19.23239 -11.84336 0.1377038 246 248 224 255 
19.31503 -11.78307 0.1225664 236 240 215 255 
19.39917 -11.72423 0.1056987 212 216 201 255 
-16.69348 -12.54145 -0.6578543 246 245 224 255 
-15.91506 -11.88258 0.1452363 252 227 196 255 
-14.16184 -11.55744 0.9451766 252 168 121 255 
-5.505089 -10.58838 5.230875 250 158 119 255 
-5.042024 -10.36575 5.537565 252 168 134 255 
-3.299097 -9.399693 6.373154 235 150 113 255 
-0.6157261 -9.549194 6.721812 246 162 115 255 
-0.2697136 -9.475616 6.726113 251 182 141 255 
7.356911 -10.17286 5.021123 245 166 127 255 
8.026729 -10.62036 4.526459 240 174 139 255 
13.92568 -11.12758 2.132124 243 191 141 255 
16.8327 -11.39278 1.0256 246 183 132 255 
18.84421 -11.58505 0.3120746 238 223 192 255 
19.15142 -11.90526 0.1510913 243 245 223 255 
-16.5946 -12.59696 -0.6420241 247 246 226 255 
-13.95412 -12.22374 0.8502273 244 156 108 255 
-13.55582 -11.78955 1.171144 244 157 112 255 
-11.63731 -11.45307 2.264832 240 171 138 255 
-6.095953 -11.08569 4.846611 242 158 121 255 
2.30349 -9.554306 6.512062 225 152 117 255 
6.838662 -10.26517 5.032365 245 179 144 255 
8.866349 -10.3791 4.310654 255 205 162 255 
9.121873 -10.88737 4.199215 250 165 124 255 
18.50111 -11.49011 0.4178708 238 222 196 255 
19.07201 -11.9691 0.1622174 233 228 209 255 
-16.49558 -12.65185 -0.6262678 249 243 227 255 
-15.91601 -12.45662 -0.1873813 251 238 221 255 
-10.21275 -10.95875 3.023389 253 188 150 255 
-7.5072 -10.77945 4.369596 255 192 170 255 
-2.577397 -10.28284 6.1918 251 163 127 255 
-1.310069 -10.0718 6.446325 252 155 122 255 
7.205288 -10.73261 5.004142 237 152 111 255 
18.99386 -12.03461 0.1714259 235 227 206 255 
-16.39662 -12.70685 -0.6116188 249 241 228 255 
-16.29796 -12.76249 -0.5981456 252 240 224 255 
-16.1997 -12.81959 -0.5868912 255 240 221 255 
-16.10191 -12.87846 -0.5780522 254 239 220 255 
-16.00459 -12.9396 -0.5721604 255 240 215 255 
-14.74133 -12.13354 0.5404592 251 171 120 255 
-3.159806 -10.43848 6.12799 243 162 132 255 
2.604019 -9.746789 6.335614 221 137 101 255 
3.145583 -10.46352 6.012782 227 166 135 255 
4.63874 -10.62832 5.594077 226 145 100 255 
5.502406 -10.57555 5.524253 224 134 100 255 
5.997857 -10.57741 5.243714 236 170 136 255 
12.62691 -11.18157 2.668865 246 190 143 255 
18.9164 -12.10152 0.1785908 223 218 198 255 
-15.90773 -13.0033 -0.5690964 253 241 217 255 
-8.420687 -10.8844 3.826734 246 164 127 255 
-2.206151 -10.21524 6.294286 243 150 117 255 
0.9253476 -9.807164 6.714499 230 153 111 255 
5.257383 -10.42259 5.675589 229 166 115 255 
10.78058 -11.25675 3.266862 243 163 126 255 
11.53337 -11.38814 2.995611 242 154 114 255 
18.8389 -12.16927 0.1839321 213 213 189 255 
-15.81116 -13.06962 -0.5693359 255 243 220 255 
-12.38569 -12.11487 1.657975 243 169 122 255 
-11.24444 -11.72338 2.365119 236 172 137 255 
-6.669689 -10.965 4.632684 245 165 132 255 
0.2166843 -10.38033 6.515017 255 198 171 255 
6.689047 -10.90826 4.987229 241 152 112 255 
8.021061 -11.0784 4.361823 255 202 164 255 
15.67055 -11.655 1.375232 243 182 127 255 
18.76051 -12.23741 0.1881235 201 205 182 255 
-15.7148 -13.13837 -0.5722268 255 244 222 255 
-15.43893 -12.909 -0.2202125 254 230 194 255 
-10.26603 -12.02205 2.665429 237 143 115 255 
-7.498732 -11.19556 4.235749 245 162 128 255 
2.04794 -10.47492 6.279895 211 136 94 255 
3.676726 -9.976695 6.176331 226 167 127 255 
3.80803 -10.72024 5.866426 217 146 104 255 
4.303799 -10.72688 5.618957 223 157 123 255 
14.19714 -11.43576 1.917602 235 143 102 255 
16.54764 -12.07655 0.9486392 255 222 180 255 
18.48957 -12.32846 0.1954198 225 225 199 255 
18.68032 -12.30524 0.1915564 197 202 182 255 
-15.61846 -13.20915 -0.5778748 255 249 230 255 
-15.15114 -12.6251 0.115693 255 224 183 255 
-14.44114 -12.69491 0.4268505 255 203 156 255 
-4.137945 -10.69737 5.741064 253 172 142 255 
-3.527833 -10.94121 5.847369 255 211 181 255 
-0.419621 -10.33335 6.527705 252 179 126 255 
1.432499 -10.34377 6.386408 221 145 109 255 
2.97183 -10.12226 6.100763 219 147 109 255 
3.844958 -10.24352 6.080709 233 169 125 255 
5.130716 -10.89222 5.570482 224 141 101 255 
10.30099 -10.30188 3.859478 239 178 133 255 
17.80507 -12.47449 0.3420346 242 231 203 255 
18.33011 -12.56721 0.2065122 224 221 204 255 
18.42285 -12.50342 0.2017477 219 219 195 255 
18.51196 -12.43854 0.197712 206 208 184 255 
18.59769 -12.37234 0.1945924 193 196 175 255 
-15.52199 -13.28161 -0.5859204 255 250 231 255 
-14.87526 -13.28799 -0.2277876 255 238 200 255 
-9.316858 -11.2165 3.367592 233 134 102 255 
-7.046378 -11.90812 4.102345 244 150 116 255 
7.002532 -11.15217 4.832835 237 166 134 255 
9.889498 -11.48668 3.550196 249 196 146 255 
16.3712 -12.52468 0.8690385 255 232 189 255 
18.23399 -12.62988 0.2127894 221 223 199 255 
-15.42533 -13.35505 -0.5959605 252 251 233 255 
-7.969322 -11.43466 3.860597 240 151 121 255 
-4.375363 -10.94024 5.571378 252 176 142 255 
-2.330161 -11.5198 5.85347 245 147 108 255 
3.378034 -11.07769 5.936932 214 143 101 255 
5.682865 -11.10025 5.055999 221 151 117 255 
10.08314 -12.05539 3.339003 238 160 121 255 
10.87152 -11.68047 3.173239 229 146 106 255 
11.69243 -11.59608 2.890159 235 146 106 255 
15.78444 -12.17923 1.19267 255 218 174 255 
18.13462 -12.69172 0.2202334 215 218 191 255 
-15.32843 -13.42907 -0.6077885 251 252 238 255 
-12.74958 -12.7704 1.26015 255 166 119 255 
-8.279764 -11.64985 3.629971 243 157 124 255 
-4.998975 -11.0644 5.233963 249 161 123 255 
0.7130675 -10.24029 6.582517 232 163 122 255 
6.17343 -10.93434 5.039753 240 172 137 255 
17.21922 -12.30247 0.6025359 254 231 197 255 
17.75479 -12.71195 0.2801505 228 226 205 255 
17.92795 -12.81402 0.2395865 220 219 198 255 
18.03245 -12.75298 0.2292833 210 214 191 255 
-15.23137 -13.50324 -0.6213505 248 250 236 255 
-15.13424 -13.5774 -0.6370926 253 253 241 255 
-14.2598 -13.19991 0.1940983 253 234 192 255 
-12.92742 -13.19207 0.9777961 252 166 119 255 
-5.454853 -11.68139 4.841737 238 140 111 255 
-1.788499 -10.46796 6.286834 240 146 108 255 
1.947939 -11.03411 6.111461 223 153 119 255 
6.651851 -11.40057 4.853274 238 160 122 255 
9.006396 -11.54124 4.000377 235 183 126 255 
17.71392 -12.93699 0.2628348 227 227 199 255 
17.8216 -12.87527 0.2507792 222 221 201 255 
-15.0373 -13.65157 -0.6553321 249 249 237 255 
-14.94086 -13.72569 -0.6763767 254 251 232 255 
-9.763242 -12.30103 2.760388 244 155 123 255 
-0.9281011 -10.83695 6.271937 254 183 137 255 
2.906067 -11.52979 5.772036 222 159 124 255 
4.114517 -11.40648 5.354488 219 142 116 255 
7.510308 -11.27223 4.531616 248 189 145 255 
10.34202 -12.40127 3.16816 254 198 151 255 
13.27974 -11.99985 2.087719 244 178 126 255 
15.12273 -12.50077 1.301678 255 210 161 255 
17.16069 -12.95536 0.3390515 232 226 200 255 
17.60517 -12.9996 0.2749208 224 223 192 255 
-14.84523 -13.80005 -0.7008918 253 246 227 255 
-14.5391 -13.62148 -0.3154998 255 249 217 255 
3.841888 -11.40982 5.405005 212 133 103 255 
14.78627 -12.03515 1.555592 241 172 113 255 
17.38646 -13.12866 0.29734 227 223 196 255 
17.49593 -13.06337 0.2866964 218 214 189 255 
-14.75078 -13.87464 -0.7290337 243 244 228 255 
-14.65781 -13.94932 -0.7606323 248 243 224 255 
-14.56654 -14.02398 -0.7953645 253 245 222 255 
-13.63667 -13.42256 0.3679666 252 225 182 255 
-5.655702 -12.08168 4.609772 227 123 88 255 
-2.772337 -11.43321 5.823112 236 146 112 255 
3.467643 -11.83276 5.488539 208 134 97 255 
8.522949 -11.5254 4.216719 243 171 131 255 
12.65755 -11.92198 2.358062 252 205 149 255 
14.19267 -12.81255 1.531847 253 192 137 255 
15.43413 -12.90456 1.021311 255 233 192 255 
17.27708 -13.19587 0.3063343 216 215 184 255 
-14.47713 -14.09773 -0.8317127 252 244 223 255 
-12.00124 -12.43783 1.733793 246 155 108 255 
-9.720792 -13.05135 2.518284 237 148 114 255 
-8.821041 -13.48457 2.738154 254 184 148 255 
-8.78985 -12.09957 3.301118 244 168 132 255 
-3.131914 -11.78219 5.641078 239 156 122 255 
-0.5062385 -11.38473 6.173903 252 176 126 255 
0.1582941 -11.06965 6.285051 249 186 142 255 
2.377814 -11.88169 5.693682 209 136 103 255 
2.531512 -11.39979 5.820281 222 164 127 255 
4.639836 -11.64428 5.280938 227 168 124 255 
5.588342 -11.81654 4.969567 239 180 138 255 
9.303659 -12.08357 3.61693 242 175 122 255 
14.80945 -13.2009 1.129401 255 225 184 255 
17.05947 -13.33654 0.3168243 221 218 187 255 
17.16797 -13.26504 0.313052 207 206 176 255 
-14.38949 -14.16976 -0.8684818 254 246 225 255 
-14.30058 -13.95114 -0.5332635 255 241 214 255 
-13.73013 -13.82914 -0.08282611 255 242 209 255 
-13.56083 -13.12075 0.6445122 254 178 120 255 
-11.75316 -13.64657 1.363244 249 163 106 255 
-3.799877 -11.68121 5.50181 251 170 143 255 
4.328632 -12.22046 5.200856 234 164 130 255 
7.465645 -12.68441 4.089924 246 165 120 255 
12.34821 -12.78283 2.18326 237 154 100 255 
16.95158 -13.41044 0.3170216 216 211 189 255 
-14.30351 -14.23903 -0.9031962 255 249 221 255 
-11.64307 -13.45189 1.510663 251 160 115 255 
-11.00952 -12.80284 2.032726 251 164 119 255 
-10.26756 -13.00355 2.3213 248 166 128 255 
-9.240265 -12.57536 2.898246 247 171 135 255 
-7.624643 -12.36279 3.632625 251 164 134 255 
1.303831 -11.48199 6.02867 222 153 122 255 
1.885869 -11.61771 5.953207 222 143 110 255 
4.809666 -11.92704 5.114207 220 151 109 255 
8.208989 -12.26604 4.019583 227 146 99 255 
11.30995 -12.57151 2.670127 250 190 138 255 
16.84452 -13.48679 0.3131694 212 206 184 255 
-14.21884 -14.30411 -0.9338003 253 249 220 255 
-12.95129 -13.8793 0.4732288 255 185 133 255 
-1.613115 -11.65492 5.943304 248 150 111 255 
5.310421 -11.52592 5.175379 220 134 101 255 
6.11901 -12.01023 4.845291 233 165 130 255 
6.919625 -12.10829 4.386221 241 185 148 255 
13.4106 -13.15526 1.667664 252 191 136 255 
16.67704 -13.15201 0.4353057 229 229 203 255 
16.63296 -13.64585 0.2931333 216 216 192 255 
16.7383 -13.56533 0.3053005 203 203 179 255 
-14.13506 -14.36393 -0.9579669 252 252 226 255 
-0.4090431 -12.03912 5.95511 248 169 126 255 
0.5064408 -11.69566 6.045722 220 134 101 255 
7.580921 -11.652 4.358767 250 181 148 255 
8.912451 -13.26134 3.34711 239 146 102 255 
11.76728 -12.81194 2.390989 245 182 138 255 
15.02483 -13.59087 0.8210146 254 241 199 255 
15.75543 -13.45899 0.5974095 255 242 200 255 
16.5286 -13.72782 0.2767344 212 214 192 255 
-14.05166 -14.41772 -0.9738773 250 251 235 255 
-14.0325 -14.70606 -1.376708 249 246 227 255 
-13.8142 -14.50196 -0.9823548 246 240 216 255 
-13.79882 -14.53946 -0.9617599 245 234 206 255 
-13.71223 -14.56897 -0.939123 244 231 197 255 
-13.62411 -14.59499 -0.9096307 242 228 193 255 
-13.53437 -14.61964 -0.8762019 238 224 189 255 
-13.44312 -14.64479 -0.8418879 236 218 178 255 
-13.77631 -14.11946 -0.4541232 245 222 188 255 
-8.059795 -12.9352 3.25226 247 167 134 255 
-7.183878 -13.34267 3.434037 249 160 128 255 
-1.021058 -11.9619 5.914387 253 176 122 255 
8.939054 -12.56025 3.593395 247 191 144 255 
16.42499 -13.81081 0.2564704 214 213 192 255 
-13.96815 -14.46473 -0.9800283 252 252 240 255 
-13.88399 -14.50514 -0.9759688 248 245 228 255 
-13.35061 -14.67256 -0.809926 238 219 179 255 
-13.25718 -14.70494 -0.7838477 239 215 179 255 
-12.12291 -14.01969 0.893436 252 162 99 255 
-11.73978 -13.9584 1.185151 254 158 98 255 
-6.133525 -12.39359 4.264018 245 162 122 255 
-4.865132 -12.46544 4.765059 254 170 136 255 
3.010418 -12.01113 5.600032 209 135 98 255 
3.443791 -12.65897 5.111279 209 134 102 255 
4.876097 -12.60474 4.709678 232 161 131 255 
12.12594 -13.36908 2.048035 249 171 125 255 
16.3222 -13.89416 0.2325812 212 212 188 255 
-13.16333 -14.74346 -0.7663506 233 207 174 255 
-13.06963 -14.78953 -0.7602739 230 201 167 255 
-12.99075 -14.33573 -0.05375833 255 228 180 255 
-12.5781 -14.23356 0.4066037 255 229 178 255 
-9.111622 -13.53879 2.615887 244 158 123 255 
-5.634962 -13.17539 4.174722 227 129 100 255 
-2.573702 -12.68933 5.461571 251 187 159 255 
6.349488 -13.23465 4.118118 239 176 143 255 
16.20864 -13.64093 0.3706553 248 239 198 255 
16.22019 -13.97712 0.2056309 221 227 201 255 
-12.97674 -14.84438 -0.7678068 229 201 161 255 
-12.88537 -14.90844 -0.79026 227 198 154 255 
-9.796781 -13.39958 2.346792 252 177 135 255 
-4.401767 -12.0025 5.146451 243 159 113 255 
-3.40244 -12.68295 5.221391 243 154 120 255 
3.71861 -12.13786 5.251287 216 142 107 255 
6.217018 -13.01949 4.235365 232 167 129 255 
8.370297 -12.88911 3.647805 244 184 134 255 
13.0574 -13.53275 1.623617 255 183 124 255 
14.07834 -13.80316 1.024825 255 246 214 255 
16.11857 -14.05901 0.1764835 230 230 202 255 
-12.79623 -14.98201 -0.8283038 226 195 151 255 
-3.927808 -12.53479 5.120938 254 171 129 255 
2.092326 -12.75061 5.395823 209 117 92 255 
4.299157 -12.87763 4.872241 201 113 77 255 
5.440883 -12.79461 4.625056 236 167 128 255 
11.11458 -13.15465 2.501108 234 148 99 255 
14.95616 -14.26389 0.3597762 255 246 214 255 
16.01747 -14.13907 0.1457051 218 216 191 255 
-12.71001 -15.0652 -0.881957 223 191 150 255 
-12.62727 -15.15754 -0.9505424 225 193 152 255 
-5.028725 -13.15733 4.439387 255 207 177 255 
-0.67396 -12.442 5.767397 252 175 123 255 
1.558316 -12.30349 5.69406 225 149 113 255 
10.50908 -13.44589 2.615968 249 178 132 255 
15.71498 -14.36424 0.05078592 242 233 200 255 
15.81574 -14.292 0.08227111 226 217 186 255 
15.91652 -14.21687 0.1141272 208 206 183 255 
-12.54849 -15.25823 -1.032091 226 198 158 255 
-11.98046 -14.49276 0.5145538 252 219 166 255 
-11.56167 -14.52019 0.8200141 251 170 104 255 
-6.533783 -13.03292 3.841561 221 128 94 255 
-0.1920224 -12.82947 5.632397 246 179 137 255 
0.5160928 -12.73776 5.637774 222 143 102 255 
2.666705 -12.85249 5.281907 212 134 98 255 
5.623273 -13.04912 4.452101 237 159 111 255 
13.86732 -13.54433 1.284905 255 236 192 255 
15.62345 -14.12399 0.2354358 248 240 194 255 
15.61412 -14.43354 0.01983318 228 221 193 255 
-12.47393 -15.36629 -1.124608 233 208 167 255 
-12.4388 -14.64118 0.007722598 231 202 160 255 
4.705189 -13.06657 4.615115 224 146 110 255 
7.51848 -13.0262 3.919909 243 185 145 255 
7.509546 -13.60109 3.625929 241 185 148 255 
15.20951 -14.68446 -0.09593412 244 239 199 255 
15.31083 -14.62516 -0.0679772 236 232 194 255 
15.41203 -14.56372 -0.03943438 226 221 189 255 
15.51311 -14.49997 -0.01028386 214 213 185 255 
-12.40371 -15.48056 -1.225295 240 217 176 255 
-11.9365 -14.94117 -0.1343873 238 201 156 255 
-10.80811 -13.64472 1.801012 255 162 108 255 
3.917559 -12.90303 4.969055 215 125 99 255 
5.750046 -13.69758 3.979263 226 158 123 255 
11.71936 -13.80827 1.998028 254 173 118 255 
13.62391 -14.38598 0.7901344 254 254 226 255 
15.1083 -14.74195 -0.1238126 228 226 201 255 
-12.33779 -15.59965 -1.330853 246 219 176 255 
-11.59095 -14.9348 0.2490713 236 205 159 255 
-2.951635 -13.27297 5.095764 235 133 93 255 
-2.092347 -12.50915 5.61267 240 161 120 255 
9.610767 -12.73669 3.293098 252 186 136 255 
14.33261 -14.2945 0.5277522 242 241 211 255 
14.90581 -14.85204 -0.179567 232 232 204 255 
15.00703 -14.79779 -0.1516364 213 215 191 255 
-12.27594 -15.72213 -1.438446 253 238 197 255 
-12.11835 -15.51935 -1.235254 248 224 178 255 
-10.82013 -14.90955 1.043174 254 167 98 255 
-9.841437 -14.3665 1.883107 255 175 138 255 
-7.804934 -13.46813 3.137803 254 174 141 255 
-5.379205 -13.62389 4.090146 225 133 110 255 
6.361058 -13.84674 3.952722 244 173 143 255 
12.09646 -14.03448 1.733021 255 202 134 255 
12.62657 -14.04434 1.503722 255 215 151 255 
13.13896 -14.72612 0.7106034 250 234 208 255 
14.27695 -14.64335 0.1769082 225 227 203 255 
14.80465 -14.90475 -0.2077671 212 215 196 255 
-12.2179 -15.84664 -1.544935 255 246 211 255 
-4.443133 -14.20302 4.184498 231 155 131 255 
-2.25212 -13.63432 5.094604 241 153 117 255 
-0.2108455 -13.75771 5.271389 246 174 126 255 
0.2449521 -13.63297 5.330908 234 165 123 255 
1.256928 -13.19437 5.377317 227 149 111 255 
1.777713 -13.69435 5.098821 213 137 103 255 
3.176888 -13.6496 4.835233 213 136 110 255 
5.246098 -13.37308 4.48268 224 148 112 255 
5.632752 -13.942 3.966497 235 166 133 255 
9.071958 -13.54921 3.164339 245 171 122 255 
14.25423 -14.939 -0.1652153 248 244 209 255 
14.30012 -15.14998 -0.3521689 242 239 206 255 
14.40097 -15.10285 -0.3231299 240 237 206 255 
14.50181 -15.05496 -0.2939928 224 222 197 255 
14.60271 -15.00607 -0.2650389 214 213 193 255 
14.70367 -14.95615 -0.2364199 204 205 189 255 
-12.16341 -15.97207 -1.64768 251 246 216 255 
-11.62251 -15.57761 -0.9568509 246 217 173 255 
-8.612887 -14.35575 2.409494 255 194 152 255 
4.581809 -13.91865 4.324143 223 155 116 255 
10.16281 -14.1573 2.4165 251 161 108 255 
13.8975 -15.33781 -0.4719714 239 233 197 255 
13.99803 -15.29035 -0.4411784 237 234 201 255 
14.09864 -15.24336 -0.4110682 235 234 203 255 
14.19932 -15.1967 -0.3814674 226 227 195 255 
-12.11217 -16.0973 -1.744973 253 248 218 255 
-12.11588 -16.04117 -1.907448 255 247 210 255 
-11.138 -15.84694 -0.8661356 231 199 140 255 
-11.12214 -15.10225 0.5601102 245 198 154 255 
-10.29217 -14.73446 1.481303 252 153 94 255 
-6.493792 -14.153 3.347959 238 153 112 255 
-4.050467 -13.74366 4.543991 238 148 114 255 
-3.402575 -13.62036 4.830544 250 168 130 255 
5.1136 -13.90761 4.237103 223 145 107 255 
6.975337 -13.87835 3.682632 243 181 142 255 
8.080474 -14.20213 3.200061 241 165 133 255 
12.18001 -14.67396 1.275569 255 240 185 255 
12.67563 -14.8969 0.7411483 254 235 193 255 
13.55855 -15.19157 -0.1487239 245 239 205 255 
13.79726 -15.38618 -0.503814 235 230 198 255 
-12.06404 -16.22168 -1.835325 255 241 204 255 
-1.04093 -13.12783 5.435814 248 178 126 255 
2.757402 -14.21548 4.719229 214 147 118 255 
6.794328 -14.44739 3.418889 239 179 142 255 
7.580142 -14.0714 3.401527 252 179 147 255 
10.57511 -14.44723 2.104514 255 164 107 255 
12.08227 -14.99035 0.9693344 253 239 190 255 
13.59788 -15.48668 -0.5723388 243 238 209 255 
13.69739 -15.43578 -0.5372157 234 232 207 255 
-12.01893 -16.34469 -1.918205 250 232 192 255 
-10.25475 -15.10003 1.211561 255 166 93 255 
2.529888 -13.61002 5.044742 228 165 122 255 
3.807642 -13.639 4.697034 222 159 116 255 
12.81705 -15.42375 -0.1576645 248 228 191 255 
13.11297 -15.77278 -0.7918119 252 238 203 255 
13.2077 -15.71024 -0.740582 248 239 208 255 
13.30369 -15.65074 -0.693473 244 240 211 255 
13.40089 -15.59378 -0.6499536 241 241 213 255 
13.499 -15.53927 -0.6097017 241 241 217 255 
-11.97686 -16.46609 -1.993578 251 231 196 255 
-11.71861 -15.97838 -1.621013 255 226 182 255 
-11.12051 -16.15728 -1.267287 252 228 180 255 
-10.40517 -15.33045 0.8255666 246 198 150 255 
-7.972737 -15.43843 2.135268 251 170 141 255 
-7.513702 -14.20191 2.928975 236 147 115 255 
11.38135 -14.81864 1.559073 255 206 140 255 
11.53573 -15.09864 1.207301 255 230 172 255 
12.64863 -15.77529 -0.67884 243 217 166 255 
13.01978 -15.83862 -0.8471924 237 232 194 255 
-11.93787 -16.58584 -2.062064 255 236 204 255 
-9.876331 -15.7072 0.8823351 252 162 100 255 
-9.493512 -15.05907 1.656591 255 177 140 255 
-9.33053 -14.46594 2.051895 255 190 149 255 
-3.620061 -13.97656 4.596439 250 181 142 255 
-1.841867 -13.73006 5.12035 248 174 135 255 
5.833101 -14.30375 3.840907 239 167 127 255 
6.332091 -14.25652 3.745251 241 172 131 255 
8.523207 -14.61288 2.842912 244 163 110 255 
10.81193 -15.15764 1.56789 255 193 120 255 
12.02957 -15.31275 0.50419 240 209 155 255 
12.92828 -15.90791 -0.9067432 231 232 192 255 
-11.90204 -16.70406 -2.124304 252 234 198 255 
-11.34772 -16.53008 -1.761683 246 224 177 255 
-10.48669 -15.7714 -0.007497217 243 217 182 255 
9.21683 -14.58521 2.606642 251 160 105 255 
9.803859 -14.9009 2.176436 255 163 100 255 
11.81442 -16.22866 -0.8643178 234 202 151 255 
12.33833 -15.86803 -0.6665364 230 212 162 255 
12.58148 -16.22261 -1.182634 235 221 174 255 
12.66515 -16.13844 -1.10893 237 226 181 255 
12.75093 -16.05783 -1.038003 230 228 190 255 
12.83864 -15.98096 -0.9703434 233 237 204 255 
-11.86938 -16.82083 -2.181243 253 235 199 255 
-10.49638 -16.20024 -0.7392802 255 242 205 255 
-0.892676 -14.34935 4.95675 249 178 122 255 
11.45915 -15.4683 0.719008 246 214 153 255 
12.50003 -16.3102 -1.258625 239 224 181 255 
-11.83983 -16.93648 -2.233703 249 233 197 255 
-11.74807 -16.58339 -2.065485 249 225 187 255 
-8.163228 -14.68209 2.442641 250 171 138 255 
1.339677 -14.03726 5.010818 228 162 127 255 
4.053685 -14.10762 4.382897 223 150 117 255 
5.646132 -14.64175 3.755083 223 137 102 255 
9.793506 -15.32537 1.906605 255 166 93 255 
10.51337 -15.34416 1.527561 254 191 114 255 
12.4208 -16.40093 -1.336089 240 226 189 255 
-11.81314 -17.05114 -2.28279 244 230 195 255 
-10.5102 -16.45872 -1.075915 251 229 190 255 
-9.308743 -15.64644 1.325342 253 160 101 255 
10.85552 -15.57507 0.9547355 229 202 147 255 
12.34396 -16.49433 -1.414341 238 233 203 255 
-11.78909 -17.16481 -2.328501 247 233 198 255 
-9.896811 -16.40881 -0.3647145 236 202 154 255 
-5.914186 -14.6306 3.359055 225 119 80 255 
-5.269385 -14.61057 3.644938 234 141 108 255 
-2.254222 -14.61941 4.687318 243 173 139 255 
4.378002 -14.79893 4.01659 222 156 121 255 
5.188501 -14.37664 3.976266 226 161 123 255 
8.585497 -15.40355 2.360676 254 168 93 255 
9.557467 -15.61738 1.785977 254 173 94 255 
12.12025 -16.3806 -1.307289 240 212 162 255 
12.26974 -16.59021 -1.492575 244 239 209 255 
-11.7672 -17.27782 -2.371654 247 234 202 255 
-10.64165 -16.95088 -1.553986 247 222 182 255 
-9.19578 -16.15571 0.7724892 240 165 107 255 
-8.753663 -15.48924 1.740234 254 188 153 255 
6.571214 -14.97102 3.258644 248 173 144 255 
8.140941 -15.46539 2.490699 255 193 139 255 
10.30885 -15.74537 1.147623 243 207 147 255 
11.32284 -16.50028 -0.9499233 240 205 147 255 
12.04227 -16.71625 -1.67225 250 239 194 255 
12.19856 -16.68828 -1.570591 243 237 201 255 
-11.74708 -17.38998 -2.411908 245 231 204 255 
-8.704637 -15.9985 1.384624 245 154 97 255 
-6.703349 -14.9152 2.899592 241 156 117 255 
-2.879207 -14.49983 4.585639 250 185 147 255 
10.43358 -16.58713 -0.3592511 237 206 151 255 
12.00622 -16.994 -1.798582 242 221 176 255 
12.06636 -16.8903 -1.723849 244 231 186 255 
12.1306 -16.78838 -1.647745 236 228 189 255 
-11.72829 -17.50115 -2.449085 245 234 212 255 
-9.722599 -16.77472 -0.6718184 252 231 188 255 
-6.75726 -16.02872 2.307512 247 170 128 255 
-3.188557 -14.97144 4.260636 244 169 130 255 
-0.3952695 -14.81155 4.772538 247 178 137 255 
0.7508998 -14.53649 4.852118 236 171 133 255 
6.932235 -15.38012 2.955786 249 170 127 255 
9.176928 -15.96953 1.630931 253 193 123 255 
11.30802 -16.74629 -1.274519 235 203 152 255 
11.71566 -16.80624 -1.61204 238 217 162 255 
11.95063 -17.09954 -1.872102 241 223 173 255 
-11.71042 -17.61132 -2.483181 240 238 223 255 
-11.12275 -17.00705 -1.918362 246 227 197 255 
-8.656515 -16.45502 0.869249 239 166 111 255 
-7.291168 -15.65407 2.314044 250 175 136 255 
-4.500537 -15.44987 3.476544 233 148 117 255 
0.9221808 -15.55053 4.379519 221 151 115 255 
3.727478 -14.84033 4.125374 206 116 89 255 
3.747205 -15.69638 3.688889 204 124 91 255 
4.916691 -15.03756 3.730223 229 162 117 255 
6.010352 -15.2322 3.235911 236 171 139 255 
6.58463 -15.53228 2.97677 237 162 130 255 
9.841537 -15.91797 1.207522 252 207 148 255 
11.89993 -17.20685 -1.944243 238 222 170 255 
-11.69318 -17.72041 -2.513713 237 235 220 255 
-10.46188 -17.48741 -1.706135 250 233 203 255 
-9.13733 -16.74519 -0.1061903 255 230 183 255 
5.2373 -15.32043 3.496827 225 152 109 255 
10.43942 -17.01337 -0.9489622 241 213 163 255 
11.85439 -17.31607 -2.015175 240 228 180 255 
-11.6764 -17.82837 -2.540518 236 234 221 255 
-11.49549 -17.43265 -2.322124 249 242 214 255 
-5.228343 -15.56106 3.130881 225 142 102 255 
-3.184039 -15.58724 3.934399 233 152 109 255 
-1.500578 -14.8185 4.727348 242 183 151 255 
2.441223 -15.71147 4.033458 217 149 114 255 
11.81406 -17.42692 -2.08455 235 226 183 255 
-11.66003 -17.93505 -2.563421 248 243 223 255 
-9.823115 -17.37776 -1.21981 253 243 207 255 
-9.629039 -17.11791 -0.8997704 255 241 202 255 
-8.201625 -16.63394 1.144216 239 168 116 255 
-7.606143 -15.9004 2.054735 255 191 149 255 
-2.301751 -15.33723 4.335916 237 181 146 255 
3.088592 -14.90302 4.286736 200 132 87 255 
3.204806 -15.71935 3.817794 204 116 92 255 
7.386207 -16.29111 2.240226 255 163 98 255 
8.830874 -16.434 1.252692 250 203 133 255 
11.38037 -17.16569 -1.797983 250 231 189 255 
11.58084 -17.40661 -2.101864 239 226 184 255 
11.77894 -17.53932 -2.152357 232 224 187 255 
-11.64412 -18.04046 -2.582423 245 240 220 255 
-11.29382 -17.74313 -2.292354 249 240 211 255 
-8.87684 -17.21613 -0.4164252 255 244 199 255 
-7.737131 -16.27157 1.757035 255 200 161 255 
-5.995756 -16.24539 2.487569 247 169 130 255 
8.248298 -16.09044 2.03783 250 158 71 255 
8.19188 -16.45309 1.693781 253 161 84 255 
9.529702 -16.92008 -0.09146866 244 217 148 255 
9.989014 -17.22944 -0.8681293 247 220 165 255 
11.74892 -17.65304 -2.218412 234 220 181 255 
-11.6288 -18.14466 -2.597688 238 235 216 255 
-11.5392 -17.92429 -2.522173 247 242 222 255 
-8.232765 -17.26871 0.1397015 248 227 172 255 
5.602545 -16.0676 2.978732 237 163 124 255 
8.643419 -16.90172 0.6702416 238 207 142 255 
11.72385 -17.76777 -2.282208 231 219 177 255 
-11.61427 -18.24783 -2.609555 234 233 215 255 
-7.854104 -16.86517 1.164874 255 192 148 255 
-2.740898 -16.03781 3.876358 241 179 138 255 
1.642808 -14.88022 4.564938 228 168 140 255 
6.695227 -16.91522 2.124505 247 178 136 255 
10.74726 -17.44102 -1.581244 255 251 202 255 
11.70328 -17.8831 -2.343544 233 220 176 255 
-11.6007 -18.35 -2.61834 237 236 216 255 
-9.621054 -18.09098 -1.413468 253 238 209 255 
-7.810734 -16.55507 1.511242 252 190 141 255 
0.4369926 -15.5015 4.456336 235 170 130 255 
10.50055 -17.81742 -1.722646 250 248 199 255 
11.68702 -17.99853 -2.401574 240 222 174 255 
-11.58826 -18.45128 -2.624371 236 238 217 255 
2.10443 -15.08138 4.413292 222 163 133 255 
8.439531 -17.24963 0.2980933 237 206 149 255 
9.210742 -17.3185 -0.3644326 247 224 170 255 
9.649524 -17.67939 -1.053737 254 245 202 255 
11.41556 -17.84998 -2.375656 253 228 174 255 
11.67463 -18.11375 -2.456108 237 224 169 255 
-11.57704 -18.55178 -2.627975 236 235 215 255 
-7.37754 -17.62928 0.6218494 250 176 129 255 
-6.799014 -16.94921 1.713069 255 195 151 255 
-6.077256 -16.71913 2.189651 251 171 136 255 
-0.8260555 -15.94725 4.234536 240 174 126 255 
-0.3411227 -15.89415 4.284668 239 181 141 255 
4.244233 -16.01439 3.384579 223 153 119 255 
6.46309 -16.6228 2.386509 255 202 162 255 
7.49558 -16.58099 1.989808 255 189 127 255 
11.66577 -18.22844 -2.506641 238 224 175 255 
-11.56706 -18.6517 -2.629488 235 232 213 255 
-10.83179 -18.1961 -2.136268 248 218 180 255 
-9.07348 -17.69513 -0.916059 255 246 205 255 
-4.755549 -16.34821 2.829824 218 118 86 255 
1.367056 -16.43259 3.893683 227 169 132 255 
7.713217 -17.68426 0.3092858 241 205 143 255 
8.615367 -17.56227 -0.2347978 254 234 184 255 
11.65979 -18.34218 -2.55266 238 224 179 255 
-11.55824 -18.75095 -2.629213 238 233 214 255 
-11.28661 -18.34244 -2.393466 233 211 172 255 
-8.18483 -17.63161 -0.2538711 252 229 179 255 
-5.429236 -16.71027 2.408796 248 165 125 255 
-3.608931 -16.63934 3.166754 226 137 95 255 
-1.319456 -16.30503 4.012938 233 165 126 255 
-0.03455841 -16.51732 3.971385 236 171 133 255 
5.612743 -16.60375 2.683992 249 185 141 255 
11.6564 -18.45477 -2.593981 236 223 181 255 
-11.55044 -18.84972 -2.627171 234 229 210 255 
-8.436016 -18.12828 -0.7851622 254 239 198 255 
-7.067949 -17.33137 1.225165 255 178 138 255 
-4.155927 -16.15429 3.198261 220 128 89 255 
-2.31323 -16.66095 3.649256 236 164 126 255 
3.167848 -16.64307 3.339774 219 142 112 255 
5.034903 -16.61169 2.850499 245 178 136 255 
9.373274 -18.06636 -1.183536 255 250 208 255 
10.74365 -18.39034 -2.222205 255 242 198 255 
11.44447 -18.30564 -2.619792 242 228 179 255 
11.65485 -18.56589 -2.630105 240 228 188 255 
-11.54344 -18.94793 -2.623662 229 226 209 255 
-9.846814 -18.66707 -1.677002 255 238 210 255 
-1.904328 -16.25719 3.948903 237 176 145 255 
7.466044 -17.00658 1.495104 245 188 121 255 
11.65454 -18.67553 -2.661039 235 227 181 255 
-11.53706 -19.04563 -2.618532 227 224 209 255 
-10.51592 -18.89758 -2.066889 249 223 186 255 
-9.088705 -18.42257 -1.239998 249 225 191 255 
-8.446727 -17.73915 -0.5356724 255 235 194 255 
8.837061 -18.03809 -0.8317088 255 245 192 255 
11.65484 -18.7835 -2.686604 235 229 179 255 
-11.53104 -19.14289 -2.612105 230 227 212 255 
0.8366586 -16.1282 4.119662 234 172 131 255 
1.75603 -16.84518 3.626986 224 171 140 255 
2.417396 -16.89705 3.420719 205 131 96 255 
6.513155 -17.42536 1.709114 247 181 123 255 
7.273328 -17.98488 0.2750393 245 218 163 255 
7.950385 -17.89491 -0.1238188 254 241 186 255 
9.918993 -18.24598 -1.658722 255 238 195 255 
10.70255 -18.87118 -2.356285 255 243 196 255 
11.65508 -18.88993 -2.706983 234 226 177 255 
-11.52528 -19.23969 -2.604215 230 227 210 255 
-11.26328 -18.89357 -2.393109 237 231 207 255 
-4.663295 -17.40503 2.227762 222 128 90 255 
-2.943117 -16.95992 3.252208 237 154 120 255 
4.116048 -16.973 2.883088 243 165 127 255 
5.861547 -17.43399 2.098094 254 200 156 255 
11.65456 -18.99461 -2.722 235 220 179 255 
-11.51964 -19.33606 -2.595025 227 225 210 255 
-7.242626 -18.1502 0.1141829 248 207 151 255 
-6.141628 -17.85736 1.396729 255 181 141 255 
5.22528 -17.11572 2.493994 255 186 144 255 
7.67529 -18.54854 -0.5094506 252 238 189 255 
11.65272 -19.09771 -2.732148 228 216 174 255 
-11.51409 -19.43211 -2.584859 225 226 212 255 
-6.079246 -17.29313 1.837068 251 169 131 255 
-3.231018 -17.62593 2.702221 228 147 104 255 
-1.083864 -17.35422 3.494513 247 190 135 255 
6.608771 -18.28179 0.4275677 255 237 185 255 
11.46363 -18.82237 -2.802328 240 223 179 255 
11.64907 -19.19938 -2.737608 229 218 173 255 
-11.50865 -19.52781 -2.57387 224 226 213 255 
-9.529624 -19.18288 -1.598565 254 220 183 255 
-8.566045 -18.53679 -1.029801 255 208 168 255 
-7.810697 -18.71415 -0.7639813 255 222 176 255 
-6.331707 -18.23408 0.8767794 253 180 127 255 
3.893249 -17.92111 2.368911 245 180 138 255 
5.154553 -17.91565 2.010967 255 193 152 255 
8.883266 -18.4484 -1.154205 254 236 186 255 
9.21416 -18.85611 -1.546997 253 237 188 255 
11.45415 -19.15501 -2.833161 231 217 172 255 
11.64317 -19.29945 -2.738364 230 219 173 255 
-11.50343 -19.62344 -2.562406 236 234 221 255 
-1.711565 -17.08677 3.58536 229 156 115 255 
-0.4457549 -16.83396 3.809058 244 192 145 255 
0.7602778 -17.03096 3.664684 238 174 138 255 
3.544868 -17.32117 2.84876 223 146 104 255 
11.63512 -19.3983 -2.735085 228 215 170 255 
-11.49854 -19.71888 -2.550609 237 238 222 255 
1.98917 -17.41334 3.238649 222 153 112 255 
7.039596 -18.47678 -0.09095903 255 240 194 255 
10.76787 -19.19507 -2.418624 248 227 184 255 
11.62504 -19.49587 -2.728076 225 212 167 255 
-11.4941 -19.81447 -2.538991 235 238 221 255 
-10.97551 -19.69731 -2.259184 244 236 213 255 
-9.870865 -19.63885 -1.783873 248 225 191 255 
-8.460321 -19.18716 -1.174235 250 220 184 255 
-7.062642 -19.03761 -0.5269886 255 216 164 255 
-6.711496 -18.63071 0.07343601 249 202 148 255 
-2.567025 -17.94526 2.806218 226 147 104 255 
-0.09589547 -17.79924 3.358836 237 174 133 255 
10.73109 -19.57976 -2.372368 244 221 180 255 
11.61312 -19.59229 -2.717507 229 214 171 255 
-11.49021 -19.91009 -2.527694 235 236 220 255 
-7.191949 -18.63202 -0.3258302 255 207 156 255 
-4.165364 -18.10836 1.977798 237 159 120 255 
6.177006 -18.53675 0.4647598 255 231 174 255 
6.507019 -18.67048 0.08486935 252 240 180 255 
9.350087 -19.17571 -1.71864 255 240 196 255 
11.52705 -19.62438 -2.799666 238 221 178 255 
11.59996 -19.68777 -2.704022 233 215 175 255 
-11.48699 -20.00582 -2.516731 237 236 218 255 
-9.128967 -19.33171 -1.452809 253 226 181 255 
-4.737036 -18.19384 1.693118 255 184 147 255 
0.06487199 -18.24488 3.111365 233 170 127 255 
5.562871 -18.02435 1.652687 251 192 134 255 
6.903819 -19.03843 -0.4716567 255 241 192 255 
11.58623 -19.78246 -2.688103 235 218 175 255 
-11.48441 -20.10163 -2.506252 234 232 217 255 
-5.716885 -19.15849 0.3474239 252 202 149 255 
-2.069612 -17.4434 3.314102 225 148 102 255 
8.301969 -19.37113 -1.300668 255 231 183 255 
11.57256 -19.87632 -2.669893 236 217 175 255 
-11.48243 -20.19765 -2.496117 234 232 220 255 
-11.29273 -19.80422 -2.382091 242 237 215 255 
-7.06869 -19.48027 -0.7350273 250 211 168 255 
-6.675469 -19.59321 -0.6241829 249 199 150 255 
-6.623513 -19.04998 -0.2529178 251 197 150 255 
-5.909953 -18.03181 1.381125 250 180 131 255 
-0.4905646 -18.0696 3.212444 245 194 151 255 
1.598442 -18.08388 2.940141 231 158 117 255 
3.825609 -18.67747 1.87779 247 178 136 255 
11.34815 -19.91643 -2.612241 243 216 169 255 
11.55955 -19.96964 -2.650047 238 216 175 255 
-11.48089 -20.29383 -2.486476 237 237 227 255 
-2.801458 -18.48493 2.351429 227 133 82 255 
-1.250214 -18.05869 3.095469 244 187 142 255 
1.464473 -17.53673 3.290738 242 180 141 255 
2.97562 -18.3762 2.344707 211 126 95 255 
4.78294 -18.61679 1.538128 253 188 148 255 
6.269318 -19.35483 -0.3843317 253 222 165 255 
6.565768 -19.70398 -0.7513829 254 225 169 255 
7.539238 -19.09279 -0.8183708 254 225 169 255 
11.54771 -20.06241 -2.628561 239 217 178 255 
-11.4796 -20.38988 -2.476664 236 238 227 255 
-10.62775 -19.40685 -2.144042 252 227 197 255 
-7.790217 -19.44231 -1.023416 253 215 176 255 
4.574209 -18.96409 1.243507 251 177 130 255 
7.642064 -19.5239 -1.07406 255 220 162 255 
11.5376 -20.15472 -2.605751 238 218 181 255 
-11.47831 -20.48582 -2.466526 238 240 229 255 
-6.578869 -19.32919 -0.4274447 255 200 153 255 
4.41716 -19.25958 0.9808469 245 178 133 255 
5.352392 -19.25316 0.228732 253 227 170 255 
10.75223 -20.19631 -2.251643 237 219 183 255 
11.52942 -20.24656 -2.581769 239 220 187 255 
-11.47671 -20.58144 -2.455408 240 243 232 255 
-4.954332 -19.12685 0.875937 248 181 139 255 
-4.512 -19.04812 1.160186 248 190 150 255 
-3.999971 -18.70494 1.635662 252 184 139 255 
-2.049131 -18.70743 2.50055 231 166 134 255 
4.16628 -18.65154 1.774716 254 196 150 255 
5.139184 -19.56351 0.07244607 254 231 187 255 
5.832695 -19.38502 -0.1938725 253 229 167 255 
7.714907 -19.97111 -1.240115 253 225 175 255 
11.52341 -20.33785 -2.556448 238 222 189 255 
-11.47447 -20.67654 -2.442969 242 244 233 255 
-1.297219 -19.10024 2.458753 239 162 120 255 
11.51936 -20.42858 -2.529477 239 224 193 255 
-11.47125 -20.77093 -2.428403 240 239 234 255 
-9.035095 -20.4202 -1.463894 248 206 164 255 
-7.078377 -19.98609 -0.9002309 253 217 169 255 
-5.764652 -19.60207 -0.1284107 251 201 152 255 
2.049562 -18.62701 2.445061 233 159 110 255 
3.272801 -19.10836 1.757856 248 183 143 255 
5.868794 -19.94221 -0.6572816 255 226 172 255 
9.476304 -19.53312 -1.804799 247 207 158 255 
11.51719 -20.5188 -2.501018 239 228 198 255 
-11.4668 -20.8644 -2.411055 235 235 223 255 
-10.77382 -20.73179 -2.012774 245 235 210 255 
-9.837948 -20.44093 -1.738485 253 225 186 255 
-9.260632 -19.90171 -1.534531 254 228 191 255 
-8.294129 -19.7949 -1.247727 255 212 170 255 
0.5541918 -18.57218 2.848979 238 167 121 255 
11.51656 -20.60822 -2.470415 240 229 199 255 
-11.46083 -20.95674 -2.390585 231 232 216 255 
-8.77935 -19.92027 -1.384024 250 201 160 255 
2.283659 -19.50767 1.743856 237 164 121 255 
5.360699 -19.91165 -0.3942313 253 217 167 255 
11.51722 -20.69685 -2.437669 234 225 192 255 
-11.45323 -21.04786 -2.366668 228 229 215 255 
-5.163775 -20.04957 -0.1229048 245 197 159 255 
-5.090136 -19.67579 0.2653157 252 208 169 255 
-3.616106 -19.22636 1.431335 240 158 118 255 
1.048141 -18.79006 2.608497 234 146 96 255 
4.581553 -19.86867 0.2048553 255 213 170 255 
5.696403 -20.24526 -0.7788557 255 239 187 255 
8.130161 -20.23834 -1.387454 254 214 165 255 
11.29864 -20.65561 -2.419094 233 223 187 255 
11.51858 -20.78453 -2.4023 231 223 187 255 
-11.44399 -21.13774 -2.338987 225 225 215 255 
-7.352915 -20.40865 -1.081678 254 211 169 255 
-3.551219 -20.28009 0.6354246 245 172 131 255 
-3.114583 -19.61838 1.355355 239 152 99 255 
3.698853 -19.4209 1.283742 253 212 160 255 
8.397714 -19.90669 -1.438556 242 200 150 255 
10.60147 -20.62444 -2.11199 238 214 180 255 
11.52037 -20.87122 -2.364148 236 227 194 255 
-11.43323 -21.22633 -2.307697 222 222 214 255 
-11.31149 -20.94332 -2.232545 246 237 222 255 
-11.15544 -20.84289 -2.132335 250 232 210 255 
-2.775705 -20.05448 1.153284 235 144 97 255 
-0.5510672 -18.87002 2.754402 249 173 121 255 
0.08565528 -19.62108 2.252682 237 155 99 255 
4.025957 -20.24564 0.1970761 250 207 156 255 
11.5222 -20.9568 -2.322892 231 222 191 255 
-11.42117 -21.31387 -2.27345 218 218 208 255 
-10.10419 -20.91624 -1.788788 240 206 169 255 
-6.352229 -20.43262 -0.8932055 251 187 139 255 
-5.29541 -20.64916 -0.6094813 251 194 149 255 
9.287807 -20.63568 -1.671414 245 208 163 255 
10.12434 -20.8547 -1.904292 245 223 184 255 
11.22431 -20.94067 -2.259052 226 215 183 255 
11.52366 -21.04127 -2.278688 223 216 187 255 
-11.40819 -21.40064 -2.236914 214 214 202 255 
-11.40737 -21.33187 -2.320691 236 231 212 255 
-2.050403 -19.33211 2.057413 236 148 100 255 
1.42179 -19.6163 1.934531 236 161 119 255 
5.137663 -20.68256 -0.740624 252 220 161 255 
6.600511 -20.15361 -0.9465054 253 203 150 255 
11.52436 -21.12442 -2.231205 221 212 179 255 
-11.39476 -21.48679 -2.198734 236 225 207 255 
3.226612 -19.53068 1.427914 243 191 144 255 
4.88228 -20.37476 -0.4467776 252 218 173 255 
8.345499 -21.00554 -1.4638 247 213 165 255 
9.780168 -21.10476 -1.751308 242 216 167 255 
10.38795 -21.25774 -1.880816 240 205 163 255 
11.52416 -21.20629 -2.180758 226 212 175 255 
-11.38129 -21.57283 -2.160227 233 218 195 255 
-7.804325 -20.81679 -1.259747 255 221 179 255 
-1.186913 -19.7562 2.058387 241 163 114 255 
2.036281 -19.92241 1.502246 236 164 116 255 
6.366756 -21.03137 -1.101842 254 206 158 255 
11.26424 -21.29421 -2.124769 236 217 177 255 
11.52271 -21.28673 -2.12718 236 220 184 255 
-11.36814 -21.65906 -2.122528 242 226 201 255 
-5.344521 -20.23367 -0.3594785 240 178 137 255 
11.51975 -21.36572 -2.07109 240 224 188 255 
-11.35562 -21.74577 -2.086301 241 233 212 255 
-10.5674 -21.30846 -1.825215 241 227 190 255 
-7.227195 -20.94232 -1.161332 255 223 175 255 
-5.858863 -21.41011 -1.09783 247 174 129 255 
-2.805482 -20.71891 0.5675404 232 171 127 255 
-2.059246 -20.40502 1.189076 228 138 88 255 
0.4203704 -19.96372 1.970893 226 142 82 255 
1.30302 -20.69383 1.133279 250 178 138 255 
2.863163 -20.11755 1.010069 250 178 138 255 
4.070536 -20.64619 -0.220235 255 224 196 255 
11.51485 -21.44315 -2.012634 238 226 188 255 
-11.34376 -21.83327 -2.052675 241 238 219 255 
-8.278303 -21.27229 -1.374893 241 181 144 255 
4.428681 -21.04814 -0.6909177 255 229 195 255 
8.793278 -21.16684 -1.537172 244 196 148 255 
11.50753 -21.51894 -1.952589 235 226 187 255 
-11.33243 -21.92173 -2.021985 238 239 223 255 
-11.1933 -21.57515 -1.909179 241 240 219 255 
-9.610763 -21.21831 -1.609102 252 224 184 255 
-9.121811 -21.46164 -1.498941 248 200 160 255 
-6.442493 -20.92613 -1.071657 251 195 144 255 
0.8457515 -20.40099 1.521131 229 134 90 255 
7.149906 -20.86143 -1.260003 255 235 190 255 
11.49719 -21.59295 -1.891721 229 224 186 255 
-11.32127 -22.011 -1.994521 233 236 229 255 
-0.141945 -20.42996 1.648136 238 139 71 255 
3.656936 -21.30872 -0.5611327 255 209 175 255 
5.431752 -21.20332 -0.9912855 254 216 169 255 
8.376987 -21.55263 -1.469238 249 203 154 255 
9.297236 -21.51059 -1.571843 249 206 163 255 
11.4373 -21.56811 -2.067817 233 221 183 255 
11.48316 -21.6651 -1.830809 233 225 188 255 
-11.30972 -22.10113 -1.970437 228 231 224 255 
-8.12863 -21.56505 -1.377041 255 209 171 255 
-3.898824 -21.29384 -0.5040311 225 145 110 255 
-3.815351 -20.94222 -0.1421073 223 146 104 255 
3.268358 -20.96242 -0.07373398 245 187 149 255 
3.852818 -21.58514 -0.8031964 253 218 186 255 
10.21403 -21.60148 -1.692501 245 217 178 255 
10.74096 -21.89165 -1.662052 243 220 188 255 
11.46472 -21.73546 -1.770955 232 224 187 255 
-11.29704 -22.19184 -1.949378 225 225 213 255 
-10.15964 -21.72638 -1.698686 253 237 203 255 
-3.862882 -21.73796 -0.8256723 226 144 104 255 
4.669548 -21.45784 -0.9304845 255 224 193 255 
6.46716 -21.64058 -1.222953 251 218 183 255 
7.486134 -21.45611 -1.415431 252 208 159 255 
11.44115 -21.80383 -1.713081 228 219 186 255 
-11.28236 -22.28285 -1.931301 215 217 206 255 
-9.291059 -22.17092 -1.510209 251 234 204 255 
-7.702139 -22.02396 -1.404665 255 218 177 255 
-7.11499 -22.05452 -1.360685 255 205 162 255 
-5.285325 -21.99647 -1.206179 255 229 190 255 
-5.413163 -21.09413 -0.8802025 242 180 141 255 
-1.213788 -20.17675 1.730267 234 138 64 255 
-0.6401419 -20.08269 1.913935 245 150 82 255 
2.320517 -21.1198 0.2786992 227 173 126 255 
11.41184 -21.87033 -1.657984 225 219 187 255 
-11.26474 -22.37384 -1.916 211 212 204 255 
-11.13138 -22.12572 -1.771463 228 228 218 255 
-2.118379 -21.01269 0.6184448 233 121 55 255 
2.959052 -21.96587 -0.7619421 255 203 161 255 
8.860984 -21.86621 -1.460778 243 209 163 255 
11.37641 -21.93511 -1.606625 221 216 186 255 
-11.24328 -22.46419 -1.903073 223 221 209 255 
-4.212578 -22.09578 -1.112748 232 163 124 255 
-2.804591 -22.00544 -0.7003566 216 150 115 255 
-2.843942 -21.42066 -0.1314564 239 179 145 255 
-1.401314 -21.01527 0.8948045 244 150 76 255 
1.202282 -21.37952 0.5377086 240 172 123 255 
5.992748 -21.53813 -1.159122 254 207 165 255 
6.887146 -21.91866 -1.308489 255 235 193 255 
11.42379 -21.93055 -1.626465 225 219 187 255 
11.33478 -21.99821 -1.559168 215 211 184 255 
-11.21708 -22.55346 -1.892455 221 215 201 255 
-8.749136 -22.26402 -1.458185 250 216 188 255 
2.630165 -21.61145 -0.3469761 222 162 125 255 
9.66655 -21.83582 -1.520639 244 201 150 255 
11.09256 -22.17175 -1.518371 222 218 189 255 
11.28712 -22.06015 -1.516141 207 207 183 255 
-11.18537 -22.64099 -1.883898 218 207 189 255 
-9.93081 -22.42193 -1.571714 242 188 150 255 
0.3287078 -21.36235 0.8281685 224 130 60 255 
3.794991 -22.14896 -1.05788 251 201 166 255 
10.98761 -22.36912 -1.359995 233 219 182 255 
11.05178 -22.30527 -1.384525 231 221 186 255 
11.11519 -22.24315 -1.412091 227 221 187 255 
11.17634 -22.18204 -1.442928 223 219 190 255 
11.234 -22.1212 -1.47742 213 213 187 255 
-11.14749 -22.72592 -1.877285 211 194 174 255 
-3.370977 -22.21067 -1.025166 223 153 119 255 
-3.216393 -21.76786 -0.6268067 213 142 110 255 
-1.779237 -21.72262 0.0482769 228 134 70 255 
7.387448 -22.14171 -1.349359 247 199 153 255 
9.072743 -22.23186 -1.368143 246 205 159 255 
10.92384 -22.4353 -1.338099 236 218 178 255 
-11.10298 -22.8076 -1.872372 206 190 165 255 
-10.91095 -22.53279 -1.635725 233 181 142 255 
-6.609175 -22.74976 -1.543729 242 181 137 255 
-6.528183 -21.95977 -1.310428 241 187 141 255 
-4.959018 -22.38976 -1.31758 237 179 141 255 
-2.624774 -22.79912 -1.347261 218 143 112 255 
-0.7420321 -21.99908 0.2109 252 182 110 255 
-0.0987195 -21.63065 0.6244904 249 178 100 255 
6.273458 -22.11835 -1.256949 254 201 159 255 
10.86154 -22.50401 -1.318542 235 215 178 255 
-11.05154 -22.88531 -1.869219 212 195 167 255 
-11.15598 -22.80627 -1.75266 222 199 165 255 
-10.75993 -22.93515 -1.660053 235 187 149 255 
-8.667741 -22.68186 -1.506241 239 178 134 255 
-4.045295 -22.44487 -1.250292 227 157 121 255 
-1.269885 -22.42899 -0.4932421 239 161 97 255 
4.545494 -22.32215 -1.193719 250 215 177 255 
10.11727 -22.23896 -1.365749 243 212 165 255 
10.55563 -22.36483 -1.303524 246 215 169 255 
10.80131 -22.57559 -1.30136 239 214 173 255 
-10.99304 -22.95829 -1.867728 203 191 165 255 
-2.116128 -22.81743 -1.255704 219 156 113 255 
-0.4310013 -21.86849 0.4021231 254 190 126 255 
0.7390105 -21.93527 0.1420552 218 162 115 255 
10.74364 -22.64989 -1.286841 236 207 167 255 
-10.92765 -23.02601 -1.867519 208 197 175 255 
-11.06542 -23.04775 -1.800728 225 214 182 255 
-7.933754 -22.74147 -1.52629 230 166 128 255 
-1.919754 -22.38819 -0.7334648 227 164 120 255 
1.100327 -22.66462 -0.7854412 212 157 116 255 
1.521373 -22.41564 -0.6770869 220 160 123 255 
2.275985 -22.42312 -0.9451815 211 150 122 255 
3.117869 -22.40728 -1.082645 229 180 150 255 
7.177693 -22.57259 -1.301706 246 196 145 255 
10.68844 -22.72665 -1.274952 234 197 155 255 
-10.85564 -23.0881 -1.868705 200 195 173 255 
-10.86007 -23.24931 -1.862801 210 205 176 255 
-10.65746 -23.22109 -1.781701 217 210 181 255 
-8.171085 -23.25524 -1.730006 220 157 113 255 
-7.388549 -22.90016 -1.555013 227 164 120 255 
-5.399614 -23.12545 -1.612636 221 158 125 255 
-4.681981 -22.7879 -1.464084 221 172 131 255 
-3.133057 -23.12453 -1.579036 217 150 107 255 
3.864394 -22.67361 -1.256999 241 189 152 255 
4.843404 -22.67924 -1.297942 238 192 156 255 
8.779652 -22.87383 -1.249892 249 193 142 255 
10.63509 -22.80524 -1.266244 229 178 131 255 
-10.77745 -23.14448 -1.871279 196 191 171 255 
-10.69372 -23.19501 -1.874761 200 194 170 255 
-10.60508 -23.24013 -1.879527 204 194 167 255 
-10.51228 -23.2803 -1.885174 212 196 170 255 
-10.41603 -23.31611 -1.891787 212 192 165 255 
-10.31704 -23.34815 -1.899136 209 188 161 255 
-10.21591 -23.37709 -1.907 208 184 158 255 
-10.11322 -23.40319 -1.914953 210 182 158 255 
-10.00943 -23.42696 -1.92275 206 179 152 255 
-5.848074 -22.99865 -1.597189 215 157 111 255 
-3.707013 -22.57935 -1.2937 214 152 113 255 
0.05131273 -22.44116 -0.1868815 214 151 84 255 
10.58285 -22.88472 -1.260757 223 160 106 255 
-9.904878 -23.44862 -1.930113 187 170 150 255 
-10.02765 -23.13313 -1.72971 188 167 140 255 
-9.43238 -23.26175 -1.780894 180 161 129 255 
-8.576934 -23.04366 -1.630268 188 163 123 255 
-6.952965 -23.32777 -1.741627 193 155 118 255 
-5.911063 -23.46725 -1.837505 193 150 105 255 
-5.806796 -23.45357 -1.826295 193 152 106 255 
-5.70258 -23.44012 -1.814804 196 155 111 255 
-5.598387 -23.42712 -1.803216 201 158 115 255 
-5.494195 -23.41473 -1.791705 205 160 118 255 
-5.077157 -23.37232 -1.748763 209 161 121 255 
-4.972767 -23.36351 -1.73927 204 154 117 255 
-4.868329 -23.35523 -1.730156 206 152 116 255 
-4.763788 -23.34789 -1.721942 207 153 115 255 
-4.659158 -23.34144 -1.714465 206 158 118 255 
-4.554418 -23.33602 -1.7079 207 164 122 255 
-4.449548 -23.33185 -1.702429 211 163 123 255 
-4.344518 -23.32907 -1.698227 207 155 116 255 
-4.239309 -23.32791 -1.695477 202 146 109 255 
-4.13392 -23.32844 -1.694191 203 147 112 255 
-4.028353 -23.33075 -1.69438 211 157 123 255 
-3.922597 -23.33484 -1.696044 213 163 128 255 
-3.816634 -23.34077 -1.699344 220 171 138 255 
-3.710511 -23.34834 -1.703946 219 170 138 255 
-3.604201 -23.3577 -1.710022 218 167 138 255 
-3.497774 -23.36842 -1.717052 229 178 151 255 
-0.6254697 -22.83953 -0.6275728 194 127 72 255 
1.778685 -22.90003 -1.211908 216 152 108 255 
3.39015 -22.68332 -1.245471 207 146 115 255 
6.583877 -22.8309 -1.28978 233 181 133 255 
8.020504 -22.83103 -1.246595 225 154 102 255 
10.53068 -22.96382 -1.258339 218 150 89 255 
-9.799901 -23.46789 -1.936385 172 171 151 255 
-9.694694 -23.48497 -1.941438 173 168 148 255 
-9.589375 -23.49986 -1.945273 173 166 147 255 
-9.48409 -23.51215 -1.94737 171 164 146 255 
-9.378872 -23.52215 -1.947926 171 162 145 255 
-9.273735 -23.52982 -1.947093 171 163 142 255 
-9.1687 -23.53526 -1.944882 167 161 139 255 
-9.063742 -23.53881 -1.94165 164 159 140 255 
-8.958826 -23.54085 -1.937756 161 158 143 255 
-8.853961 -23.54154 -1.933222 160 157 142 255 
-8.749108 -23.54125 -1.928405 161 155 139 255 
-8.64423 -23.5405 -1.923685 161 153 132 255 
-8.539349 -23.53932 -1.91891 162 152 127 255 
-8.434403 -23.53814 -1.914601 164 152 126 255 
-8.329375 -23.53725 -1.910954 162 150 128 255 
-8.224283 -23.53677 -1.907826 159 148 130 255 
-8.119108 -23.53685 -1.905393 157 145 129 255 
-8.013832 -23.53761 -1.903826 157 144 127 255 
-7.908494 -23.53896 -1.902802 159 144 125 255 
-7.803054 -23.54091 -1.902634 161 145 120 255 
-7.697565 -23.54339 -1.902846 165 145 118 255 
-7.592014 -23.54612 -1.903556 159 143 118 255 
-7.486463 -23.54893 -1.904277 158 142 117 255 
-7.380932 -23.55144 -1.904802 159 141 117 255 
-6.85388 -23.55185 -1.900736 154 136 114 255 
-6.748698 -23.54814 -1.897659 154 138 115 255 
-6.643607 -23.5428 -1.893596 162 142 118 255 
-6.538604 -23.53598 -1.888718 164 138 115 255 
-6.331067 -23.15697 -1.698092 168 138 112 255 
-6.015371 -23.48083 -1.848389 164 136 112 255 
-5.389985 -23.40306 -1.780443 177 146 115 255 
-5.285756 -23.39212 -1.769431 183 150 117 255 
-5.181487 -23.38189 -1.758821 181 148 115 255 
-3.391199 -23.38048 -1.725189 204 173 142 255 
-3.284576 -23.39349 -1.733759 205 175 141 255 
-3.177885 -23.40734 -1.742904 205 169 133 255 
-3.071207 -23.42165 -1.751952 201 159 121 255 
-2.964562 -23.4361 -1.760708 200 155 114 255 
-2.858031 -23.45046 -1.768673 204 157 115 255 
-2.75162 -23.46464 -1.775836 200 156 111 255 
-2.681447 -23.37865 -1.752553 214 172 122 255 
-2.184423 -23.26327 -1.645647 215 172 127 255 
-1.398786 -23.36114 -1.681642 223 172 107 255 
-1.180411 -23.31034 -1.542754 187 120 78 255 
0.03029388 -23.00115 -0.7201359 192 125 73 255 
0.6975273 -23.22871 -1.305064 222 169 117 255 
1.320281 -23.11164 -1.311463 221 169 112 255 
2.259999 -23.06678 -1.366577 208 148 98 255 
5.779987 -22.73819 -1.343974 227 165 118 255 
10.26963 -22.90026 -1.153113 221 147 84 255 
10.46677 -23.05043 -1.144889 218 148 86 255 
10.4774 -23.04142 -1.259014 218 150 87 255 
-7.275391 -23.55343 -1.905262 143 137 123 255 
-7.169931 -23.5547 -1.905007 142 136 122 255 
-7.064511 -23.55502 -1.904317 139 133 119 255 
-6.959161 -23.55403 -1.902836 140 134 120 255 
-6.43373 -23.52749 -1.882691 141 130 112 255 
-6.328956 -23.51762 -1.875709 140 127 108 255 
-6.224324 -23.50628 -1.867448 138 125 108 255 
-6.119802 -23.49392 -1.858276 137 125 109 255 
-2.645434 -23.47821 -1.781363 155 123 85 255 
-2.539522 -23.49105 -1.784929 168 134 96 255 
-2.433921 -23.50287 -1.786339 167 133 96 255 
-2.328745 -23.51348 -1.784792 161 127 92 255 
-2.224092 -23.52258 -1.779625 162 126 94 255 
-2.120013 -23.52999 -1.770505 165 129 95 255 
-2.016637 -23.53527 -1.756595 171 131 95 255 
-1.914075 -23.53816 -1.737085 186 144 102 255 
-1.794687 -23.4917 -1.827389 192 150 102 255 
-1.283846 -23.48799 -1.72503 191 143 95 255 
-0.6800572 -23.21436 -1.024782 179 118 89 255 
-0.2838277 -23.04296 -0.7187907 223 167 92 255 
0.760078 -23.36148 -1.43097 179 117 76 255 
2.705537 -23.40763 -1.55473 210 158 119 255 
5.065345 -22.9883 -1.366339 233 172 125 255 
5.576532 -23.40628 -1.42607 223 156 111 255 
10.42185 -23.11599 -1.262285 217 155 94 255 
-1.812446 -23.53836 -1.711312 95 65 73 255 
-1.711791 -23.53576 -1.678953 96 70 73 255 
-1.612217 -23.53006 -1.639346 107 81 82 255 
-1.513746 -23.52122 -1.592328 122 94 90 255 
-1.416346 -23.50934 -1.538226 140 112 101 255 
-1.319957 -23.49487 -1.477407 161 132 116 255 
-1.224456 -23.47794 -1.410825 170 138 115 255 
-1.129665 -23.45937 -1.339671 177 143 116 255 
-1.03534 -23.43959 -1.265561 178 145 114 255 
-0.9411618 -23.41937 -1.190616 185 149 123 255 
-0.8467968 -23.39955 -1.117124 182 147 119 255 
-0.7518146 -23.38085 -1.047823 180 147 116 255 
-0.6558268 -23.36407 -0.9851521 176 143 112 255 
-0.4288768 -23.21971 -0.6975617 189 145 98 255 
0.01603259 -23.18064 -0.763301 174 136 99 255 
0.2934762 -23.36421 -0.9810871 176 140 104 255 
0.4078748 -23.38136 -1.038294 182 144 107 255 
0.5229167 -23.40078 -1.099998 182 143 104 255 
0.6383359 -23.42167 -1.163445 181 139 99 255 
0.7536243 -23.44347 -1.226698 185 136 106 255 
0.8685989 -23.46549 -1.287645 192 143 113 255 
0.9829873 -23.48717 -1.344812 194 145 112 255 
1.447805 -23.50869 -1.659831 200 159 107 255 
1.981656 -23.52126 -1.630284 187 144 89 255 
2.609833 -23.56555 -1.611678 199 160 119 255 
2.715164 -23.56166 -1.609045 203 166 122 255 
2.820513 -23.55918 -1.606749 207 170 125 255 
2.926047 -23.55848 -1.605461 202 161 117 255 
3.031658 -23.55979 -1.605052 197 153 108 255 
3.137476 -23.56302 -1.605824 194 141 97 255 
3.184659 -23.22406 -1.457796 203 152 109 255 
6.785128 -23.33792 -1.381326 217 156 102 255 
7.209795 -23.10083 -1.310173 225 166 108 255 
8.717852 -23.2803 -1.284805 225 163 114 255 
10.36297 -23.18631 -1.267848 217 161 104 255 
-0.5584837 -23.34971 -0.9316671 188 161 131 255 
-0.4594088 -23.33851 -0.8896427 182 151 122 255 
-0.3582869 -23.33072 -0.8608221 177 143 108 255 
-0.2549522 -23.32676 -0.8465056 177 142 100 255 
-0.1493633 -23.32674 -0.8470182 179 144 104 255 
-0.04147553 -23.33063 -0.8620448 181 147 110 255 
0.06841335 -23.33838 -0.8906449 185 152 119 255 
0.1802472 -23.34973 -0.9310722 184 155 123 255 
1.096645 -23.50781 -1.397017 184 148 126 255 
1.209512 -23.52691 -1.443731 174 138 122 255 
1.321353 -23.54404 -1.484433 159 122 113 255 
1.432363 -23.55867 -1.519209 142 104 103 255 
1.542543 -23.57072 -1.548047 133 97 99 255 
1.651763 -23.57987 -1.571221 135 105 95 255 
1.760237 -23.58605 -1.58903 137 108 92 255 
1.867962 -23.58956 -1.602138 134 105 87 255 
1.975087 -23.59039 -1.611009 129 101 80 255 
2.081693 -23.58892 -1.616315 134 106 84 255 
2.187756 -23.58573 -1.6186 142 114 90 255 
2.293552 -23.58118 -1.618684 150 123 96 255 
2.399141 -23.57584 -1.61711 152 125 98 255 
2.504519 -23.57044 -1.614594 153 127 100 255 
3.243413 -23.56818 -1.60778 163 122 92 255 
3.349537 -23.57505 -1.610732 167 134 101 255 
3.45576 -23.58337 -1.614649 170 137 104 255 
3.56215 -23.59275 -1.619325 175 142 109 255 
3.668514 -23.60297 -1.624577 179 143 111 255 
3.774984 -23.6135 -1.630023 182 143 110 255 
3.881433 -23.62398 -1.635307 184 143 111 255 
3.987821 -23.63404 -1.64007 182 139 105 255 
4.06923 -23.26131 -1.448068 196 155 111 255 
5.107439 -23.37254 -1.470967 207 161 109 255 
5.45364 -23.62172 -1.557259 208 162 110 255 
5.557901 -23.61686 -1.548432 201 155 103 255 
5.662413 -23.61319 -1.541002 201 156 101 255 
5.767173 -23.61088 -1.534992 204 159 104 255 
6.070738 -23.32112 -1.417101 202 153 110 255 
9.351698 -23.17689 -1.210832 220 169 124 255 
9.647105 -23.34185 -1.214608 215 154 100 255 
10.29991 -23.25097 -1.274911 215 165 112 255 
4.094042 -23.64321 -1.644096 145 122 104 255 
4.200099 -23.65111 -1.646714 151 125 98 255 
4.305908 -23.65748 -1.64789 156 129 99 255 
4.411406 -23.66199 -1.647116 155 128 98 255 
4.516593 -23.66449 -1.644369 158 133 102 255 
4.62145 -23.6649 -1.639488 157 134 102 255 
4.725976 -23.66332 -1.632483 162 139 107 255 
4.830213 -23.65978 -1.623667 161 141 108 255 
4.934201 -23.6547 -1.613411 159 139 106 255 
5.038067 -23.64846 -1.602071 163 139 103 255 
5.141893 -23.64152 -1.590329 167 141 104 255 
5.245719 -23.63449 -1.578576 169 143 106 255 
5.349629 -23.62776 -1.567484 173 147 110 255 
5.872118 -23.60981 -1.530542 174 145 105 255 
5.977251 -23.60977 -1.527003 177 145 106 255 
6.082506 -23.61047 -1.524493 179 145 107 255 
6.18791 -23.61167 -1.522513 178 144 106 255 
6.293267 -23.61305 -1.520871 181 147 110 255 
6.398712 -23.61436 -1.519216 182 152 116 255 
6.504178 -23.61554 -1.517702 183 159 121 255 
6.609516 -23.61654 -1.515853 183 161 122 255 
6.71492 -23.6174 -1.51383 193 162 118 255 
6.820196 -23.61823 -1.511494 189 155 110 255 
6.925451 -23.61919 -1.509017 183 145 100 255 
7.030642 -23.62049 -1.506117 188 147 103 255 
7.135811 -23.62234 -1.503132 198 157 113 255 
7.240957 -23.62481 -1.500071 205 164 120 255 
7.346038 -23.62797 -1.496632 204 167 122 255 
7.45101 -23.63193 -1.49314 197 163 117 255 
7.556046 -23.63634 -1.489551 199 156 113 255 
7.660933 -23.64093 -1.485518 199 155 110 255 
7.765799 -23.64531 -1.481301 198 154 109 255 
7.870518 -23.64901 -1.476532 197 153 106 255 
8.099579 -23.26918 -1.265474 215 174 130 255 
8.704561 -23.6131 -1.409877 212 171 127 255 
8.808329 -23.60171 -1.398969 213 175 130 255 
8.912138 -23.59044 -1.388385 217 180 136 255 
9.015749 -23.57957 -1.378324 219 182 140 255 
9.119248 -23.56938 -1.368819 211 176 136 255 
9.222418 -23.55997 -1.360197 211 172 131 255 
9.325171 -23.55126 -1.352448 211 173 128 255 
9.427165 -23.54257 -1.345489 211 170 124 255 
9.528035 -23.53317 -1.339074 207 165 115 255 
9.627439 -23.52222 -1.333099 205 162 111 255 
9.724753 -23.50858 -1.327266 205 159 107 255 
9.819337 -23.49088 -1.321092 204 158 106 255 
10.17992 -23.52603 -1.328284 206 170 120 255 
10.23202 -23.30914 -1.283056 200 166 120 255 
7.975265 -23.65145 -1.471133 180 157 123 255 
7.779686 -23.4474 -1.355781 188 168 133 255 
8.392697 -23.64137 -1.440762 188 166 129 255 
8.496711 -23.63342 -1.430916 187 165 128 255 
8.600688 -23.62384 -1.420548 189 166 132 255 
9.910693 -23.46814 -1.314617 195 166 124 255 
9.998116 -23.43924 -1.307544 193 170 126 255 
10.081 -23.4034 -1.299781 193 172 129 255 
10.15903 -23.36002 -1.291408 190 168 127 255 
8.079761 -23.65224 -1.4649 164 160 135 255 
8.184264 -23.65087 -1.457764 166 162 135 255 
8.288519 -23.64733 -1.44973 166 162 135 255 
3 2490 2412 2433 
3 2412 2490 2407 
3 2407 2490 2392 
3 2393 2392 2490 
3 2392 2393 2379 
3 2379 2393 2370 
3 2370 2393 2352 
3 2352 2393 2335 
3 2335 2393 2323 
3 2323 2393 2302 
3 2302 2393 2289 
3 2289 2393 2275 
3 2393 2258 2275 
3 2692 2660 2676 
3 2660 2692 2649 
3 2649 2692 2636 
3 2636 2692 2619 
3 2619 2692 2608 
3 2608 2692 2592 
3 2592 2692 2576 
3 2576 2692 2565 
3 2565 2692 2546 
3 2489 2546 2692 
3 2546 2489 2529 
3 2529 2489 2516 
3 2516 2489 2499 
3 2499 2489 2488 
3 2488 2489 2472 
3 2472 2489 2455 
3 2455 2489 2442 
3 2442 2489 2433 
3 2490 2433 2489 
3 2258 2393 2245 
3 2193 2245 2393 
3 2245 2193 2222 
3 2222 2193 2204 
3 2204 2193 2192 
3 2192 2193 2176 
3 2177 2176 2193 
3 2176 2177 2162 
3 2162 2177 2150 
3 2150 2177 2140 
3 2140 2177 2123 
3 2123 2177 2108 
3 2177 2092 2108 
3 2760 2710 2719 
3 2710 2760 2691 
3 2692 2691 2760 
3 2691 2692 2676 
3 2530 2489 2692 
3 2177 2109 2092 
3 2092 2109 2080 
3 2109 2063 2080 
3 2760 2759 2779 
3 2759 2760 2744 
3 2744 2760 2732 
3 2732 2760 2719 
3 2733 2692 2760 
3 2489 2530 2531 
3 2489 2531 2490 
3 2063 2109 2047 
3 2047 2109 2031 
3 2031 2109 2019 
3 2019 2109 2008 
3 2008 2109 1993 
3 1994 1993 2109 
3 1993 1994 1981 
3 1994 1963 1981 
3 2969 2951 2968 
3 2951 2969 2936 
3 2936 2969 2919 
3 2919 2969 2902 
3 2902 2969 2893 
3 2894 2893 2969 
3 2893 2894 2882 
3 2882 2894 2867 
3 2867 2894 2852 
3 2852 2894 2841 
3 2841 2894 2818 
3 2819 2818 2894 
3 2818 2819 2799 
3 2799 2819 2788 
3 2788 2819 2779 
3 2779 2819 2760 
3 2720 2692 2733 
3 2692 2720 2530 
3 2393 2353 2193 
3 2109 2177 2193 
3 1963 1994 1949 
3 1994 1937 1949 
3 3009 2994 3008 
3 2994 3009 2985 
3 2985 3009 2968 
3 2968 3009 2969 
3 2393 2490 2353 
3 2259 2109 2193 
3 1994 1927 1937 
3 3009 3008 3027 
3 2760 2819 2733 
3 2531 2530 2720 
3 2081 2109 2259 
3 2109 2081 1994 
3 1994 1916 1927 
3 3009 3027 3048 
3 2969 2952 2894 
3 2894 2952 2819 
3 2733 2819 2820 
3 1994 1902 1916 
3 3090 3078 3089 
3 3078 3090 3063 
3 3063 3090 3048 
3 3048 3090 3009 
3 2952 2969 3009 
3 2952 2883 2819 
3 2720 2547 2531 
3 2353 2259 2193 
3 1876 1902 1994 
3 1902 1876 1887 
3 1887 1876 1875 
3 1875 1876 1857 
3 1876 1841 1857 
3 3090 3089 3102 
3 1982 2081 2194 
3 2081 1982 1994 
3 1876 1994 1982 
3 1876 1823 1841 
3 3090 3102 3124 
3 2819 2883 2820 
3 2259 2246 2081 
3 1876 1812 1823 
3 3247 3179 3189 
3 3179 3247 3163 
3 3163 3247 3150 
3 3090 3150 3247 
3 3150 3090 3138 
3 3138 3090 3124 
3 2720 2733 2820 
3 2194 2081 2246 
3 1982 1964 1876 
3 1812 1876 1802 
3 1802 1876 1787 
3 1803 1787 1876 
3 1787 1803 1773 
3 1803 1764 1773 
3 3247 3235 3246 
3 3235 3247 3222 
3 3222 3247 3204 
3 3204 3247 3189 
3 3090 3049 3009 
3 3009 3049 2952 
3 2194 2163 1982 
3 1803 1747 1764 
3 3360 3275 3292 
3 3275 3360 3261 
3 3261 3360 3246 
3 3246 3360 3247 
3 1964 1982 2163 
3 1803 1748 1747 
3 1748 1731 1747 
3 3360 3331 3346 
3 3331 3360 3318 
3 3318 3360 3302 
3 3302 3360 3292 
3 3049 3090 3247 
3 2547 2548 2531 
3 2490 2549 2353 
3 1964 1877 1876 
3 1803 1876 1877 
3 1731 1748 1720 
3 1720 1748 1707 
3 1707 1748 1699 
3 1748 1681 1699 
3 3360 3370 3384 
3 3370 3360 3359 
3 3359 3360 3346 
3 3247 3180 3049 
3 3049 3064 2952 
3 2720 2661 2547 
3 2353 2324 2259 
3 2246 2259 2324 
3 1748 1666 1681 
3 3404 3403 3424 
3 3403 3404 3384 
3 3384 3404 3360 
3 3360 3262 3247 
3 2952 3064 2883 
3 2820 2789 2720 
3 2620 2547 2661 
3 2548 2547 2620 
3 1877 1964 1950 
3 1667 1666 1748 
3 3404 3424 3435 
3 3360 3371 3262 
3 3049 3180 3064 
3 2720 2789 2661 
3 2577 2531 2548 
3 2531 2577 2490 
3 2549 2490 2577 
3 2324 2353 2549 
3 2163 1950 1964 
3 1748 1654 1667 
3 1643 1613 1628 
3 1613 1643 1597 
3 1643 1584 1597 
3 1462 1461 1476 
3 1461 1462 1445 
3 1445 1462 1429 
3 1462 1414 1429 
3 3521 3520 3533 
3 3520 3521 3503 
3 3503 3521 3493 
3 3493 3521 3478 
3 3478 3521 3461 
3 3461 3521 3446 
3 3446 3521 3435 
3 3435 3521 3404 
3 3064 2970 2883 
3 2789 2820 2883 
3 1748 1682 1654 
3 1682 1642 1654 
3 1643 1628 1642 
3 1584 1643 1574 
3 1574 1643 1557 
3 1585 1557 1643 
3 1557 1585 1543 
3 1543 1585 1523 
3 1523 1585 1514 
3 1514 1585 1501 
3 1501 1585 1489 
3 1489 1585 1476 
3 1476 1585 1462 
3 1415 1414 1462 
3 3565 3581 3593 
3 3581 3565 3564 
3 3564 3565 3549 
3 3521 3549 3565 
3 3549 3521 3533 
3 3371 3360 3404 
3 3180 3247 3262 
3 2620 2650 2548 
3 2577 2548 2650 
3 2246 2336 2194 
3 2194 2336 2163 
3 1877 1878 1803 
3 1803 1878 1748 
3 1643 1642 1682 
3 1462 1399 1415 
3 3639 3593 3612 
3 3593 3639 3565 
3 2789 2883 2970 
3 2324 2549 2491 
3 2324 2380 2246 
3 1878 1858 1748 
3 1462 1388 1399 
3 3639 3638 3648 
3 3638 3639 3622 
3 3622 3639 3612 
3 3649 3565 3639 
3 2336 2246 2380 
3 2163 2336 2247 
3 1950 2163 2247 
3 1877 2009 1878 
3 1774 1748 1858 
3 1748 1774 1682 
3 1388 1462 1373 
3 1389 1373 1462 
3 1373 1389 1358 
3 1358 1389 1341 
3 1341 1389 1329 
3 1329 1389 1318 
3 1389 1306 1318 
3 3743 3648 3667 
3 3648 3743 3639 
3 3371 3404 3521 
3 3262 3293 3180 
3 3180 3293 3064 
3 1389 1462 1544 
3 1389 1294 1306 
3 3743 3667 3682 
3 3743 3649 3639 
3 3565 3649 3521 
3 3623 3521 3649 
3 3371 3521 3623 
3 2620 2661 2789 
3 1585 1575 1462 
3 1490 1462 1575 
3 1294 1389 1286 
3 1287 1286 1389 
3 1286 1287 1272 
3 1272 1287 1259 
3 1287 1248 1259 
3 3743 3682 3697 
3 3303 3262 3371 
3 3293 3262 3303 
3 3064 3079 2970 
3 2970 2868 2789 
3 2549 2577 2650 
3 2491 2549 2650 
3 2324 2491 2380 
3 1950 2064 1877 
3 1878 1965 1858 
3 1544 1462 1490 
3 1287 1240 1248 
3 3743 3742 3756 
3 3742 3743 3730 
3 3730 3743 3714 
3 3714 3743 3704 
3 3704 3743 3697 
3 2789 2800 2620 
3 2790 2650 2620 
3 2491 2443 2380 
3 2380 2413 2336 
3 2413 2247 2336 
3 2009 1877 2064 
3 2009 1965 1878 
3 1749 1643 1682 
3 1643 1749 1585 
3 1585 1749 1575 
3 1575 1598 1490 
3 1295 1287 1389 
3 1287 1295 1240 
3 1241 1240 1295 
3 3780 3767 3779 
3 3767 3780 3756 
3 3756 3780 3743 
3 3293 3079 3064 
3 2970 3050 2868 
3 2800 2789 2868 
3 2790 2620 2800 
3 2578 2491 2650 
3 2443 2491 2578 
3 2413 2380 2443 
3 2064 1950 2124 
3 1295 1223 1241 
3 3780 3779 3796 
3 3050 2970 3079 
3 2124 1950 2247 
3 1389 1400 1295 
3 1295 1296 1223 
3 1296 1210 1223 
3 3780 3796 3807 
3 3649 3743 3780 
3 3436 3371 3623 
3 3303 3371 3436 
3 3276 3190 3293 
3 2868 2920 2800 
3 2290 2247 2371 
3 1824 1774 1858 
3 1598 1544 1490 
3 1544 1400 1389 
3 1296 1192 1210 
3 3807 3808 3780 
3 3276 3293 3303 
3 3079 3293 3190 
3 3050 2884 2868 
3 2413 2371 2247 
3 2124 2247 2290 
3 2064 2110 2009 
3 1965 1917 1858 
3 1749 1682 1774 
3 1400 1544 1477 
3 1296 1400 1374 
3 1400 1296 1295 
3 1192 1296 1181 
3 1182 1181 1296 
3 1181 1182 1170 
3 1182 1155 1170 
3 3896 3808 3817 
3 3808 3896 3780 
3 3623 3624 3436 
3 2884 2920 2868 
3 2110 2064 2124 
3 2009 2110 1965 
3 1477 1544 1629 
3 1155 1182 1147 
3 1147 1182 1128 
3 1182 1111 1128 
3 3896 3817 3829 
3 3780 3698 3649 
3 3624 3522 3436 
3 3190 3236 3079 
3 3050 3079 3347 
3 2578 2721 2443 
3 2443 2566 2413 
3 1824 1858 1917 
3 1629 1544 1598 
3 1374 1400 1477 
3 1374 1307 1296 
3 1182 1183 1111 
3 1183 1102 1111 
3 3896 3829 3849 
3 3236 3347 3079 
3 3050 3051 2884 
3 2790 2791 2650 
3 2371 2413 2456 
3 2371 2456 2290 
3 2290 2178 2124 
3 1966 1917 1965 
3 1774 1824 1749 
3 1296 1307 1182 
3 1183 1088 1102 
3 3896 3849 3863 
3 3385 3303 3436 
3 3303 3385 3276 
3 3151 3050 3347 
3 3051 3050 3151 
3 2578 2650 2791 
3 2566 2456 2413 
3 2124 2338 2110 
3 1732 1575 1749 
3 1183 1073 1088 
3 3939 3938 3953 
3 3938 3939 3928 
3 3928 3939 3919 
3 3919 3939 3903 
3 3903 3939 3895 
3 3896 3895 3939 
3 3895 3896 3879 
3 3879 3896 3863 
3 3623 3649 3698 
3 2953 2800 2920 
3 2790 2800 2953 
3 2791 2721 2578 
3 2456 2492 2290 
3 2178 2338 2124 
3 1966 1965 2110 
3 1598 1575 1732 
3 1629 1598 1733 
3 1183 1307 1330 
3 1307 1183 1182 
3 1183 1129 1073 
3 1073 1129 1064 
3 1064 1129 1053 
3 1148 1053 1129 
3 1148 1042 1053 
3 3966 3982 3997 
3 3982 3966 3965 
3 3965 3966 3953 
3 3953 3966 3939 
3 2903 2884 3051 
3 2721 2566 2443 
3 1917 1966 1824 
3 1733 1598 1732 
3 1342 1374 1545 
3 1374 1342 1307 
3 1042 1148 1027 
3 1148 1018 1027 
3 4010 4024 4040 
3 4024 4010 4009 
3 4009 4010 3997 
3 3966 3997 4010 
3 3276 3385 3190 
3 3236 3190 3425 
3 3051 3103 2903 
3 2920 2884 2903 
3 2566 2721 2693 
3 2492 2394 2290 
3 1629 1586 1477 
3 1477 1545 1374 
3 1019 1018 1148 
3 1018 1019 1006 
3 1019 986 1006 
3 4010 4040 4050 
3 3830 3896 3939 
3 3896 3830 3780 
3 3698 3624 3623 
3 2790 2853 2791 
3 2566 2579 2456 
3 2492 2456 2637 
3 2178 2290 2394 
3 1545 1477 1586 
3 1342 1330 1307 
3 986 1019 977 
3 987 977 1019 
3 987 965 977 
3 4180 4071 4084 
3 4071 4180 4059 
3 4059 4180 4050 
3 4050 4180 4010 
3 3780 3830 3698 
3 3698 3757 3624 
3 3385 3436 3522 
3 2721 2791 2853 
3 1824 1966 1842 
3 1732 1749 1824 
3 1330 1319 1183 
3 987 949 965 
3 4180 4095 4109 
3 4095 4180 4084 
3 3939 3966 3830 
3 3830 3757 3698 
3 3624 3668 3522 
3 2920 2903 3052 
3 2853 2790 2953 
3 2853 2869 2721 
3 2693 2721 2869 
3 2579 2637 2456 
3 2338 2291 2110 
3 1824 1842 1732 
3 1629 1683 1586 
3 1502 1330 1342 
3 1319 1330 1331 
3 1183 1242 1129 
3 987 936 949 
3 4180 4109 4119 
3 3668 3624 3757 
3 3522 3566 3385 
3 3190 3385 3425 
3 3236 3425 3386 
3 3103 3052 2903 
3 2110 2111 1966 
3 1859 1732 1842 
3 1545 1502 1342 
3 1242 1183 1319 
3 1148 1129 1242 
3 936 987 921 
3 987 910 921 
3 4180 4119 4131 
3 3566 3522 3550 
3 3425 3385 3566 
3 3151 3347 3304 
3 3051 3151 3191 
3 2953 2920 3052 
3 2953 2921 2853 
3 2693 2677 2566 
3 2579 2566 2677 
3 1859 1733 1732 
3 1683 1629 1733 
3 1112 1019 1148 
3 987 1065 910 
3 910 1065 903 
3 1065 891 903 
3 4180 4146 4158 
3 4146 4180 4131 
3 3929 3830 3966 
3 3668 3757 3797 
3 2921 2953 2971 
3 2394 2337 2178 
3 1842 1966 2032 
3 1859 1842 2032 
3 987 1019 1112 
3 1065 877 891 
3 4180 4158 4170 
3 3929 3966 4010 
3 3757 3830 3929 
3 3705 3668 3797 
3 3668 3550 3522 
3 3191 3151 3304 
3 2492 2637 2662 
3 2111 2112 1966 
3 2032 1966 2112 
3 1331 1330 1502 
3 1260 1148 1242 
3 1112 1148 1193 
3 1065 892 877 
3 877 892 866 
3 892 859 866 
3 4180 4170 4179 
3 3998 4010 4180 
3 3668 3705 3550 
3 3103 3051 3191 
3 2921 2869 2853 
3 2567 2492 2662 
3 2394 2492 2567 
3 2394 2593 2337 
3 2338 2178 2337 
3 892 843 859 
3 4180 4179 4193 
3 4010 3998 3929 
3 3797 3757 3929 
3 3650 3550 3705 
3 3386 3425 3566 
3 3052 2971 2953 
3 2869 2870 2693 
3 2677 2761 2579 
3 2111 2110 2291 
3 2223 2111 2372 
3 2112 2111 2223 
3 2020 2032 2112 
3 1683 1630 1586 
3 1502 1545 1524 
3 892 828 843 
3 4193 4194 4180 
3 4262 4180 4194 
3 2693 2870 2677 
3 2579 2761 2637 
3 2567 2593 2394 
3 2372 2111 2291 
3 2065 2032 2020 
3 1630 1684 1586 
3 1545 1586 1684 
3 1260 1193 1148 
3 1184 1065 987 
3 922 892 1065 
3 892 878 828 
3 878 823 828 
3 4194 4195 4262 
3 3566 3550 3650 
3 3566 3504 3386 
3 3052 3028 2971 
3 1903 2032 2065 
3 2032 1903 1859 
3 1860 1733 1859 
3 1683 1733 1860 
3 1684 1524 1545 
3 1260 1242 1319 
3 1112 1184 987 
3 878 892 922 
3 878 814 823 
3 4195 4196 4262 
3 4262 4181 4180 
3 3998 3904 3929 
3 3797 3929 3904 
3 3797 3781 3705 
3 3347 3236 3386 
3 2971 3028 2921 
3 1193 1184 1112 
3 878 804 814 
3 4262 4196 4211 
3 3332 3347 3386 
3 3304 3347 3332 
3 3103 3181 3052 
3 2870 2821 2677 
3 2761 2677 2821 
3 1860 1859 1903 
3 1630 1825 1684 
3 1684 1631 1524 
3 1524 1515 1502 
3 878 792 804 
3 4262 4211 4224 
3 4180 4181 4132 
3 4180 4060 3998 
3 3904 3983 3797 
3 2921 2972 2869 
3 2821 2870 2904 
3 2593 2434 2337 
3 2338 2337 2434 
3 1860 1804 1683 
3 1515 1524 1631 
3 1319 1288 1260 
3 792 878 777 
3 878 766 777 
3 4262 4224 4235 
3 3998 4060 3904 
3 3983 3781 3797 
3 3650 3594 3566 
3 3103 3191 3181 
3 3052 3181 3028 
3 3028 2972 2921 
3 2223 2372 2381 
3 1804 1860 1904 
3 1630 1683 1804 
3 1684 1825 1631 
3 1502 1515 1331 
3 1288 1261 1260 
3 1260 1261 1193 
3 1065 1074 922 
3 922 937 878 
3 878 759 766 
3 766 759 758 
3 759 748 758 
3 4262 4253 4261 
3 4253 4262 4235 
3 4180 4132 4060 
3 3566 3594 3504 
3 2870 2869 2972 
3 2338 2434 2291 
3 1860 1903 2113 
3 1825 1630 1804 
3 1668 1631 1825 
3 1331 1430 1319 
3 922 1074 937 
3 749 748 759 
3 4262 4261 4271 
3 4181 4262 4295 
3 3983 3904 4060 
3 3920 3781 3983 
3 3494 3386 3504 
3 3386 3494 3332 
3 3304 3332 3462 
3 2020 2112 2223 
3 2113 1903 2065 
3 1515 1430 1331 
3 759 740 749 
3 4306 4305 4319 
3 4305 4306 4294 
3 4294 4306 4285 
3 4295 4285 4306 
3 4285 4295 4271 
3 4271 4295 4262 
3 3462 3332 3494 
3 3028 3181 3164 
3 2381 2303 2223 
3 1904 1860 2113 
3 1430 1288 1319 
3 1261 1359 1193 
3 1193 1359 1184 
3 767 759 923 
3 759 767 740 
3 767 729 740 
3 4319 4320 4306 
3 3650 3705 3768 
3 3650 3669 3594 
3 3028 3104 2972 
3 2761 2822 2637 
3 2637 2792 2662 
3 2662 2651 2567 
3 2593 2621 2434 
3 2223 2093 2020 
3 1359 1308 1184 
3 1184 1308 1065 
3 1074 1065 1308 
3 878 923 759 
3 767 720 729 
3 4320 4321 4306 
3 4322 4306 4321 
3 4306 4322 4295 
3 3920 3864 3781 
3 3768 3705 3781 
3 3715 3594 3669 
3 3181 3191 3248 
3 2792 2637 2822 
3 2651 2662 2792 
3 2434 2414 2291 
3 2372 2291 2414 
3 2065 2020 2093 
3 1904 1888 1804 
3 1804 1888 1825 
3 937 923 878 
3 767 707 720 
3 4322 4321 4340 
3 3781 3864 3768 
3 3669 3650 3768 
3 3104 3028 3164 
3 2904 2870 2972 
3 2593 2567 2651 
3 2093 2195 2065 
3 1668 1825 1826 
3 1074 966 937 
3 778 767 923 
3 767 692 707 
3 4340 4341 4322 
3 3494 3504 3594 
3 3462 3248 3304 
3 3304 3248 3191 
3 2822 2761 2821 
3 2414 2434 2622 
3 1515 1631 1644 
3 1515 1614 1430 
3 1401 1288 1430 
3 1261 1288 1401 
3 692 767 684 
3 685 684 767 
3 685 666 684 
3 4341 4342 4322 
3 4345 4295 4322 
3 4345 4263 4295 
3 4181 4263 4132 
3 3920 3983 4060 
3 2972 2995 2904 
3 2821 2904 2905 
3 2621 2622 2434 
3 2381 2372 2414 
3 2303 2381 2493 
3 2093 2223 2303 
3 2065 2082 2113 
3 1888 1904 2066 
3 1826 1825 1888 
3 1668 1644 1631 
3 1644 1614 1515 
3 1558 1430 1614 
3 1308 1185 1074 
3 1103 1074 1185 
3 778 923 879 
3 685 767 778 
3 667 666 685 
3 4342 4343 4322 
3 4295 4263 4181 
3 4110 4060 4132 
3 4060 4110 3920 
3 3864 3920 3905 
3 3181 3319 3164 
3 3164 3125 3104 
3 3104 2995 2972 
3 2995 3126 2904 
3 2905 2904 3126 
3 2822 2821 2905 
3 2195 2093 2303 
3 2195 2082 2065 
3 1805 1826 1888 
3 668 667 685 
3 4343 4344 4322 
3 4392 4322 4344 
3 4345 4322 4392 
3 3850 3768 3864 
3 3850 3669 3768 
3 3595 3594 3715 
3 3594 3595 3494 
3 2414 2493 2381 
3 2082 2195 2224 
3 1805 1708 1826 
3 1401 1430 1558 
3 1401 1503 1261 
3 1103 1156 1074 
3 923 937 966 
3 685 650 668 
3 4392 4344 4352 
3 3462 3494 3595 
3 3319 3181 3248 
3 3104 3139 2995 
3 2622 2550 2414 
3 2493 2414 2500 
3 2113 2066 1904 
3 1805 1888 2114 
3 1826 1708 1668 
3 1644 1668 1928 
3 1906 1614 1644 
3 1614 1655 1558 
3 1503 1401 1558 
3 1416 1261 1503 
3 1359 1261 1416 
3 1185 1308 1431 
3 966 1007 923 
3 879 923 1007 
3 685 639 650 
3 4392 4352 4364 
3 4132 4263 4212 
3 4110 4132 4212 
3 3905 3920 4110 
3 3139 3104 3125 
3 2792 2762 2651 
3 2652 2651 2762 
3 2550 2500 2414 
3 2114 1888 2066 
3 1708 1805 1905 
3 1928 1668 1708 
3 1906 1644 1928 
3 1431 1359 1416 
3 1359 1431 1308 
3 1431 1375 1185 
3 778 879 829 
3 685 632 639 
3 4392 4364 4381 
3 4133 4110 4212 
3 4085 4110 4133 
3 3905 4110 4085 
3 3864 3940 3850 
3 3850 3715 3669 
3 3595 3551 3462 
3 3319 3248 3333 
3 3125 3164 3319 
3 3126 2995 3139 
3 2822 2973 2792 
3 2762 2792 2973 
3 2593 2651 2652 
3 2621 2593 2652 
3 2303 2493 2339 
3 2339 2292 2303 
3 2303 2292 2195 
3 1103 1185 1375 
3 1156 1089 1074 
3 778 805 685 
3 640 632 685 
3 640 622 632 
3 4392 4391 4403 
3 4391 4392 4381 
3 4263 4353 4212 
3 3864 3905 3984 
3 3495 3462 3551 
3 3333 3462 3495 
3 3462 3333 3248 
3 3319 3305 3125 
3 3139 3125 3305 
3 3126 3080 2905 
3 2905 2973 2822 
3 2224 2195 2292 
3 2082 2196 2113 
3 2113 2196 2066 
3 1503 1576 1416 
3 1576 1431 1416 
3 1074 1089 966 
3 1007 966 1089 
3 805 778 829 
3 805 669 685 
3 640 612 622 
3 4445 4414 4428 
3 4414 4445 4403 
3 4403 4445 4392 
3 4133 4212 4225 
3 3864 3984 3940 
3 2652 2763 2621 
3 1928 1708 1905 
3 1655 1788 1558 
3 1503 1558 1685 
3 1576 1503 1700 
3 1007 938 879 
3 879 938 829 
3 640 685 669 
3 613 612 640 
3 4445 4428 4433 
3 4392 4445 4345 
3 4353 4263 4345 
3 3305 3165 3139 
3 2224 2196 2082 
3 2197 2114 2066 
3 1685 1700 1503 
3 1431 1417 1375 
3 640 598 613 
3 4445 4433 4444 
3 2114 2115 1805 
3 1788 1685 1558 
3 1089 1104 1007 
3 938 880 829 
3 829 880 805 
3 640 580 598 
3 4445 4444 4455 
3 4415 4345 4445 
3 4345 4415 4353 
3 4353 4225 4212 
3 3984 3905 4085 
3 3850 3809 3715 
3 2973 2905 3080 
3 2762 2854 2652 
3 2622 2621 2763 
3 2197 2066 2196 
3 1905 1805 2115 
3 1576 1478 1431 
3 1431 1478 1417 
3 1007 1104 938 
3 581 640 669 
3 640 581 580 
3 581 569 580 
3 4455 4456 4445 
3 4446 4445 4456 
3 4085 4133 4225 
3 3551 3505 3495 
3 3126 3139 3165 
3 2854 2762 2973 
3 2493 2568 2339 
3 2339 2444 2292 
3 2340 2292 2444 
3 2292 2340 2224 
3 2196 2224 2205 
3 1843 1614 1906 
3 1655 1614 1843 
3 1089 1156 1244 
3 844 880 988 
3 880 844 805 
3 805 693 669 
3 581 563 569 
3 4456 4457 4446 
3 4061 3940 3984 
3 3715 3731 3595 
3 3551 3595 3731 
3 3495 3479 3333 
3 3506 3333 3479 
3 3333 3506 3319 
3 2763 2652 2854 
3 2550 2801 2500 
3 2500 2568 2493 
3 2205 2224 2340 
3 1478 1446 1417 
3 1156 1103 1243 
3 880 938 950 
3 581 558 563 
3 4457 4458 4446 
3 3940 3809 3850 
3 3809 3880 3818 
3 3809 3731 3715 
3 3305 3319 3506 
3 2568 2500 2801 
3 2205 2197 2196 
3 2114 2197 2206 
3 1375 1243 1103 
3 950 938 1157 
3 950 988 880 
3 805 844 693 
3 558 581 543 
3 543 581 536 
3 544 536 581 
3 544 524 536 
3 4485 4458 4472 
3 4458 4485 4446 
3 4446 4485 4445 
3 3731 3809 3818 
3 3505 3582 3495 
3 3080 2922 2973 
3 2444 2339 2501 
3 2340 2304 2205 
3 2197 2205 2304 
3 2115 2114 2206 
3 1243 1244 1156 
3 1089 1149 1104 
3 1104 1157 938 
3 693 768 669 
3 544 513 524 
3 4485 4472 4484 
3 4445 4485 4415 
3 4353 4365 4225 
3 4085 4225 4147 
3 2568 2501 2339 
3 1700 1656 1576 
3 1478 1576 1656 
3 1375 1417 1402 
3 1243 1375 1402 
3 768 581 669 
3 544 504 513 
3 4510 4484 4498 
3 4484 4510 4485 
3 4061 4085 4147 
3 4085 4061 3984 
3 3582 3479 3495 
3 3165 3277 3126 
3 3126 3277 3080 
3 3080 3010 2922 
3 1446 1478 1632 
3 1244 1243 1343 
3 1157 1104 1149 
3 844 830 693 
3 768 693 830 
3 544 581 582 
3 545 504 544 
3 545 492 504 
3 4510 4498 4509 
3 3880 3809 3940 
3 3551 3683 3505 
3 3506 3387 3305 
3 3305 3387 3165 
3 2937 2922 3010 
3 2763 2885 2622 
3 2550 2622 2885 
3 2801 2764 2568 
3 2304 2206 2197 
3 1656 1632 1478 
3 1402 1343 1243 
3 1149 1244 1343 
3 1244 1149 1089 
3 582 581 768 
3 492 545 483 
3 545 473 483 
3 4510 4509 4517 
3 4025 3940 4061 
3 3192 3080 3277 
3 3010 3080 3192 
3 2854 2895 2763 
3 2444 2501 2473 
3 2444 2473 2340 
3 2094 2115 2206 
3 1402 1417 1446 
3 988 950 1130 
3 473 545 457 
3 458 457 545 
3 457 458 445 
3 458 431 445 
3 4517 4518 4510 
3 3880 3940 3954 
3 3731 3683 3551 
3 3010 3065 2937 
3 2906 2973 2922 
3 2895 2885 2763 
3 2304 2395 2206 
3 1656 1700 1789 
3 1343 1273 1149 
3 544 582 545 
3 432 431 458 
3 4518 4519 4510 
3 4307 4225 4365 
3 3954 3940 4025 
3 3506 3479 3596 
3 3506 3480 3387 
3 3361 3165 3387 
3 3237 3010 3192 
3 3065 3010 3237 
3 2906 2922 2937 
3 2973 2906 2854 
3 2801 2550 2885 
3 2568 2678 2501 
3 2473 2501 2678 
3 2473 2457 2340 
3 2304 2340 2457 
3 1843 1951 1655 
3 1788 1655 1951 
3 1685 1789 1700 
3 1446 1599 1402 
3 1447 1402 1599 
3 1402 1447 1343 
3 1273 1157 1149 
3 1157 1130 950 
3 1224 988 1130 
3 967 988 1224 
3 939 988 967 
3 844 988 939 
3 582 768 741 
3 582 633 545 
3 433 432 458 
3 4519 4520 4510 
3 3851 3505 3683 
3 3582 3596 3479 
3 3596 3480 3506 
3 2906 2895 2854 
3 2164 2206 2248 
3 2206 2164 2094 
3 1905 2115 2094 
3 1905 2010 1928 
3 1928 2010 1906 
3 1951 1843 2011 
3 830 844 939 
3 599 582 741 
3 545 633 458 
3 434 433 458 
3 4520 4521 4510 
3 4225 4307 4286 
3 4061 4147 4148 
3 3683 3731 3967 
3 3582 3505 3851 
3 3596 3582 3851 
3 3192 3277 3334 
3 2395 2248 2206 
3 2094 2010 1905 
3 2010 2011 1906 
3 1843 1906 2011 
3 1951 2125 1788 
3 1685 1788 2125 
3 1273 1343 1447 
3 1273 1376 1157 
3 1249 1157 1376 
3 1157 1249 1130 
3 458 436 434 
3 435 434 436 
3 4549 4521 4531 
3 4521 4549 4510 
3 4365 4353 4415 
3 4307 4365 4366 
3 4225 4286 4147 
3 3480 3405 3387 
3 2937 3065 3166 
3 2895 2906 3091 
3 2764 2678 2568 
3 2678 2663 2473 
3 2663 2580 2473 
3 2457 2473 2580 
3 1632 1599 1446 
3 599 633 582 
3 436 426 435 
3 4549 4531 4539 
3 4415 4366 4365 
3 3954 3818 3880 
3 3361 3387 3405 
3 3277 3165 3361 
3 3334 3320 3192 
3 3320 3237 3192 
3 3065 3237 3166 
3 2801 2885 2974 
3 2457 2581 2304 
3 2304 2581 2395 
3 2095 2094 2164 
3 2094 2095 2010 
3 2125 1789 1685 
3 1656 1775 1632 
3 1447 1599 1525 
3 1224 1130 1249 
3 967 1224 1090 
3 793 768 830 
3 436 413 426 
3 4549 4539 4548 
3 3818 3897 3731 
3 3967 3731 3897 
3 3881 3683 3967 
3 2974 2871 2801 
3 2764 2801 2871 
3 2067 2010 2095 
3 1907 1656 1789 
3 1775 1599 1632 
3 939 967 1090 
3 830 939 893 
3 741 768 793 
3 633 634 458 
3 436 458 634 
3 413 436 404 
3 404 436 400 
3 436 385 400 
3 4549 4560 4576 
3 4560 4549 4548 
3 4148 4147 4286 
3 4148 4096 4061 
3 3334 3277 3361 
3 2937 3091 2906 
3 2011 2010 2067 
3 793 830 968 
3 386 385 436 
3 4549 4576 4584 
3 4561 4510 4549 
3 4510 4561 4485 
3 4061 4096 4025 
3 3954 3897 3818 
3 3851 3683 3881 
3 3480 3596 3782 
3 2581 2457 2580 
3 1273 1447 1504 
3 968 830 893 
3 387 386 436 
3 4577 4584 4595 
3 4584 4577 4549 
3 4025 4072 3954 
3 3999 3954 4072 
3 3851 3699 3596 
3 2895 3091 3205 
3 2395 2458 2248 
3 2164 2260 2095 
3 2067 2095 2249 
3 1907 1775 1656 
3 1775 1686 1599 
3 1525 1599 1686 
3 1669 1615 1525 
3 1525 1615 1447 
3 1504 1447 1615 
3 1249 1297 1224 
3 893 939 1054 
3 769 741 793 
3 599 741 769 
3 599 694 633 
3 634 614 436 
3 388 387 436 
3 4577 4595 4605 
3 4366 4393 4307 
3 3699 3851 3758 
3 3320 3334 3447 
3 3166 3091 2937 
3 2764 2823 2678 
3 2581 2532 2395 
3 2458 2395 2532 
3 2164 2248 2341 
3 2249 2095 2260 
3 2125 2011 2276 
3 2011 2125 1951 
3 1686 1669 1525 
3 1273 1504 1376 
3 1090 1054 939 
3 634 633 694 
3 436 372 388 
3 4605 4606 4577 
3 4562 4485 4561 
3 4393 4415 4522 
3 4415 4393 4366 
3 4286 4182 4148 
3 4072 4025 4096 
3 3954 3999 3897 
3 3405 3463 3361 
3 3447 3361 3463 
3 3361 3447 3334 
3 2885 2895 3205 
3 2871 2974 3029 
3 2260 2164 2341 
3 2067 2276 2011 
3 2125 1952 1789 
3 1907 1789 1952 
3 1376 1504 1600 
3 1249 1376 1600 
3 614 484 436 
3 414 372 436 
3 414 360 372 
3 4577 4606 4616 
3 4485 4562 4415 
3 4182 4286 4272 
3 4096 4148 4182 
3 4072 4041 3999 
3 3405 3480 3523 
3 3447 3524 3320 
3 3205 3152 2885 
3 2871 2823 2764 
3 1249 1448 1297 
3 1090 1224 1297 
3 1054 940 893 
3 769 815 599 
3 694 599 815 
3 670 634 694 
3 414 436 484 
3 361 360 414 
3 361 349 360 
3 4616 4617 4577 
3 4562 4522 4415 
3 4286 4307 4393 
3 3999 3967 3897 
3 3851 3865 3758 
3 3782 3596 3699 
3 3166 3249 3091 
3 3205 3091 3249 
3 2974 2885 3152 
3 2664 2581 2580 
3 2459 2248 2458 
3 2341 2248 2459 
3 1775 1701 1686 
3 1669 1686 1701 
3 1600 1448 1249 
3 968 867 793 
3 769 793 867 
3 815 730 694 
3 614 634 670 
3 484 614 570 
3 350 349 361 
3 4629 4617 4628 
3 4617 4629 4577 
3 4561 4549 4577 
3 3782 3640 3480 
3 3463 3405 3523 
3 3237 3320 3348 
3 3152 3029 2974 
3 2823 2871 2872 
3 2663 2678 2842 
3 2663 2664 2580 
3 2532 2581 2694 
3 2502 2459 2458 
3 1309 1297 1448 
3 1297 1309 1090 
3 968 893 940 
3 670 694 730 
3 351 350 361 
3 4629 4628 4634 
3 4272 4183 4182 
3 3524 3348 3320 
3 3029 3152 3127 
3 2842 2678 2823 
3 2664 2663 2842 
3 2664 2694 2581 
3 2502 2532 2694 
3 2532 2502 2458 
3 1952 2048 1907 
3 1938 1907 2048 
3 1054 1090 1225 
3 361 334 351 
3 4634 4635 4629 
3 4577 4607 4561 
3 4272 4286 4393 
3 3166 3237 3348 
3 2842 2824 2664 
3 2249 2276 2067 
3 1952 2125 2207 
3 1687 1701 1844 
3 1701 1687 1669 
3 1669 1687 1615 
3 1504 1615 1687 
3 1250 1090 1309 
3 671 670 730 
3 670 671 614 
3 614 671 570 
3 362 361 414 
3 335 334 361 
3 4635 4636 4629 
3 4393 4522 4486 
3 4182 4197 4096 
3 3865 3851 3881 
3 3523 3480 3640 
3 3463 3523 3583 
3 2871 3029 3105 
3 2459 2502 2623 
3 2207 2048 1952 
3 1907 1861 1775 
3 1701 1775 1861 
3 1844 1701 1861 
3 1687 1616 1504 
3 1600 1504 1616 
3 1448 1390 1309 
3 1225 940 1054 
3 769 867 911 
3 730 815 845 
3 361 362 335 
3 336 335 362 
3 4663 4636 4646 
3 4636 4663 4629 
3 4562 4561 4607 
3 4393 4486 4272 
3 3967 3985 3881 
3 3463 3651 3447 
3 3524 3447 3651 
3 3348 3448 3278 
3 3348 3278 3166 
3 3127 3105 3029 
3 3053 2871 3105 
3 2694 2664 2824 
3 2341 2305 2260 
3 2249 2260 2305 
3 1600 1526 1448 
3 1390 1448 1526 
3 1225 1090 1250 
3 968 1055 867 
3 514 570 671 
3 484 570 514 
3 484 493 414 
3 414 437 362 
3 337 336 362 
3 4663 4646 4662 
3 4183 4197 4182 
3 3865 3881 3985 
3 3782 3699 3810 
3 3651 3463 3583 
3 3524 3448 3348 
3 3249 3166 3278 
3 3152 3205 3263 
3 2871 3053 2872 
3 2842 2823 2872 
3 2694 2653 2502 
3 2623 2502 2653 
3 2305 2341 2533 
3 2293 2249 2305 
3 2276 2249 2293 
3 2276 2207 2125 
3 2207 2416 2048 
3 2033 2048 2416 
3 1938 1861 1907 
3 1055 911 867 
3 911 978 769 
3 815 769 978 
3 845 815 978 
3 730 731 671 
3 437 414 493 
3 338 337 362 
3 4663 4662 4672 
3 4607 4577 4629 
3 4522 4499 4486 
3 4134 4072 4096 
3 3985 3999 4041 
3 3999 3985 3967 
3 3583 3523 3640 
3 1938 2048 2033 
3 1600 1616 1617 
3 1526 1559 1390 
3 845 860 730 
3 860 731 730 
3 686 671 731 
3 362 324 338 
3 4704 4703 4717 
3 4703 4704 4694 
3 4705 4694 4704 
3 4694 4705 4684 
3 4684 4705 4672 
3 4672 4705 4663 
3 4663 4664 4629 
3 4607 4665 4562 
3 4499 4522 4562 
3 3758 3810 3699 
3 3448 3524 3652 
3 3053 2938 2872 
3 2694 2824 2765 
3 2533 2415 2305 
3 2293 2305 2415 
3 2416 2208 2033 
3 1844 1879 1687 
3 1309 1390 1250 
3 1449 1250 1390 
3 1225 1250 1449 
3 978 1028 845 
3 686 514 671 
3 493 484 514 
3 325 324 362 
3 4717 4718 4704 
3 4705 4704 4718 
3 4705 4711 4663 
3 4637 4629 4664 
3 4629 4637 4607 
3 4197 4134 4096 
3 3930 3866 3758 
3 3810 3758 3866 
3 3651 3652 3524 
3 3278 3372 3249 
3 3249 3263 3205 
3 3127 3152 3263 
3 2623 2533 2459 
3 2533 2341 2459 
3 2445 2293 2415 
3 2276 2293 2445 
3 2207 2276 2294 
3 1938 1918 1861 
3 1844 1861 1918 
3 1617 1616 1687 
3 1600 1617 1526 
3 940 1225 1332 
3 1055 1113 911 
3 978 911 1113 
3 1028 1091 845 
3 860 845 1091 
3 860 846 731 
3 779 731 846 
3 686 731 779 
3 437 352 362 
3 326 325 362 
3 4705 4718 4706 
3 4664 4663 4711 
3 4149 4072 4134 
3 4072 4149 4041 
3 3985 4041 4149 
3 3930 3985 4011 
3 3985 3930 3865 
3 3865 3930 3758 
3 3534 3584 3448 
3 3127 3182 3105 
3 2842 2872 2938 
3 2695 2694 2765 
3 2694 2695 2653 
3 2623 2653 2695 
3 2445 2294 2276 
3 1918 1983 1844 
3 1879 1844 1983 
3 1776 1687 1879 
3 1617 1687 1776 
3 1332 1225 1449 
3 940 1055 968 
3 686 672 514 
3 493 494 437 
3 362 315 326 
3 4706 4707 4705 
3 4665 4607 4637 
3 4562 4596 4499 
3 4499 4500 4486 
3 3882 3640 3782 
3 3583 3640 3882 
3 3652 3534 3448 
3 2938 3053 3106 
3 2824 2842 2896 
3 1776 1879 2083 
3 1028 978 1113 
3 1091 1028 1131 
3 493 514 672 
3 316 315 362 
3 316 303 315 
3 4707 4708 4705 
3 4596 4562 4665 
3 4272 4486 4500 
3 4183 4272 4367 
3 3263 3249 3372 
3 3263 3182 3127 
3 3106 3105 3223 
3 3053 3105 3106 
3 2938 2896 2842 
3 2294 2416 2207 
3 1983 1918 2116 
3 1091 912 860 
3 415 352 437 
3 316 362 352 
3 316 287 303 
3 4708 4709 4705 
3 4711 4705 4709 
3 4367 4272 4500 
3 4198 3985 4149 
3 4011 3921 3930 
3 3866 3930 3921 
3 3278 3448 3584 
3 3372 3294 3263 
3 3182 3263 3294 
3 3223 3105 3182 
3 3106 3066 2938 
3 2765 2802 2695 
3 2696 2695 2802 
3 2623 2695 2696 
3 2416 2294 2446 
3 1938 2033 2021 
3 940 1332 1344 
3 494 415 437 
3 288 287 316 
3 4709 4710 4711 
3 4664 4711 4732 
3 4197 4226 4134 
3 4198 4011 3985 
3 3831 3810 3906 
3 3810 3831 3782 
3 3066 2896 2938 
3 2765 2824 2923 
3 2445 2446 2294 
3 2021 2033 2208 
3 1918 1938 2021 
3 1617 1618 1526 
3 1559 1526 1618 
3 1390 1559 1449 
3 1055 1289 1113 
3 846 860 912 
3 494 493 672 
3 290 316 352 
3 289 288 316 
3 4711 4710 4719 
3 4500 4499 4540 
3 4149 4134 4226 
3 3866 3906 3810 
3 3651 3583 3783 
3 3294 3372 3388 
3 2896 2923 2824 
3 2415 2533 2697 
3 2021 2116 1918 
3 1670 1776 1953 
3 1776 1670 1617 
3 1618 1617 1670 
3 1055 940 1344 
3 1113 1131 1028 
3 1091 1114 912 
3 912 913 846 
3 721 686 779 
3 494 515 415 
3 415 339 352 
3 352 339 290 
3 316 290 289 
3 290 281 289 
3 4719 4720 4711 
3 4664 4685 4637 
3 4540 4499 4596 
3 4183 4368 4197 
3 3831 3882 3782 
3 3882 3783 3583 
3 3584 3449 3278 
3 2923 2896 3066 
3 2609 2623 2696 
3 2533 2623 2609 
3 2208 2416 2295 
3 2021 2208 2209 
3 1344 1289 1055 
3 282 281 290 
3 4732 4720 4730 
3 4720 4732 4711 
3 4197 4368 4226 
3 3278 3449 3372 
3 3388 3372 3449 
3 3306 3182 3294 
3 3223 3182 3306 
3 3066 3106 3140 
3 2802 2765 2923 
3 2609 2697 2533 
3 2415 2679 2445 
3 2624 2445 2679 
3 2446 2445 2624 
3 2116 2021 2209 
3 1983 2083 1879 
3 1289 1262 1113 
3 1131 1113 1262 
3 913 912 1114 
3 672 686 721 
3 615 672 771 
3 672 615 494 
3 515 494 615 
3 415 515 339 
3 283 282 290 
3 4730 4731 4732 
3 4685 4664 4732 
3 4149 4226 4287 
3 3882 3831 3906 
3 3652 3651 3783 
3 3652 3732 3534 
3 3584 3534 3716 
3 3389 3294 3388 
3 3223 3140 3106 
3 2116 2126 1983 
3 1226 1131 1262 
3 1091 1131 1226 
3 721 779 770 
3 721 771 672 
3 290 268 283 
3 4732 4731 4740 
3 4732 4733 4685 
3 4637 4685 4665 
3 4500 4540 4367 
3 4198 4120 4011 
3 3449 3507 3388 
3 3140 3223 3306 
3 2697 2679 2415 
3 2083 1983 2126 
3 2083 1967 1776 
3 1953 1776 1967 
3 1449 1560 1332 
3 1344 1332 1560 
3 913 1114 1092 
3 770 779 846 
3 615 583 515 
3 291 268 290 
3 291 260 268 
3 4740 4741 4732 
3 4665 4608 4596 
3 4183 4367 4368 
3 4198 4149 4287 
3 4011 4120 3921 
3 3986 3921 4120 
3 3921 3986 3866 
3 3732 3716 3534 
3 3584 3625 3449 
3 3389 3306 3294 
3 2802 2923 3011 
3 2624 2582 2446 
3 2416 2446 2582 
3 2208 2295 2209 
3 2126 2116 2277 
3 1670 1721 1618 
3 1619 1559 1618 
3 1559 1491 1449 
3 1491 1560 1449 
3 1463 1344 1560 
3 1092 951 913 
3 770 846 951 
3 474 339 515 
3 339 474 290 
3 261 260 291 
3 4780 4741 4751 
3 4741 4780 4732 
3 4685 4722 4665 
3 3783 3832 3652 
3 3652 3832 3732 
3 3625 3507 3449 
3 3388 3653 3389 
3 3140 3224 3066 
3 3066 3054 2923 
3 3011 2923 3054 
3 2802 2780 2696 
3 2696 2803 2609 
3 2697 2609 2803 
3 2582 2534 2416 
3 2295 2416 2534 
3 2209 2277 2116 
3 1967 2083 2165 
3 1619 1618 1721 
3 1344 1463 1289 
3 1226 1114 1091 
3 913 951 846 
3 771 770 894 
3 770 771 721 
3 615 771 695 
3 291 290 474 
3 262 261 291 
3 4780 4751 4759 
3 4120 4198 4288 
3 3906 3866 3986 
3 3625 3584 3716 
3 2780 2803 2696 
3 2382 2295 2534 
3 1953 1967 2165 
3 1721 1670 1862 
3 1491 1559 1619 
3 770 951 894 
3 263 262 291 
3 4759 4760 4780 
3 4733 4732 4780 
3 3968 3882 3906 
3 3783 3882 3968 
3 3832 3783 3907 
3 3388 3507 3653 
3 3306 3224 3140 
3 3224 3054 3066 
3 2295 2306 2209 
3 1953 2165 2261 
3 1289 1377 1262 
3 894 951 1029 
3 771 806 695 
3 583 615 695 
3 583 516 515 
3 474 515 516 
3 291 253 263 
3 4780 4760 4768 
3 4367 4473 4368 
3 4120 4254 3986 
3 2780 2802 3011 
3 2679 2697 2793 
3 2382 2306 2295 
3 2306 2277 2209 
3 2277 2225 2126 
3 2083 2126 2225 
3 1619 1721 1777 
3 1377 1310 1262 
3 1226 1262 1310 
3 1114 1226 1245 
3 1114 1194 1092 
3 806 771 894 
3 516 583 722 
3 291 244 253 
3 4780 4768 4779 
3 4722 4685 4721 
3 4665 4722 4608 
3 4666 4608 4722 
3 4596 4647 4540 
3 4368 4404 4226 
3 4288 4198 4287 
3 4254 3906 3986 
3 3389 3653 3508 
3 2793 2697 2803 
3 2582 2624 2722 
3 2225 2165 2083 
3 2261 2022 1953 
3 1862 1953 2022 
3 1953 1862 1670 
3 1862 1984 1721 
3 1777 1750 1619 
3 1619 1645 1491 
3 1463 1377 1289 
3 1310 1245 1226 
3 1194 1114 1245 
3 1092 1075 951 
3 1029 951 1075 
3 245 244 291 
3 245 232 244 
3 4843 4842 4857 
3 4842 4843 4833 
3 4833 4843 4816 
3 4816 4843 4804 
3 4805 4804 4843 
3 4805 4796 4804 
3 4805 4788 4796 
3 4788 4805 4779 
3 4780 4779 4805 
3 4780 4769 4733 
3 4721 4685 4733 
3 4287 4226 4404 
3 3238 3224 3509 
3 3224 3183 3054 
3 3011 3054 3183 
3 2780 2873 2803 
3 2582 2583 2534 
3 2534 2584 2382 
3 1777 1721 1984 
3 1750 1645 1619 
3 1560 1491 1645 
3 1377 1463 1620 
3 1310 1377 1464 
3 806 760 695 
3 695 760 583 
3 516 373 474 
3 373 291 474 
3 317 291 373 
3 233 232 245 
3 4915 4857 4866 
3 4857 4915 4843 
3 4877 4843 4915 
3 4843 4877 4805 
3 4805 4789 4780 
3 4596 4608 4666 
3 4473 4367 4540 
3 4404 4405 4287 
3 4012 3906 4073 
3 3968 3906 4012 
3 3968 3907 3783 
3 3832 3922 3732 
3 3406 3389 3481 
3 3306 3389 3406 
3 3306 3509 3224 
3 3238 3349 3224 
3 3011 2873 2780 
3 2793 2781 2679 
3 2624 2679 2781 
3 2583 2582 2722 
3 2306 2382 2585 
3 2277 2306 2460 
3 1560 1620 1463 
3 1620 1464 1377 
3 1310 1464 1245 
3 1158 1092 1194 
3 1075 1092 1158 
3 894 1029 1030 
3 806 894 1030 
3 760 722 583 
3 516 584 373 
3 234 233 245 
3 4915 4866 4876 
3 4789 4769 4780 
3 4647 4596 4673 
3 4501 4540 4647 
3 3481 3389 3508 
3 2781 2722 2624 
3 2584 2585 2382 
3 2585 2460 2306 
3 1862 2022 1984 
3 1645 1671 1560 
3 1030 952 806 
3 806 924 760 
3 584 416 373 
3 291 317 245 
3 245 317 234 
3 235 234 317 
3 4915 4886 4898 
3 4886 4915 4876 
3 4834 4805 4877 
3 4805 4834 4789 
3 4540 4501 4473 
3 4404 4368 4473 
3 4288 4254 4120 
3 4254 4073 3906 
3 3968 4121 3907 
3 3907 3898 3832 
3 3922 3832 3898 
3 3922 3716 3732 
3 3716 3744 3625 
3 3507 3625 3744 
3 3183 3224 3349 
3 3011 3183 3141 
3 2873 2939 2803 
3 2793 2803 2939 
3 2583 2722 2804 
3 2584 2534 2583 
3 2022 2261 2262 
3 1620 1560 1671 
3 1464 1360 1245 
3 1194 1245 1360 
3 1158 1194 1195 
3 924 806 952 
3 584 516 722 
3 584 505 416 
3 317 373 416 
3 236 235 317 
3 5018 4987 4994 
3 4987 5018 4981 
3 4981 5018 4968 
3 4988 4968 5018 
3 4968 4988 4957 
3 4957 4988 4949 
3 4949 4988 4939 
3 4939 4988 4928 
3 4915 4928 4988 
3 4928 4915 4923 
3 4923 4915 4914 
3 4914 4915 4909 
3 4909 4915 4898 
3 4721 4733 4769 
3 3653 3507 3744 
3 3509 3306 3406 
3 1029 1043 1030 
3 760 895 722 
3 237 236 317 
3 5062 5023 5030 
3 5023 5062 5017 
3 5018 5017 5062 
3 5017 5018 5007 
3 5007 5018 4994 
3 4988 4969 4915 
3 4797 4769 4789 
3 4769 4770 4721 
3 4673 4596 4666 
3 4473 4474 4404 
3 4405 4416 4287 
3 4288 4236 4254 
3 4254 4237 4073 
3 3349 3141 3183 
3 2939 2874 2793 
3 2781 2793 2874 
3 2722 2781 2825 
3 2584 2583 2804 
3 2460 2503 2277 
3 2225 2277 2503 
3 2225 2517 2165 
3 2261 2165 2517 
3 1075 1196 1029 
3 1043 1029 1196 
3 895 760 924 
3 722 546 584 
3 584 546 505 
3 317 215 237 
3 5175 5122 5133 
3 5122 5175 5115 
3 5115 5175 5109 
3 5109 5175 5102 
3 5103 5102 5175 
3 5102 5103 5092 
3 5092 5103 5086 
3 5086 5103 5081 
3 5081 5103 5070 
3 5070 5103 5061 
3 5062 5061 5103 
3 5061 5062 5053 
3 5053 5062 5043 
3 5043 5062 5036 
3 5036 5062 5030 
3 4915 4899 4877 
3 4834 4797 4789 
3 4770 4769 4797 
3 4722 4721 4770 
3 4541 4501 4647 
3 4287 4416 4288 
3 4012 4073 4237 
3 4121 4074 3907 
3 3898 3907 4074 
3 3141 3128 3011 
3 3011 3030 2873 
3 2939 2873 3030 
3 2874 2825 2781 
3 2825 2804 2722 
3 2517 2225 2503 
3 1984 2022 2049 
3 1750 1880 1645 
3 1671 1645 1880 
3 1464 1620 1587 
3 1360 1464 1492 
3 1158 1196 1075 
3 742 722 895 
3 546 722 742 
3 216 215 317 
3 5276 5275 5282 
3 5275 5276 5267 
3 5267 5276 5259 
3 5259 5276 5251 
3 5260 5251 5276 
3 5251 5260 5241 
3 5241 5260 5236 
3 5236 5260 5229 
3 5229 5260 5220 
3 5220 5260 5217 
3 5217 5260 5207 
3 5207 5260 5201 
3 5201 5260 5195 
3 5175 5195 5260 
3 5195 5175 5185 
3 5185 5175 5174 
3 5174 5175 5169 
3 5169 5175 5162 
3 5162 5175 5154 
3 5154 5175 5144 
3 5144 5175 5139 
3 5139 5175 5133 
3 5008 5018 5062 
3 5018 5008 4988 
3 4878 4877 4899 
3 4844 4877 4878 
3 4877 4844 4834 
3 4121 3968 4012 
3 4074 3941 3898 
3 3922 3898 3941 
3 3922 3819 3716 
3 3716 3819 3744 
3 3508 3653 3597 
3 3349 3335 3141 
3 2804 2638 2584 
3 2585 2584 2638 
3 2517 2342 2261 
3 2262 2261 2342 
3 2262 2117 2022 
3 2022 2117 2049 
3 1984 1889 1777 
3 1750 1777 1889 
3 1587 1620 1671 
3 1587 1734 1464 
3 1492 1464 1734 
3 1360 1403 1194 
3 1196 1298 1043 
3 1030 1093 952 
3 546 585 505 
3 417 416 505 
3 317 219 216 
3 217 216 219 
3 5316 5282 5289 
3 5282 5316 5276 
3 5260 5276 5316 
3 5062 5054 5008 
3 4915 4969 4899 
3 4541 4647 4674 
3 4405 4404 4474 
3 3597 3567 3508 
3 3567 3481 3508 
3 3481 3509 3406 
3 3335 3264 3141 
3 1195 1194 1403 
3 1195 1196 1158 
3 924 952 1093 
3 895 861 742 
3 687 546 742 
3 546 687 585 
3 525 505 585 
3 417 505 525 
3 374 416 417 
3 416 374 317 
3 218 217 219 
3 5358 5357 5363 
3 5357 5358 5347 
3 5347 5358 5340 
3 5340 5358 5331 
3 5331 5358 5323 
3 5358 5315 5323 
3 5316 5289 5296 
3 5261 5260 5316 
3 5175 5260 5261 
3 5103 5175 5145 
3 4899 4924 4878 
3 4806 4722 4770 
3 4501 4474 4473 
3 4323 4288 4416 
3 3744 3798 3653 
3 3128 3030 3011 
3 2585 2638 2460 
3 1889 1984 2250 
3 1889 1880 1750 
3 1880 1845 1671 
3 1671 1845 1587 
3 1492 1403 1360 
3 1298 1093 1043 
3 1043 1093 1030 
3 687 742 861 
3 219 203 218 
3 5406 5395 5405 
3 5395 5406 5388 
3 5388 5406 5379 
3 5379 5406 5373 
3 5358 5373 5406 
3 5373 5358 5363 
3 5316 5315 5358 
3 5315 5316 5310 
3 5310 5316 5299 
3 5299 5316 5296 
3 5145 5175 5261 
3 5054 5062 5087 
3 4969 4940 4899 
3 4834 4844 4797 
3 4845 4797 4844 
3 4770 4797 4845 
3 4806 4666 4722 
3 4474 4501 4541 
3 3922 4062 3819 
3 3597 3653 3798 
3 3509 3464 3238 
3 3349 3238 3464 
3 3030 3128 3279 
3 3030 3031 2939 
3 2939 3031 2874 
3 2804 2825 2874 
3 2638 2594 2460 
3 2503 2460 2594 
3 1845 1995 1587 
3 1195 1345 1196 
3 1298 1196 1345 
3 1093 1132 924 
3 895 924 1008 
3 895 1009 861 
3 340 317 327 
3 317 340 219 
3 204 203 219 
3 5421 5415 5420 
3 5415 5421 5405 
3 5406 5405 5421 
3 5406 5396 5358 
3 5316 5230 5261 
3 4988 4982 4969 
3 4899 4940 4924 
3 4673 4674 4647 
3 4062 3969 3819 
3 3798 3706 3597 
3 3567 3597 3706 
3 3567 3598 3481 
3 3509 3481 3598 
3 2874 2907 2804 
3 2638 2804 2907 
3 2594 2610 2503 
3 2354 2117 2262 
3 2049 2250 1984 
3 2250 2084 1889 
3 1889 2084 1880 
3 1995 1734 1587 
3 1527 1492 1734 
3 1093 1298 1290 
3 1008 924 1132 
3 525 585 564 
3 327 317 374 
3 219 188 204 
3 5421 5420 5430 
3 5421 5407 5406 
3 5406 5407 5396 
3 5358 5300 5316 
3 5230 5316 5300 
3 4910 4844 4878 
3 4900 4844 4910 
3 4288 4323 4236 
3 4237 4238 4012 
3 3941 4062 3922 
3 3969 3820 3819 
3 3744 3819 3820 
3 3128 3141 3264 
3 3279 3031 3030 
3 3031 3012 2874 
3 2610 2517 2503 
3 1311 1093 1290 
3 564 585 687 
3 189 188 219 
3 5431 5430 5442 
3 5430 5431 5421 
3 5358 5396 5300 
3 5145 5196 5103 
3 5196 5087 5103 
3 5103 5087 5062 
3 4806 4770 4845 
3 4666 4790 4673 
3 4674 4673 4790 
3 4675 4541 4674 
3 4254 4236 4323 
3 4121 4012 4238 
3 3798 3744 3820 
3 2907 2874 3012 
3 2517 2504 2342 
3 2118 2117 2354 
3 2117 2118 2049 
3 2250 2049 2118 
3 2084 2023 1880 
3 1845 1880 2023 
3 1734 1709 1527 
3 1403 1345 1195 
3 1132 1093 1311 
3 861 881 687 
3 780 687 881 
3 374 417 459 
3 205 219 340 
3 219 205 189 
3 190 189 205 
3 5442 5443 5431 
3 5432 5431 5443 
3 5431 5432 5421 
3 5407 5421 5432 
3 5261 5230 5145 
3 4940 4969 4995 
3 4910 4878 4924 
3 4844 4900 4845 
3 3941 4074 4122 
3 3464 3426 3349 
3 3335 3349 3426 
3 3279 3128 3264 
3 3279 3107 3031 
3 2594 2638 2766 
3 2504 2517 2595 
3 2383 2342 2504 
3 2262 2342 2383 
3 1734 1995 1846 
3 1465 1492 1527 
3 1403 1492 1465 
3 1008 1009 895 
3 687 723 564 
3 525 459 417 
3 205 181 190 
3 5443 5444 5432 
3 4988 5031 4982 
3 3598 3567 3706 
3 3598 3585 3509 
3 3464 3509 3585 
3 3426 3464 3568 
3 3012 3031 3107 
3 2907 2897 2638 
3 2897 2766 2638 
3 2610 2594 2766 
3 2023 1995 1845 
3 1790 1734 1846 
3 1709 1734 1790 
3 1391 1403 1465 
3 1403 1391 1345 
3 1345 1391 1298 
3 1290 1298 1391 
3 1008 1132 1197 
3 525 564 459 
3 405 327 374 
3 182 181 205 
3 5444 5445 5432 
3 5396 5341 5300 
3 5146 5087 5196 
3 5031 4988 5008 
3 4995 4969 4982 
3 4924 4940 4996 
3 4806 4845 4879 
3 4666 4806 4846 
3 4675 4674 4790 
3 4550 4541 4675 
3 4405 4434 4416 
3 4416 4434 4323 
3 4323 4324 4254 
3 4237 4254 4324 
3 4273 4238 4237 
3 4121 4122 4074 
3 3798 3821 3706 
3 3585 3598 3784 
3 2767 2610 2766 
3 2610 2595 2517 
3 2383 2504 2551 
3 1633 1527 1709 
3 1527 1633 1465 
3 1311 1197 1132 
3 1197 1159 1008 
3 1009 1076 861 
3 881 861 1076 
3 205 177 182 
3 5445 5446 5432 
3 5456 5432 5446 
3 5432 5456 5407 
3 5380 5396 5407 
3 5230 5268 5145 
3 5082 5054 5087 
3 5054 5082 5008 
3 5031 5008 5082 
3 4879 4845 4900 
3 4474 4434 4405 
3 3821 3798 3820 
3 3107 3032 3012 
3 2940 3012 3032 
3 2907 3012 2940 
3 2897 2907 2940 
3 2595 2610 2767 
3 2383 2354 2262 
3 1995 1985 1846 
3 1290 1391 1378 
3 1159 1009 1008 
3 881 847 780 
3 459 427 374 
3 405 374 427 
3 178 177 205 
3 178 169 177 
3 5446 5447 5456 
3 5396 5380 5341 
3 5268 5300 5341 
3 5300 5268 5230 
3 4867 4806 4879 
3 4846 4806 4867 
3 4474 4541 4434 
3 4354 4323 4434 
3 4324 4323 4354 
3 4062 3941 4122 
3 3465 3426 3568 
3 3426 3465 3335 
3 3335 3336 3264 
3 3279 3264 3336 
3 3107 3279 3206 
3 2766 2897 3013 
3 2767 2766 2941 
3 2504 2595 2654 
3 2354 2373 2118 
3 2250 2118 2373 
3 1846 1813 1790 
3 1633 1657 1465 
3 1391 1465 1657 
3 1378 1311 1290 
3 1076 1020 881 
3 847 881 1020 
3 564 506 459 
3 427 459 506 
3 340 304 205 
3 170 169 178 
3 5447 5448 5456 
3 5196 5145 5231 
3 4324 4273 4237 
3 4238 4227 4121 
3 4122 4121 4227 
3 3820 4075 3821 
3 3821 3784 3706 
3 3706 3784 3598 
3 3585 3568 3464 
3 2940 3032 3055 
3 2897 2940 3013 
3 2551 2504 2654 
3 2551 2447 2383 
3 2250 2374 2084 
3 1995 2023 2180 
3 1197 1311 1299 
3 1159 1197 1299 
3 1159 1076 1009 
3 564 723 559 
3 506 564 559 
3 389 405 427 
3 340 405 389 
3 405 340 327 
3 171 170 178 
3 5448 5449 5456 
3 5268 5231 5145 
3 4958 4924 4996 
3 4910 4929 4900 
3 4790 4742 4675 
3 4434 4511 4354 
3 3969 4075 3820 
3 3465 3336 3335 
3 3206 3279 3336 
3 3107 3265 3032 
3 3032 3167 3055 
3 3013 2941 2766 
3 2447 2354 2383 
3 2373 2354 2447 
3 2023 2084 2374 
3 1985 1995 2180 
3 1846 2034 1813 
3 1709 1710 1633 
3 1378 1404 1311 
3 1299 1311 1404 
3 723 687 780 
3 172 171 178 
3 5449 5450 5456 
3 5458 5407 5456 
3 5408 5407 5458 
3 5146 5196 5231 
3 4940 4995 4996 
3 4924 4958 4910 
3 4929 4910 4958 
3 4887 4900 4929 
3 4900 4887 4879 
3 4355 4273 4324 
3 4238 4273 4355 
3 4227 4238 4274 
3 4122 4063 4062 
3 3568 3585 3717 
3 3336 3465 3535 
3 3013 2940 3055 
3 2941 2886 2767 
3 2767 2654 2595 
3 2374 2179 2023 
3 2180 2023 2179 
3 1985 2034 1846 
3 1710 1709 1790 
3 1710 1765 1633 
3 1657 1633 1765 
3 1657 1546 1391 
3 1378 1391 1546 
3 1299 1251 1159 
3 559 696 506 
3 507 427 506 
3 427 507 389 
3 375 340 389 
3 304 340 375 
3 178 161 172 
3 5456 5450 5455 
3 5407 5374 5380 
3 5268 5341 5317 
3 4666 4846 4790 
3 4807 4790 4846 
3 4434 4541 4550 
3 4324 4354 4417 
3 3969 4062 4063 
3 3784 3717 3585 
3 3568 3626 3465 
3 3206 3265 3107 
3 3265 3167 3032 
3 3013 2996 2941 
3 2654 2767 2886 
3 2034 1996 1813 
3 1404 1378 1493 
3 1251 1274 1159 
3 1211 1159 1274 
3 1076 1159 1211 
3 1020 1076 1211 
3 1020 925 847 
3 507 506 696 
3 304 178 205 
3 178 151 161 
3 5456 5455 5487 
3 5123 5087 5146 
3 5087 5123 5082 
3 5031 5055 4982 
3 4982 5055 4995 
3 4867 4879 4887 
3 4742 4790 4807 
3 4511 4417 4354 
3 4355 4324 4417 
3 4063 4111 3969 
3 3969 4111 4075 
3 4075 3833 3821 
3 3784 3821 3833 
3 3336 3362 3206 
3 3265 3206 3362 
3 2373 2396 2250 
3 2374 2250 2396 
3 1710 1790 1813 
3 1546 1657 1791 
3 1493 1378 1546 
3 1493 1548 1404 
3 1251 1299 1404 
3 1020 1212 925 
3 723 780 941 
3 460 389 507 
3 375 389 460 
3 304 284 178 
3 162 151 178 
3 162 144 151 
3 5487 5488 5456 
3 5458 5456 5457 
3 5407 5408 5374 
3 5082 5088 5031 
3 4511 4434 4550 
3 4355 4274 4238 
3 4239 4122 4227 
3 3055 2996 3013 
3 2551 2461 2447 
3 2447 2461 2373 
3 2396 2373 2461 
3 2180 2210 1985 
3 2034 1985 2210 
3 1765 1791 1657 
3 941 847 925 
3 780 847 941 
3 696 623 507 
3 375 328 304 
3 284 304 328 
3 162 131 144 
3 5488 5489 5456 
3 5268 5317 5231 
3 5232 5231 5317 
3 5231 5232 5146 
3 5088 5082 5123 
3 4995 5055 4996 
3 4958 4983 4929 
3 4941 4887 4929 
3 4807 4846 4888 
3 4550 4675 4648 
3 4550 4618 4511 
3 4417 4511 4578 
3 4122 4239 4063 
3 3717 3784 3834 
3 3733 3568 3717 
3 3733 3626 3568 
3 3535 3465 3626 
3 3362 3336 3427 
3 2996 2997 2941 
3 3033 2941 2997 
3 2941 3033 2886 
3 2654 2886 2768 
3 2654 2461 2551 
3 2210 2151 2034 
3 1791 1547 1546 
3 1546 1547 1493 
3 1020 1211 1212 
3 941 761 723 
3 559 723 761 
3 390 375 460 
3 328 375 390 
3 162 178 284 
3 132 131 162 
3 5489 5490 5456 
3 5457 5456 5490 
3 5348 5380 5374 
3 5380 5348 5341 
3 5163 5146 5232 
3 4846 4942 4888 
3 4742 4648 4675 
3 4550 4648 4618 
3 3833 3867 3784 
3 3834 3784 3867 
3 3834 3799 3717 
3 3535 3427 3336 
3 3362 3321 3265 
3 2996 3055 3167 
3 2768 2886 2975 
3 2461 2462 2396 
3 2179 2278 2180 
3 2034 2151 1996 
3 1791 1765 1827 
3 1547 1791 1828 
3 1548 1493 1547 
3 623 641 507 
3 460 507 641 
3 162 284 238 
3 133 132 162 
3 5490 5491 5457 
3 5341 5348 5317 
3 5318 5317 5348 
3 5232 5317 5221 
3 5163 5123 5146 
3 5123 5163 5088 
3 5055 5031 5088 
3 4941 4929 4983 
3 4925 4867 4887 
3 4867 4925 4846 
3 4075 4013 3833 
3 3799 3733 3717 
3 3535 3626 3759 
3 3427 3535 3525 
3 3265 3321 3167 
3 3033 2975 2886 
3 2374 2417 2179 
3 2278 2179 2417 
3 1908 1813 1996 
3 1813 1908 1710 
3 1765 1710 1908 
3 1404 1466 1251 
3 1274 1186 1211 
3 1211 1186 1212 
3 696 559 761 
3 460 495 390 
3 328 238 284 
3 134 133 162 
3 5491 5492 5457 
3 4742 4807 4734 
3 4742 4734 4648 
3 4578 4511 4618 
3 4417 4447 4355 
3 4355 4418 4274 
3 4274 4239 4227 
3 4239 4171 4063 
3 4111 4063 4171 
3 3525 3535 3759 
3 3427 3437 3362 
3 3321 3362 3437 
3 3167 3207 2996 
3 2975 2908 2768 
3 2655 2654 2768 
3 2654 2655 2461 
3 2462 2461 2655 
3 2210 2180 2278 
3 2210 2226 2151 
3 1827 1765 1908 
3 1346 1251 1466 
3 1251 1346 1274 
3 1186 1274 1346 
3 761 762 696 
3 641 635 460 
3 635 495 460 
3 390 363 328 
3 238 328 363 
3 135 134 162 
3 5492 5493 5457 
3 5221 5317 5318 
3 5089 4996 5055 
3 5009 4958 4996 
3 4925 4887 4941 
3 4942 4846 4925 
3 4888 4889 4807 
3 4734 4807 4889 
3 4578 4618 4676 
3 4418 4355 4447 
3 4013 3987 3833 
3 3867 3833 3987 
3 3525 3569 3427 
3 3437 3427 3569 
3 3437 3510 3321 
3 3207 3167 3321 
3 2997 2996 3207 
3 2374 2396 2462 
3 2278 2226 2210 
3 1908 1996 2051 
3 1601 1547 1828 
3 1548 1547 1601 
3 761 941 896 
3 762 761 896 
3 623 696 762 
3 641 623 688 
3 406 495 565 
3 495 406 390 
3 390 406 363 
3 136 135 162 
3 5493 5494 5457 
3 5348 5311 5318 
3 5009 4996 5089 
3 4983 4958 5009 
3 4676 4648 4734 
3 4648 4676 4618 
3 4578 4447 4417 
3 4013 4075 4264 
3 2417 2374 2462 
3 2417 2418 2278 
3 2226 2278 2418 
3 2151 2050 1996 
3 1827 1828 1791 
3 1735 1828 1814 
3 1601 1828 1735 
3 1621 1404 1548 
3 1404 1621 1466 
3 941 925 1094 
3 896 953 762 
3 688 623 762 
3 238 152 162 
3 162 152 136 
3 137 136 152 
3 5494 5495 5457 
3 5458 5457 5495 
3 4418 4308 4274 
3 3510 3437 3569 
3 3207 3129 2997 
3 3033 2997 3129 
3 2768 2805 2655 
3 2655 2656 2462 
3 2535 2462 2656 
3 2462 2535 2417 
3 2418 2417 2535 
3 2226 2211 2151 
3 2051 1996 2050 
3 1827 1908 2051 
3 1601 1751 1548 
3 1466 1379 1346 
3 1346 1160 1186 
3 1212 1186 1160 
3 1212 1094 925 
3 762 794 688 
3 406 461 363 
3 318 238 363 
3 152 238 318 
3 152 121 137 
3 5495 5496 5458 
3 5348 5374 5311 
3 5221 5237 5232 
3 5232 5237 5163 
3 5124 5088 5163 
3 4970 4941 4983 
3 4111 4264 4075 
3 3834 3852 3799 
3 3525 3759 3745 
3 3321 3373 3207 
3 3033 3108 2975 
3 2908 2975 3108 
3 2655 2805 2745 
3 2355 2226 2418 
3 2211 2226 2355 
3 2051 1968 1827 
3 1814 1827 1968 
3 1827 1814 1828 
3 1751 1601 1735 
3 1466 1621 1561 
3 1094 1212 1160 
3 1094 1077 941 
3 896 941 1077 
3 953 794 762 
3 635 641 688 
3 495 635 697 
3 586 406 565 
3 406 586 461 
3 318 363 461 
3 305 152 318 
3 122 121 152 
3 5496 5497 5458 
3 5237 5147 5163 
3 5163 5147 5124 
3 5088 5124 5055 
3 4925 4950 4942 
3 4171 4274 4308 
3 4274 4171 4239 
3 4171 4240 4111 
3 4264 4111 4240 
3 3867 3942 3834 
3 3852 3834 3942 
3 3733 3799 3626 
3 3759 3626 3799 
3 3569 3525 3745 
3 2656 2655 2745 
3 2211 2050 2151 
3 1751 1621 1548 
3 1161 1094 1160 
3 1077 1094 1161 
3 794 795 688 
3 697 688 795 
3 688 697 635 
3 565 495 697 
3 138 122 152 
3 138 104 122 
3 5497 5498 5458 
3 5089 5055 5071 
3 4941 4970 4925 
3 4950 4925 4970 
3 4086 4013 4264 
3 3987 4013 4086 
3 3745 3552 3569 
3 3373 3280 3207 
3 3129 3207 3280 
3 3129 3208 3033 
3 3108 3033 3208 
3 2745 2805 3034 
3 2656 2625 2535 
3 2050 2085 2051 
3 1968 2051 2085 
3 1968 2052 1814 
3 1751 1735 1890 
3 1466 1561 1379 
3 1077 1095 896 
3 953 896 1095 
3 882 794 953 
3 795 794 882 
3 565 697 796 
3 341 318 461 
3 105 104 138 
3 5498 5499 5458 
3 5374 5332 5311 
3 5147 5237 5233 
3 5124 5071 5055 
3 5009 5019 4983 
3 4970 4983 5019 
3 4889 4835 4734 
3 3942 3867 3987 
3 3759 3799 3852 
3 3569 3552 3510 
3 3510 3450 3321 
3 3373 3321 3450 
3 2954 2768 2908 
3 2768 2954 2805 
3 2656 2745 2711 
3 2418 2535 2665 
3 2052 1890 1814 
3 1814 1890 1735 
3 1621 1751 1561 
3 1561 1549 1379 
3 1418 1379 1549 
3 1379 1418 1346 
3 795 796 697 
3 461 586 537 
3 341 461 485 
3 318 341 305 
3 173 152 305 
3 106 105 138 
3 5499 5500 5458 
3 5433 5458 5500 
3 5408 5422 5374 
3 5318 5311 5221 
3 4835 4649 4734 
3 4734 4649 4676 
3 4308 4289 4171 
3 4086 4150 3987 
3 3280 3407 3129 
3 3208 3129 3407 
3 2924 2908 3108 
3 3034 2805 2954 
3 2665 2535 2625 
3 2085 2050 2211 
3 1890 1986 1751 
3 1751 1688 1561 
3 1549 1561 1688 
3 796 636 565 
3 565 636 586 
3 138 152 173 
3 107 106 138 
3 5500 5501 5433 
3 5374 5422 5332 
3 5063 5009 5089 
3 4650 4676 4649 
3 4578 4676 4650 
3 4240 4171 4289 
3 3852 3970 3759 
3 3759 3931 3745 
3 3552 3745 3684 
3 3450 3510 3685 
3 3373 3599 3280 
3 2625 2656 2711 
3 2085 2211 2397 
3 2085 2096 1968 
3 2052 1968 2096 
3 1986 1890 2052 
3 1161 1160 1300 
3 1161 1198 1077 
3 636 796 831 
3 485 461 537 
3 123 138 173 
3 138 123 107 
3 108 107 123 
3 5501 5502 5433 
3 5019 5009 5063 
3 5019 4997 4970 
3 4950 4970 4997 
3 4942 4950 5032 
3 4597 4578 4650 
3 4447 4578 4597 
3 4289 4308 4418 
3 4264 4240 4289 
3 3552 3685 3510 
3 3407 3280 3599 
3 3208 3350 3108 
3 3108 3350 2924 
3 2924 2954 2908 
3 2711 2745 3034 
3 2418 2505 2355 
3 2096 2085 2227 
3 1829 1751 1986 
3 1160 1346 1300 
3 1095 1077 1198 
3 1095 1066 953 
3 796 795 882 
3 586 642 537 
3 485 418 341 
3 305 329 173 
3 109 108 123 
3 5502 5503 5433 
3 4650 4649 4712 
3 4447 4532 4418 
3 4289 4418 4448 
3 3942 3987 4150 
3 3970 3931 3759 
3 3450 3685 3613 
3 3450 3599 3373 
3 3208 3407 3438 
3 3034 2806 2711 
3 2711 2665 2625 
3 2505 2569 2355 
3 2355 2569 2211 
3 2227 2085 2397 
3 1688 1751 1829 
3 1346 1418 1300 
3 1300 1320 1161 
3 1198 1161 1320 
3 882 953 1066 
3 882 831 796 
3 636 642 586 
3 305 341 418 
3 110 109 123 
3 5503 5504 5433 
3 5422 5458 5433 
3 5458 5422 5408 
3 5233 5197 5147 
3 4880 4888 4942 
3 4888 4880 4889 
3 4916 4835 4889 
3 4916 4808 4835 
3 3684 3745 3931 
3 3684 3685 3552 
3 3599 3450 3613 
3 3307 3208 3438 
3 2954 2924 3322 
3 2806 2826 2711 
3 2665 2711 2826 
3 2665 2626 2418 
3 2418 2626 2505 
3 2569 2397 2211 
3 1829 1778 1688 
3 1198 1171 1095 
3 1066 1095 1171 
3 831 882 1044 
3 831 848 636 
3 797 636 848 
3 642 636 797 
3 329 239 173 
3 183 173 239 
3 111 110 123 
3 5504 5505 5433 
3 5422 5349 5332 
3 5237 5290 5233 
3 5197 5124 5147 
3 5071 5148 5089 
3 5063 5110 5019 
3 5019 5024 4997 
3 5032 4950 4997 
3 4712 4649 4835 
3 4532 4447 4597 
3 4448 4418 4532 
3 4448 4346 4289 
3 4264 4228 4086 
3 4228 4150 4086 
3 3931 3970 4026 
3 3931 3868 3684 
3 3350 3208 3307 
3 2806 3034 2909 
3 2626 2627 2505 
3 2569 2505 2627 
3 2227 2181 2096 
3 2053 2052 2096 
3 1688 1778 1658 
3 1688 1658 1549 
3 1171 1275 1066 
3 882 1066 1213 
3 642 651 537 
3 173 183 123 
3 112 111 123 
3 5505 5506 5433 
3 5290 5311 5332 
3 5311 5290 5221 
3 5221 5290 5237 
3 5124 5125 5071 
3 5063 5089 5155 
3 5032 5010 4942 
3 4150 4051 3942 
3 3942 3970 3852 
3 3684 3811 3685 
3 3438 3599 3627 
3 3599 3438 3407 
3 3322 2924 3350 
3 3322 3034 2954 
3 2569 2518 2397 
3 2397 2419 2227 
3 2053 2096 2181 
3 1986 2052 2053 
3 1986 1909 1829 
3 1829 1909 1778 
3 1549 1467 1418 
3 1275 1213 1066 
3 1044 1010 831 
3 848 831 1010 
3 642 797 743 
3 537 651 485 
3 329 305 462 
3 123 183 112 
3 113 112 183 
3 5506 5507 5433 
3 5233 5222 5197 
3 5176 5124 5197 
3 5125 5148 5071 
3 5032 4997 5024 
3 4916 4889 4880 
3 4650 4712 4597 
3 4346 4406 4289 
3 3970 3942 4051 
3 2909 2826 2806 
3 2035 1986 2053 
3 1778 1910 1658 
3 1418 1320 1300 
3 1320 1275 1198 
3 1198 1275 1171 
3 1044 882 1213 
3 651 642 743 
3 485 651 418 
3 418 462 305 
3 183 91 113 
3 5507 5508 5433 
3 5459 5433 5508 
3 5252 5290 5301 
3 5290 5252 5233 
3 5222 5233 5252 
3 5124 5176 5125 
3 5148 5125 5176 
3 5155 5089 5148 
3 5110 5063 5155 
3 5044 5019 5110 
3 5024 5019 5044 
3 4835 4808 4712 
3 4585 4597 4677 
3 4597 4585 4532 
3 4228 4199 4150 
3 4051 4150 4199 
3 4026 3970 4051 
3 3868 3811 3684 
3 3613 3685 3811 
3 3599 3613 3718 
3 3627 3511 3438 
3 3034 3322 3130 
3 3034 3014 2909 
3 2734 2665 2826 
3 2626 2665 2734 
3 2518 2419 2397 
3 2419 2307 2227 
3 2181 2227 2307 
3 1986 1969 1909 
3 1467 1549 1658 
3 1418 1467 1320 
3 92 91 183 
3 5508 5509 5459 
3 5332 5349 5301 
3 5332 5301 5290 
3 5176 5197 5222 
3 4712 4677 4597 
3 4264 4406 4228 
3 3811 3718 3613 
3 3408 3438 3511 
3 3307 3438 3408 
3 3307 3408 3350 
3 2910 2826 2909 
3 2734 2627 2626 
3 1969 1986 2035 
3 1910 1909 1969 
3 1467 1450 1320 
3 1347 1320 1450 
3 1320 1347 1275 
3 462 418 651 
3 93 92 183 
3 5509 5510 5459 
3 5434 5433 5459 
3 5433 5434 5422 
3 4942 4998 4880 
3 4289 4406 4264 
3 3718 3654 3599 
3 3627 3599 3654 
3 3130 3014 3034 
3 3014 3109 2909 
3 2910 2909 3109 
3 2627 2596 2569 
3 2518 2569 2596 
3 2307 2343 2181 
3 2181 2343 2053 
3 2198 2053 2343 
3 2035 2053 2198 
3 1778 1909 1910 
3 1450 1467 1766 
3 1010 1044 1133 
3 848 849 797 
3 329 462 419 
3 329 206 239 
3 239 206 183 
3 246 183 206 
3 183 62 93 
3 5459 5510 5539 
3 5350 5422 5434 
3 5422 5350 5349 
3 5349 5350 5301 
3 5010 4998 4942 
3 4808 4916 4881 
3 4448 4532 4551 
3 4228 4406 4275 
3 4026 4051 4097 
3 4026 3988 3931 
3 3931 3988 3868 
3 3718 3811 3822 
3 3627 3600 3511 
3 3014 3130 3239 
3 3109 3014 3281 
3 2910 2998 2826 
3 2734 2826 2998 
3 2627 2734 3093 
3 2627 2887 2596 
3 2596 2597 2518 
3 2536 2518 2597 
3 2518 2536 2419 
3 2307 2419 2536 
3 2198 2141 2035 
3 2035 2127 1969 
3 1658 1766 1467 
3 1361 1347 1450 
3 1479 1347 1361 
3 1347 1479 1275 
3 1213 1275 1479 
3 1213 1133 1044 
3 651 600 462 
3 419 462 600 
3 269 329 419 
3 329 269 206 
3 63 62 183 
3 5539 5540 5459 
3 5434 5397 5350 
3 4998 4971 4880 
3 4880 4971 4916 
3 4585 4551 4532 
3 4346 4512 4406 
3 4199 4228 4275 
3 4199 4097 4051 
3 3988 3822 3868 
3 3868 3822 3811 
3 3322 3239 3130 
3 3239 3281 3014 
3 3093 2734 2998 
3 2887 2627 3093 
3 2887 2597 2596 
3 2435 2307 2536 
3 2343 2307 2435 
3 2127 2035 2141 
3 1766 1577 1450 
3 1133 1213 1252 
3 848 1021 849 
3 153 183 246 
3 183 153 154 
3 183 94 63 
3 64 63 94 
3 5540 5541 5459 
3 5024 5072 5032 
3 4808 4713 4712 
3 4551 4512 4448 
3 4448 4512 4346 
3 3654 3718 3800 
3 3627 3654 3746 
3 3511 3496 3408 
3 3322 3350 3408 
3 3109 2998 2910 
3 2198 2343 2308 
3 1361 1450 1577 
3 1150 1133 1252 
3 1133 1150 1010 
3 1021 1010 1150 
3 1010 1021 848 
3 600 547 419 
3 446 419 547 
3 419 446 269 
3 319 269 446 
3 269 319 206 
3 246 206 319 
3 65 64 94 
3 5541 5542 5459 
3 5398 5350 5397 
3 5155 5149 5110 
3 5044 5072 5024 
3 5032 5045 5010 
3 5010 5045 4998 
3 4712 4713 4677 
3 4677 4579 4585 
3 4551 4585 4579 
3 4097 4199 4265 
3 3822 3800 3718 
3 3800 3746 3654 
3 3600 3627 3746 
3 3511 3600 3496 
3 3408 3497 3322 
3 3239 3322 3497 
3 3109 3281 3250 
3 2698 2536 2597 
3 2308 2343 2435 
3 2198 2308 2141 
3 1766 1910 1792 
3 1910 1766 1658 
3 1577 1622 1361 
3 1479 1361 1622 
3 1479 1252 1213 
3 1021 1150 1172 
3 1021 926 849 
3 600 651 743 
3 183 154 94 
3 94 21 65 
3 5459 5542 5511 
3 5515 5434 5459 
3 5397 5434 5515 
3 5222 5252 5301 
3 5149 5155 5178 
3 5126 5044 5110 
3 4951 4916 4971 
3 4881 4916 4951 
3 4808 4881 4713 
3 4512 4394 4406 
3 4406 4356 4275 
3 4265 4199 4275 
3 4097 4112 4026 
3 4026 4112 3988 
3 3496 3497 3408 
3 2435 2536 2698 
3 2435 2420 2308 
3 1969 2127 1910 
3 1766 1815 1577 
3 849 781 797 
3 743 797 781 
3 600 652 547 
3 446 407 319 
3 364 319 407 
3 246 319 364 
3 246 270 153 
3 22 21 94 
3 5511 5512 5459 
3 5176 5222 5269 
3 5176 5177 5148 
3 5148 5202 5155 
3 5072 5044 5126 
3 5045 5032 5072 
3 4394 4356 4406 
3 4213 4097 4265 
3 4097 4213 4112 
3 3988 4000 3822 
3 3800 3823 3746 
3 3600 3628 3496 
3 3497 3496 3628 
3 3497 3439 3239 
3 3281 3239 3439 
3 3250 3142 3109 
3 3092 3109 3142 
3 3109 3092 2998 
3 2887 2794 2597 
3 2794 2698 2597 
3 2698 2666 2435 
3 1815 1622 1577 
3 1479 1432 1252 
3 1227 1252 1432 
3 1252 1227 1150 
3 1078 1021 1172 
3 926 1021 1078 
3 781 849 926 
3 743 750 600 
3 750 652 600 
3 153 270 154 
3 23 22 94 
3 5512 5513 5459 
3 5177 5176 5269 
3 5202 5148 5177 
3 5126 5110 5149 
3 4959 4998 5046 
3 4971 4998 4959 
3 4275 4419 4265 
3 3800 3822 4000 
3 3823 3800 3943 
3 2666 2420 2435 
3 1792 1910 2127 
3 1792 1815 1766 
3 1622 1588 1479 
3 1432 1479 1588 
3 1172 1150 1227 
3 781 750 743 
3 547 548 446 
3 407 446 548 
3 364 270 246 
3 24 23 94 
3 5513 5514 5459 
3 5515 5459 5514 
3 5319 5301 5350 
3 5301 5319 5222 
3 5269 5222 5319 
3 5178 5223 5149 
3 5046 4998 5045 
3 4579 4677 4713 
3 4419 4275 4356 
3 4112 4123 3988 
3 4000 3988 4123 
3 3943 3800 4000 
3 3747 3600 3746 
3 3092 3093 2998 
3 2309 2420 2474 
3 2420 2309 2308 
3 1634 1815 1939 
3 1815 1634 1622 
3 1588 1622 1634 
3 1588 1451 1432 
3 1432 1528 1227 
3 832 781 926 
3 750 781 832 
3 652 616 547 
3 391 407 548 
3 407 391 364 
3 270 247 154 
3 154 247 94 
3 25 24 94 
3 5515 5514 5543 
3 5269 5352 5177 
3 5202 5177 5270 
3 5178 5155 5202 
3 5111 5072 5126 
3 4951 4971 4959 
3 4881 4847 4713 
3 3746 3823 3747 
3 3628 3600 3747 
3 3281 3439 3451 
3 2794 2887 3035 
3 2698 2794 2855 
3 2474 2420 2666 
3 2166 2308 2309 
3 2141 2308 2166 
3 2129 1792 2128 
3 1792 2129 1815 
3 1451 1588 1702 
3 1528 1228 1227 
3 1172 1227 1228 
3 652 750 751 
3 364 391 270 
3 292 270 391 
3 26 25 94 
3 5543 5544 5515 
3 5072 5111 5045 
3 4771 4713 4847 
3 4713 4771 4579 
3 4542 4551 4579 
3 4551 4542 4512 
3 4512 4542 4394 
3 4449 4394 4542 
3 4394 4449 4356 
3 4213 4123 4112 
3 3943 4000 4001 
3 3628 3670 3497 
3 3451 3497 3670 
3 3497 3451 3439 
3 3451 3466 3281 
3 3467 3281 3466 
3 3281 3467 3250 
3 3363 3142 3250 
3 3093 3092 3142 
3 3093 3035 2887 
3 3035 2855 2794 
3 2666 2698 2855 
3 2141 2166 2127 
3 2127 2128 1792 
3 1702 1634 1806 
3 1634 1702 1588 
3 1451 1528 1432 
3 1078 1172 1173 
3 1078 1011 926 
3 926 1011 832 
3 751 750 832 
3 616 652 751 
3 548 547 616 
3 247 270 292 
3 27 26 94 
3 5544 5545 5515 
3 5269 5319 5302 
3 5178 5202 5297 
3 4266 4265 4419 
3 4265 4266 4213 
3 4213 4296 4123 
3 4123 4027 4000 
3 4001 4000 4027 
3 3670 3628 3747 
3 3467 3363 3250 
3 3193 3093 3142 
3 3035 3093 3193 
3 2855 3035 3131 
3 2128 2127 2166 
3 2129 1939 1815 
3 1939 1806 1634 
3 1011 1012 832 
3 751 832 1012 
3 616 566 548 
3 548 526 391 
3 124 94 247 
3 94 124 27 
3 28 27 124 
3 5545 5546 5515 
3 5515 5451 5397 
3 5319 5350 5398 
3 5270 5177 5352 
3 5223 5170 5149 
3 5149 5170 5126 
3 4419 4356 4449 
3 4296 4213 4266 
3 2855 2699 2666 
3 2474 2666 2699 
3 2356 2309 2474 
3 2182 2166 2309 
3 1702 1623 1451 
3 1528 1451 1623 
3 751 673 616 
3 698 616 673 
3 616 698 566 
3 526 548 566 
3 408 391 526 
3 391 408 292 
3 29 28 124 
3 5515 5546 5516 
3 5451 5515 5516 
3 5397 5451 5398 
3 5223 5178 5297 
3 5111 5116 5045 
3 5046 5045 5116 
3 5046 5011 4959 
3 4881 4951 4847 
3 4449 4542 4419 
3 3853 3943 4001 
3 3823 3769 3747 
3 3670 3747 3734 
3 3670 3641 3451 
3 3466 3451 3641 
3 3363 3251 3142 
3 3131 3035 3193 
3 3131 3169 2855 
3 2128 2166 2182 
3 1173 1172 1228 
3 1162 1078 1173 
3 1011 1078 1162 
3 698 601 566 
3 526 566 601 
3 220 247 292 
3 124 247 220 
3 30 29 124 
3 5451 5516 5460 
3 5302 5319 5398 
3 5297 5202 5270 
3 4951 4959 5011 
3 4419 4382 4266 
3 4296 4266 4382 
3 3943 3853 3823 
3 3467 3409 3363 
3 3193 3142 3251 
3 2182 2309 2356 
3 1939 2054 1806 
3 1940 1806 2054 
3 1767 1806 1940 
3 1806 1767 1702 
3 1702 1767 1623 
3 1312 1528 1550 
3 1228 1528 1312 
3 673 751 1012 
3 31 30 124 
3 5460 5461 5451 
3 5302 5398 5351 
3 5352 5269 5302 
3 4951 4930 4847 
3 4542 4579 4723 
3 4123 4296 4027 
3 3823 3853 3769 
3 3769 3734 3747 
3 3641 3553 3466 
3 3251 3363 3409 
3 3251 3168 3193 
3 3131 3193 3168 
3 2855 2925 2699 
3 2182 2129 2128 
3 2129 2054 1939 
3 1333 1173 1228 
3 1162 1173 1333 
3 1079 1011 1162 
3 1011 1079 1012 
3 833 1012 979 
3 1012 833 673 
3 673 833 698 
3 526 438 408 
3 408 392 292 
3 32 31 124 
3 5461 5462 5451 
3 5111 5126 5170 
3 4771 4723 4579 
3 4723 4638 4542 
3 4419 4475 4382 
3 3641 3670 3734 
3 3168 3169 3131 
3 3169 3153 2855 
3 2925 2855 3153 
3 2182 2356 2421 
3 2129 2296 2054 
3 1767 1793 1623 
3 1602 1623 1793 
3 1550 1468 1312 
3 979 1012 1079 
3 833 732 698 
3 698 732 601 
3 549 601 732 
3 601 549 526 
3 438 526 549 
3 392 408 438 
3 220 292 392 
3 220 114 124 
3 124 66 32 
3 33 32 66 
3 5462 5463 5451 
3 5170 5179 5111 
3 4475 4407 4382 
3 4214 4296 4297 
3 4027 4296 4214 
3 4001 3932 3853 
3 3641 3629 3553 
3 3466 3553 3467 
3 3467 3553 3409 
3 3553 3390 3409 
3 3409 3390 3251 
3 3251 3390 3168 
3 3225 3168 3390 
3 3169 3168 3225 
3 2925 2746 2699 
3 2474 2667 2356 
3 2421 2325 2182 
3 2296 2182 2325 
3 2182 2296 2129 
3 1793 1722 1602 
3 1550 1528 1623 
3 1468 1333 1312 
3 1312 1333 1228 
3 124 114 66 
3 34 33 66 
3 5463 5464 5451 
3 5399 5398 5451 
3 5398 5399 5351 
3 4847 4809 4771 
3 4723 4771 4735 
3 4475 4542 4502 
3 4542 4475 4419 
3 4296 4382 4407 
3 4002 4027 4113 
3 4027 4002 4001 
3 4001 4002 3932 
3 3824 3853 3932 
3 3853 3824 3769 
3 3769 3735 3734 
3 3225 3351 3169 
3 3153 3169 3351 
3 2746 2925 2827 
3 2699 2667 2474 
3 2421 2356 2667 
3 1940 1941 1767 
3 1793 1767 1941 
3 1079 1067 979 
3 980 979 1067 
3 979 980 833 
3 732 833 980 
3 420 438 549 
3 320 392 365 
3 35 34 66 
3 5435 5464 5517 
3 5464 5435 5451 
3 4735 4771 4809 
3 4638 4502 4542 
3 4407 4297 4296 
3 3735 3769 3824 
3 3390 3553 3760 
3 3390 3468 3225 
3 3351 3225 3468 
3 3184 3153 3364 
3 3153 3184 2925 
3 2827 2925 3184 
3 2421 2463 2325 
3 2130 2296 2263 
3 2296 2130 2054 
3 2054 2130 1940 
3 2024 1940 2130 
3 1941 1940 2024 
3 1623 1602 1550 
3 1468 1550 1602 
3 1333 1263 1162 
3 1162 1263 1079 
3 980 763 732 
3 732 763 549 
3 624 549 763 
3 549 624 420 
3 438 420 392 
3 365 392 420 
3 320 220 392 
3 254 220 320 
3 36 35 66 
3 5517 5518 5435 
3 5435 5436 5451 
3 5399 5451 5436 
3 5352 5302 5351 
3 5179 5170 5243 
3 5116 5111 5179 
3 5116 5064 5046 
3 4809 4847 4930 
3 4502 4609 4475 
3 4475 4487 4407 
3 4113 4214 4151 
3 4214 4113 4027 
3 4002 4113 4135 
3 3629 3734 3735 
3 3734 3629 3641 
3 3629 3760 3553 
3 3351 3364 3153 
3 3184 3036 2827 
3 2746 2667 2699 
3 2667 2628 2421 
3 2421 2628 2463 
3 2296 2325 2463 
3 1941 1919 1793 
3 1722 1793 1919 
3 1722 1752 1602 
3 1468 1380 1333 
3 1263 1333 1380 
3 1067 1056 980 
3 763 980 927 
3 37 36 66 
3 5518 5519 5435 
3 5223 5243 5170 
3 5064 5011 5046 
3 4809 4930 4931 
3 4028 4002 4135 
3 4002 4028 3932 
3 3933 3932 4028 
3 3932 3933 3824 
3 3468 3390 3760 
3 2463 2375 2296 
3 2310 2296 2375 
3 2296 2310 2263 
3 2167 2263 2310 
3 2263 2167 2130 
3 2024 2130 2167 
3 1562 1602 1752 
3 1602 1562 1468 
3 1468 1562 1380 
3 1134 1263 1214 
3 1263 1134 1079 
3 1067 1079 1134 
3 1031 980 1056 
3 927 980 1031 
3 624 475 420 
3 420 527 365 
3 38 37 66 
3 5435 5519 5465 
3 5297 5242 5223 
3 5223 5242 5243 
3 4609 4502 4638 
3 4609 4487 4475 
3 3933 3955 3824 
3 2667 2746 2856 
3 1562 1529 1380 
3 1505 1380 1529 
3 1214 1380 1505 
3 1380 1214 1263 
3 1134 1174 1067 
3 1056 1067 1174 
3 927 834 763 
3 724 763 834 
3 624 763 724 
3 527 420 475 
3 365 366 320 
3 39 38 66 
3 5465 5466 5435 
3 5436 5435 5466 
3 4989 4951 5011 
3 4951 4989 4930 
3 4931 4930 4989 
3 4297 4407 4450 
3 3955 3933 4028 
3 3835 3824 3955 
3 3824 3835 3735 
3 3629 3735 3835 
3 3760 3812 3468 
3 3601 3468 3812 
3 3410 3468 3601 
3 3468 3410 3351 
3 3364 3351 3410 
3 3184 3194 3036 
3 3036 2926 2827 
3 2827 2926 2746 
3 2856 2746 2926 
3 2628 2667 2856 
3 2628 2668 2463 
3 2463 2668 2375 
3 2464 2375 2668 
3 2375 2464 2310 
3 1919 1997 1722 
3 1997 1752 1722 
3 1529 1562 1752 
3 1174 1214 1321 
3 1214 1174 1134 
3 550 624 625 
3 624 550 475 
3 220 145 114 
3 67 66 114 
3 66 67 39 
3 40 39 67 
3 5466 5467 5436 
3 5364 5351 5399 
3 5352 5351 5364 
3 5243 5208 5179 
3 4638 4723 4735 
3 4297 4276 4214 
3 4151 4214 4276 
3 4151 4135 4113 
3 3835 3908 3629 
3 3908 3760 3629 
3 3364 3352 3184 
3 3194 3184 3352 
3 2856 2875 2628 
3 2024 1919 1941 
3 1505 1578 1214 
3 1321 1214 1578 
3 1056 1174 1031 
3 724 625 624 
3 366 365 527 
3 320 366 254 
3 220 254 145 
3 146 114 145 
3 114 146 67 
3 41 40 67 
3 5467 5468 5436 
3 5297 5333 5242 
3 5243 5242 5333 
3 5116 5104 5064 
3 5011 5064 4989 
3 4609 4638 4724 
3 3955 3908 3835 
3 3812 3760 3908 
3 3352 3364 3410 
3 2875 2668 2628 
3 2464 2668 2723 
3 2310 2264 2167 
3 2024 2097 1919 
3 1752 1689 1529 
3 1174 1096 1031 
3 989 1031 1096 
3 1031 989 927 
3 883 927 989 
3 927 883 834 
3 475 550 527 
3 67 12 41 
3 5468 5469 5436 
3 5364 5399 5436 
3 5179 5164 5116 
3 4735 4761 4638 
3 4724 4638 4761 
3 4276 4297 4450 
3 4200 4151 4276 
3 4151 4200 4135 
3 3955 4028 4029 
3 3601 3812 3707 
3 3194 3240 3036 
3 3036 3240 2926 
3 2856 2926 2976 
3 2464 2264 2310 
3 1997 1919 2097 
3 1689 1578 1529 
3 1529 1578 1505 
3 1321 1276 1174 
3 1174 1276 1096 
3 724 733 625 
3 207 254 306 
3 254 207 145 
3 146 145 207 
3 67 0 12 
3 5469 5470 5436 
3 5334 5243 5333 
3 5209 5179 5208 
3 5164 5179 5209 
3 4931 4817 4809 
3 4598 4609 4724 
3 4609 4598 4487 
3 4487 4488 4407 
3 4276 4298 4200 
3 4028 4135 4029 
3 3601 3482 3410 
3 3410 3391 3352 
3 3240 2976 2926 
3 2976 2955 2856 
3 2875 2856 2955 
3 2097 2167 2264 
3 2167 2097 2024 
3 1997 1807 1752 
3 1689 1752 1807 
3 1334 1578 1579 
3 1321 1578 1334 
3 883 782 834 
3 834 782 724 
3 366 421 254 
3 67 13 0 
3 1 0 13 
3 5470 5471 5436 
3 5452 5436 5471 
3 5409 5436 5452 
3 5208 5243 5334 
3 5104 5116 5164 
3 4989 4972 4931 
3 4809 4761 4735 
3 4298 4276 4450 
3 4135 4087 4029 
3 3908 3955 4029 
3 3812 3908 3869 
3 3686 3601 3707 
3 3482 3391 3410 
3 2680 2723 2747 
3 2723 2680 2464 
3 2464 2422 2264 
3 2097 2264 2326 
3 2097 2142 1997 
3 1689 1579 1578 
3 1321 1334 1276 
3 989 1097 883 
3 733 724 782 
3 421 306 254 
3 67 68 13 
3 2 1 13 
3 5471 5472 5452 
3 5056 5064 5104 
3 5064 5056 4989 
3 4761 4809 4817 
3 4488 4487 4598 
3 4450 4407 4488 
3 4298 4309 4200 
3 4201 4135 4200 
3 3869 3908 4029 
3 3785 3812 3869 
3 3812 3785 3707 
3 3240 3352 3391 
3 3352 3240 3194 
3 2976 3110 2955 
3 2956 2955 3110 
3 2955 2956 2875 
3 2843 2875 2956 
3 2875 2843 2668 
3 2723 2668 2843 
3 2464 2680 2422 
3 2326 2264 2422 
3 2142 2097 2326 
3 1954 1997 2142 
3 1997 1954 1807 
3 1433 1334 1563 
3 1334 1433 1276 
3 1215 1276 1433 
3 1276 1215 1096 
3 1096 1215 989 
3 1097 989 1215 
3 527 421 366 
3 207 155 146 
3 14 13 68 
3 13 14 2 
3 3 2 14 
3 5472 5473 5452 
3 5436 5409 5364 
3 5270 5342 5297 
3 5297 5342 5333 
3 4972 4989 5056 
3 4298 4450 4408 
3 4201 4200 4309 
3 4087 4135 4201 
3 3686 3602 3601 
3 3601 3602 3482 
3 2843 2747 2723 
3 2326 2265 2142 
3 2142 2098 1954 
3 1690 1689 1807 
3 1689 1690 1579 
3 1563 1334 1579 
3 1097 1032 883 
3 883 1032 782 
3 306 307 207 
3 68 67 146 
3 4 3 14 
3 5473 5474 5452 
3 5352 5364 5270 
3 5209 5210 5164 
3 4598 4724 4743 
3 4029 4098 3869 
3 3854 3869 4098 
3 3869 3854 3785 
3 3374 3391 3482 
3 3295 3391 3374 
3 3391 3295 3240 
3 3240 3295 2976 
3 3143 2956 3110 
3 2888 2956 3143 
3 2956 2888 2843 
3 2552 2422 2680 
3 2265 2422 2552 
3 2422 2265 2326 
3 2098 2142 2265 
3 1690 1807 1970 
3 1277 1433 1381 
3 1215 1433 1277 
3 733 782 850 
3 527 463 421 
3 439 421 463 
3 421 439 306 
3 184 207 307 
3 207 184 155 
3 146 155 68 
3 5 4 14 
3 5474 5475 5452 
3 4817 4848 4761 
3 4598 4586 4488 
3 4450 4476 4408 
3 4309 4298 4408 
3 4087 4098 4029 
3 3785 3736 3707 
3 3110 2976 3295 
3 2843 2857 2747 
3 2098 1929 1954 
3 1954 1929 1807 
3 1970 1807 1929 
3 1433 1563 1530 
3 1115 1215 1277 
3 850 782 1032 
3 307 306 439 
3 68 69 14 
3 6 5 14 
3 5475 5476 5452 
3 5364 5342 5270 
3 5208 5253 5209 
3 5164 5210 5156 
3 5164 5156 5104 
3 5104 5073 5056 
3 5056 5073 4972 
3 4476 4488 4586 
3 4488 4476 4450 
3 4201 4241 4087 
3 4098 4087 4241 
3 3707 3736 3686 
3 3295 3392 3110 
3 2888 2857 2843 
3 2552 2586 2265 
3 2311 2265 2586 
3 2265 2311 2098 
3 1723 1690 1970 
3 1690 1723 1579 
3 1579 1723 1563 
3 1381 1433 1530 
3 1215 1115 1097 
3 1135 1097 1115 
3 835 733 850 
3 733 816 625 
3 587 625 816 
3 625 587 550 
3 550 587 527 
3 463 527 587 
3 14 69 6 
3 7 6 69 
3 5476 5477 5452 
3 5389 5364 5409 
3 5364 5389 5342 
3 5244 5209 5253 
3 5210 5209 5244 
3 4724 4761 4848 
3 4408 4476 4435 
3 4309 4395 4201 
3 4241 4201 4395 
3 3686 3603 3602 
3 3392 3295 3374 
3 3392 3143 3110 
3 3143 2977 2888 
3 2747 2857 2680 
3 2669 2680 2857 
3 2552 2680 2669 
3 2311 2131 2098 
3 2098 2131 1929 
3 1970 1929 2131 
3 1589 1563 1723 
3 1563 1589 1530 
3 1469 1530 1589 
3 1530 1469 1381 
3 816 733 835 
3 307 293 184 
3 156 184 293 
3 69 68 155 
3 8 7 69 
3 5477 5478 5452 
3 5389 5409 5452 
3 5334 5253 5208 
3 4743 4724 4848 
3 4241 4124 4098 
3 4098 4076 3854 
3 4030 3854 4076 
3 3736 3785 3854 
3 3686 3736 3603 
3 3602 3603 3482 
3 3374 3482 3483 
3 2888 2977 2857 
3 2586 2552 2669 
3 2131 2311 2251 
3 1736 1970 1920 
3 1970 1736 1723 
3 1362 1381 1469 
3 1277 1229 1115 
3 1135 1115 1229 
3 1032 981 850 
3 835 850 981 
3 674 587 816 
3 463 517 439 
3 393 439 517 
3 439 393 307 
3 307 393 293 
3 184 156 155 
3 155 125 69 
3 9 8 69 
3 5478 5479 5452 
3 5065 5073 5104 
3 4931 4990 4817 
3 4408 4395 4309 
3 4076 4098 4124 
3 3870 3854 4030 
3 3854 3870 3736 
3 3603 3736 3737 
3 3603 3483 3482 
3 3392 3374 3483 
3 3392 3323 3143 
3 2977 3143 3111 
3 2586 2398 2311 
3 2251 2311 2398 
3 2131 2068 1970 
3 1277 1381 1362 
3 571 587 674 
3 587 571 463 
3 517 463 571 
3 293 294 156 
3 125 155 156 
3 10 9 69 
3 5479 5480 5452 
3 5389 5390 5342 
3 5342 5390 5333 
3 4743 4586 4598 
3 4435 4476 4563 
3 4241 4242 4124 
3 3737 3736 3870 
3 3687 3603 3737 
3 3603 3687 3483 
3 3483 3536 3392 
3 3143 3323 3111 
3 3081 2977 3111 
3 2844 2977 3081 
3 2977 2844 2857 
3 2769 2857 2844 
3 2857 2769 2669 
3 2586 2669 2769 
3 2266 2131 2251 
3 2131 2266 2068 
3 1970 2068 1920 
3 1794 1920 1891 
3 1920 1794 1736 
3 1589 1736 1794 
3 1736 1589 1723 
3 1097 1135 1032 
3 674 816 836 
3 393 517 551 
3 221 156 294 
3 125 156 221 
3 69 125 10 
3 11 10 125 
3 5437 5480 5520 
3 5480 5437 5452 
3 5334 5333 5390 
3 5156 5117 5104 
3 4972 4990 4931 
3 4586 4563 4476 
3 3687 3536 3483 
3 2769 2398 2586 
3 2398 2357 2251 
3 2266 2251 2357 
3 1891 1920 2068 
3 1022 1032 1135 
3 1032 1022 981 
3 990 981 1022 
3 981 990 835 
3 836 835 990 
3 835 836 816 
3 571 551 517 
3 394 293 393 
3 293 394 294 
3 125 15 11 
3 5520 5521 5437 
3 5334 5390 5253 
3 5065 5104 5117 
3 4890 4848 4817 
3 4752 4743 4848 
3 4408 4435 4395 
3 4299 4395 4369 
3 3870 3770 3737 
3 3687 3737 3770 
3 3687 3708 3536 
3 3536 3411 3392 
3 3392 3411 3323 
3 3323 3195 3111 
3 3081 3111 3195 
3 3081 2876 2844 
3 2769 2844 2876 
3 2012 2266 2152 
3 2266 2012 2068 
3 1891 2068 2012 
3 1506 1469 1589 
3 836 914 674 
3 653 674 914 
3 674 653 571 
3 551 571 653 
3 551 538 393 
3 394 393 538 
3 16 15 125 
3 5521 5522 5437 
3 5400 5452 5437 
3 5389 5452 5400 
3 4990 5073 5065 
3 5073 4990 4972 
3 4369 4395 4435 
3 4395 4299 4241 
3 4030 3944 3870 
3 3883 3870 3944 
3 3870 3883 3770 
3 3708 3687 3770 
3 3536 3440 3411 
3 3195 3144 3081 
3 3081 3144 2876 
3 2782 2876 2999 
3 2876 2782 2769 
3 2398 2769 2782 
3 2553 2398 2735 
3 2398 2553 2357 
3 1469 1506 1362 
3 1362 1291 1277 
3 1277 1291 1229 
3 1229 1291 1135 
3 990 914 836 
3 395 394 538 
3 294 394 395 
3 17 16 125 
3 5522 5523 5437 
3 5253 5254 5244 
3 5186 5210 5244 
3 5117 5156 5210 
3 4743 4667 4586 
3 4563 4586 4667 
3 4563 4564 4435 
3 4014 4030 4076 
3 3700 3440 3536 
3 3411 3337 3323 
3 3323 3337 3195 
3 3144 3195 3337 
3 3144 2999 2876 
3 2782 2735 2398 
3 2399 2357 2553 
3 2357 2399 2266 
3 2152 2266 2399 
3 2012 2036 1891 
3 1589 1603 1506 
3 1116 1135 1291 
3 1022 1135 1116 
3 914 851 653 
3 617 653 851 
3 653 617 551 
3 538 551 617 
3 248 294 395 
3 294 248 221 
3 125 221 95 
3 125 95 17 
3 18 17 95 
3 5523 5524 5437 
3 5527 5437 5524 
3 5390 5303 5253 
3 5210 5186 5117 
3 4990 4960 4817 
3 4667 4752 4744 
3 4752 4667 4743 
3 4667 4564 4563 
3 4299 4242 4241 
3 4014 4076 4124 
3 3944 4030 4014 
3 3700 3536 3708 
3 2681 2782 2999 
3 2782 2681 2735 
3 2183 2012 2152 
3 1635 1589 1794 
3 1635 1603 1589 
3 1452 1362 1506 
3 1362 1452 1291 
3 538 464 395 
3 19 18 95 
3 5524 5525 5527 
3 5400 5437 5527 
3 5366 5390 5365 
3 4849 4848 4890 
3 4848 4849 4752 
3 4744 4752 4849 
3 4369 4357 4299 
3 4299 4357 4242 
3 4124 4184 4014 
3 3770 3719 3708 
3 3700 3708 3719 
3 3337 3375 3144 
3 3037 3144 3132 
3 3144 3037 2999 
3 2736 2735 2681 
3 2553 2735 2736 
3 2183 2036 2012 
3 1452 1348 1291 
3 1116 1291 1348 
3 1068 1022 1116 
3 1022 1068 990 
3 990 1068 914 
3 928 914 1068 
3 851 914 928 
3 752 851 915 
3 851 752 617 
3 464 617 752 
3 617 464 538 
3 464 367 395 
3 395 367 248 
3 248 208 221 
3 115 221 208 
3 95 221 115 
3 20 19 95 
3 5525 5526 5527 
3 5390 5389 5400 
3 5303 5390 5366 
3 5262 5253 5303 
3 5254 5253 5262 
3 5186 5244 5254 
3 4960 4890 4817 
3 4667 4651 4564 
3 4564 4523 4435 
3 4435 4523 4369 
3 4184 4124 4242 
3 3944 3971 3883 
3 3719 3883 3971 
3 3440 3537 3411 
3 3375 3411 3537 
3 3411 3375 3337 
3 3132 3144 3375 
3 2845 2999 3037 
3 2999 2845 2681 
3 2553 2448 2399 
3 1891 1795 1794 
3 1635 1794 1795 
3 1603 1452 1506 
3 1068 1116 1187 
3 915 851 928 
3 295 248 367 
3 208 248 295 
3 163 95 115 
3 42 95 163 
3 95 42 20 
3 5527 5526 5547 
3 5117 5105 5065 
3 4369 4523 4357 
3 4014 3971 3944 
3 3883 3719 3770 
3 3537 3700 3688 
3 3700 3537 3440 
3 3375 3226 3132 
3 3132 3226 3037 
3 2681 2845 2736 
3 2553 2639 2448 
3 2228 2152 2312 
3 1795 1808 1635 
3 1635 1808 1603 
3 1564 1603 1808 
3 1603 1564 1452 
3 1452 1507 1348 
3 1349 1348 1507 
3 1187 1348 1349 
3 1348 1187 1116 
3 915 928 1068 
3 752 915 807 
3 752 783 464 
3 572 464 783 
3 43 42 163 
3 5547 5548 5527 
3 4798 4744 4849 
3 4651 4667 4744 
3 4489 4357 4523 
3 4357 4489 4242 
3 4255 4242 4489 
3 4242 4255 4184 
3 4184 4077 4014 
3 3719 3688 3700 
3 3226 3375 3393 
3 3226 3038 3037 
3 3037 3038 2845 
3 2845 2770 2736 
3 2736 2639 2553 
3 2312 2152 2399 
3 2183 2152 2228 
3 1930 1891 2036 
3 1795 1891 1930 
3 1507 1452 1564 
3 1349 1216 1187 
3 1069 1068 1187 
3 1068 1069 915 
3 807 783 752 
3 572 496 464 
3 518 464 496 
3 464 518 367 
3 295 367 518 
3 208 295 255 
3 115 208 209 
3 44 43 163 
3 5548 5549 5527 
3 5528 5527 5549 
3 5400 5527 5528 
3 5365 5390 5400 
3 4952 4890 4960 
3 4849 4890 4952 
3 3971 4014 4077 
3 3688 3836 3537 
3 3537 3393 3375 
3 3227 3226 3393 
3 3038 3226 3227 
3 2845 3038 2770 
3 2657 2736 2770 
3 2736 2657 2639 
3 1930 1808 1795 
3 1564 1434 1507 
3 1507 1434 1349 
3 1405 1349 1434 
3 1349 1405 1216 
3 1069 1187 1216 
3 969 915 1069 
3 915 969 807 
3 916 807 969 
3 807 916 783 
3 753 783 916 
3 783 675 572 
3 45 44 163 
3 5549 5550 5528 
3 5365 5423 5366 
3 5254 5277 5186 
3 5186 5150 5117 
3 5025 4990 5065 
3 4990 5025 4960 
3 4798 4849 4952 
3 4523 4564 4651 
3 4243 4184 4255 
3 4077 4031 3971 
3 3899 3971 4031 
3 3971 3899 3719 
3 3719 3899 3688 
3 3836 3688 3899 
3 3836 3671 3537 
3 3586 3537 3671 
3 3537 3586 3393 
3 2828 2770 3038 
3 2036 2037 1930 
3 1808 1930 2037 
3 1405 1363 1216 
3 1216 1363 1069 
3 783 753 675 
3 572 626 496 
3 295 518 465 
3 209 208 255 
3 209 163 115 
3 46 45 163 
3 5550 5551 5528 
3 5416 5400 5528 
3 5400 5416 5365 
3 5366 5359 5303 
3 5105 5117 5150 
3 5025 5065 5105 
3 4960 5025 4952 
3 4651 4639 4523 
3 4489 4325 4255 
3 4077 4184 4243 
3 3586 3412 3393 
3 3227 3393 3412 
3 2312 2399 2448 
3 2228 2143 2183 
3 2183 2143 2036 
3 2037 2036 2143 
3 1808 1921 1564 
3 1551 1564 1921 
3 1564 1551 1434 
3 1435 1434 1551 
3 1434 1435 1405 
3 1363 1405 1435 
3 1057 969 1069 
3 916 969 1057 
3 916 852 753 
3 853 753 852 
3 675 643 572 
3 626 572 643 
3 528 496 626 
3 465 496 528 
3 496 465 518 
3 255 295 342 
3 47 46 163 
3 5551 5552 5528 
3 5555 5528 5552 
3 5359 5366 5391 
3 5303 5304 5262 
3 5277 5262 5304 
3 5254 5262 5277 
3 4952 4932 4798 
3 4325 4489 4420 
3 4243 4255 4325 
3 4077 4015 4031 
3 4032 4031 4015 
3 3899 4031 4032 
3 3227 3266 3038 
3 3112 3038 3266 
3 2448 2384 2312 
3 2312 2384 2228 
3 1921 2037 2038 
3 2037 1921 1808 
3 1057 1069 1363 
3 852 916 1057 
3 753 853 675 
3 675 853 643 
3 342 295 465 
3 163 96 47 
3 48 47 96 
3 5552 5553 5555 
3 5416 5423 5365 
3 5391 5366 5423 
3 5150 5171 5105 
3 4798 4736 4744 
3 4243 4015 4077 
3 3836 3899 4032 
3 3614 3671 3771 
3 3586 3671 3614 
3 3266 3227 3412 
3 2770 2828 2657 
3 2639 2598 2448 
3 2384 2448 2598 
3 2038 2037 2143 
3 2013 1921 2038 
3 1796 1921 2013 
3 1672 1921 1796 
3 1551 1921 1672 
3 1435 1551 1565 
3 1350 1363 1435 
3 1199 1363 1350 
3 1363 1199 1057 
3 209 264 163 
3 49 48 96 
3 5553 5554 5555 
3 5304 5303 5359 
3 5186 5211 5150 
3 4744 4736 4651 
3 4639 4651 4799 
3 4523 4513 4489 
3 4243 4185 4015 
3 4032 4015 4185 
3 3836 4032 3945 
3 3836 3771 3671 
3 2828 3038 2927 
3 2657 2598 2639 
3 2384 2267 2228 
3 2228 2267 2143 
3 2069 2143 2267 
3 2038 2143 2069 
3 1565 1551 1672 
3 1453 1435 1565 
3 1350 1435 1453 
3 1350 1264 1199 
3 917 852 1057 
3 853 852 917 
3 209 255 342 
3 50 49 96 
3 5555 5554 5564 
3 5416 5528 5555 
3 5074 5105 5171 
3 5105 5074 5025 
3 4799 4651 4736 
3 4513 4523 4639 
3 4489 4513 4420 
3 4243 4325 4185 
3 3945 4032 3972 
3 2927 3038 3112 
3 2737 2828 2927 
3 2828 2737 2657 
3 2598 2657 2737 
3 2598 2465 2384 
3 2358 2384 2465 
3 2384 2358 2267 
3 2038 2069 2013 
3 2070 2013 2069 
3 1796 2013 2070 
3 1672 1604 1565 
3 1565 1604 1453 
3 486 465 528 
3 465 440 342 
3 342 376 209 
3 264 209 376 
3 163 264 96 
3 51 50 96 
3 5564 5565 5555 
3 5556 5555 5565 
3 5423 5416 5529 
3 5277 5211 5186 
3 5083 5025 5074 
3 4999 5025 5083 
3 4952 5025 4999 
3 4420 4383 4325 
3 4325 4229 4185 
3 4159 4185 4229 
3 3836 3945 3771 
3 3112 2957 2927 
3 2927 2829 2737 
3 2598 2519 2465 
3 2358 2465 2519 
3 2070 2069 2267 
3 2070 1892 1796 
3 1796 1892 1672 
3 1753 1672 1892 
3 1672 1753 1604 
3 1604 1531 1453 
3 1392 1453 1531 
3 1351 1453 1392 
3 1453 1351 1350 
3 1264 1350 1351 
3 1264 1200 1199 
3 1199 1136 1057 
3 991 1057 1136 
3 917 1057 991 
3 853 708 643 
3 486 528 626 
3 264 164 96 
3 52 51 96 
3 5565 5566 5556 
3 5529 5555 5556 
3 5555 5529 5416 
3 4932 4818 4798 
3 4798 4818 4736 
3 4639 4587 4513 
3 4032 4185 4159 
3 4159 3972 4032 
3 3771 3615 3614 
3 3586 3484 3412 
3 3412 3484 3353 
3 3266 3412 3353 
3 3266 3296 3112 
3 2829 2927 2957 
3 2700 2737 2829 
3 2737 2700 2598 
3 2519 2598 2700 
3 2519 2570 2358 
3 2376 2358 2570 
3 2358 2376 2267 
3 2268 2267 2376 
3 2267 2268 2070 
3 2070 2039 1892 
3 1636 1604 1753 
3 1531 1604 1636 
3 1264 1313 1200 
3 1136 1199 1200 
3 868 853 917 
3 708 853 868 
3 654 643 708 
3 643 654 626 
3 440 465 486 
3 376 342 440 
3 70 96 147 
3 96 70 52 
3 5566 5567 5556 
3 5530 5423 5529 
3 5211 5171 5150 
3 4952 4999 4932 
3 4229 4325 4383 
3 3837 3945 3871 
3 3945 3837 3771 
3 3296 3353 3484 
3 3353 3296 3266 
3 3067 3112 3296 
3 3112 3067 2957 
3 2911 2957 3067 
3 2957 2911 2829 
3 2830 2829 2911 
3 2829 2830 2700 
3 2570 2519 2700 
3 2039 2070 2268 
3 1847 1892 2039 
3 1892 1847 1753 
3 1351 1313 1264 
3 708 709 654 
3 627 626 654 
3 626 627 486 
3 466 486 627 
3 486 466 440 
3 147 96 164 
3 71 70 147 
3 5567 5568 5556 
3 5530 5410 5423 
3 5304 5353 5277 
3 5211 5277 5291 
3 5083 5074 5171 
3 4818 4891 4736 
3 4799 4736 4891 
3 4587 4639 4799 
3 4513 4533 4420 
3 4436 4420 4533 
3 4383 4300 4229 
3 3945 3972 3871 
3 3586 3614 3484 
3 3209 3296 3484 
3 3067 3296 3209 
3 2830 2712 2700 
3 2700 2712 2570 
3 2475 2570 2712 
3 2570 2475 2376 
3 2279 2376 2475 
3 2376 2279 2268 
3 1847 1737 1753 
3 1392 1531 1636 
3 1351 1392 1313 
3 917 991 868 
3 644 654 709 
3 627 654 644 
3 264 376 308 
3 72 71 147 
3 5568 5569 5556 
3 4999 4991 4932 
3 4587 4533 4513 
3 4383 4420 4436 
3 4244 4229 4300 
3 4159 4229 4244 
3 4159 4088 3972 
3 3771 3837 3615 
3 3614 3526 3484 
3 3484 3526 3452 
3 3394 3484 3452 
3 3209 3484 3394 
3 2279 2212 2268 
3 2119 2268 2212 
3 2268 2119 2039 
3 1931 2039 2119 
3 2039 1931 1847 
3 1636 1753 1737 
3 991 897 868 
3 708 868 897 
3 708 854 709 
3 709 754 644 
3 627 552 466 
3 308 376 428 
3 73 72 147 
3 5569 5570 5556 
3 5530 5529 5556 
3 5423 5410 5391 
3 5391 5401 5359 
3 5401 5367 5359 
3 5353 5359 5367 
3 5359 5353 5304 
3 5211 5218 5171 
3 5171 5134 5083 
3 4991 4999 5083 
3 3972 3923 3871 
3 3615 3526 3614 
3 3394 3228 3209 
3 3196 3209 3228 
3 3209 3196 3067 
3 3056 3067 3196 
3 3067 3056 2911 
3 2958 2911 3056 
3 2911 2958 2830 
3 2858 2830 2958 
3 2830 2858 2712 
3 2748 2712 2858 
3 2599 2712 2748 
3 2475 2712 2599 
3 2475 2400 2279 
3 1013 991 1136 
3 897 991 1013 
3 854 708 897 
3 854 754 709 
3 552 627 644 
3 466 428 440 
3 440 428 376 
3 222 264 308 
3 264 222 164 
3 147 53 73 
3 5570 5571 5556 
3 5277 5353 5291 
3 5218 5211 5291 
3 5187 5171 5218 
3 5134 5171 5187 
3 4932 4991 4818 
3 4891 4818 4991 
3 4459 4436 4533 
3 4088 4159 4244 
3 4088 3989 3972 
3 3972 3989 3923 
3 3871 3872 3837 
3 3538 3526 3615 
3 3526 3538 3452 
3 3395 3452 3538 
3 3452 3395 3394 
3 3394 3395 3228 
3 1847 1931 1737 
3 1636 1508 1392 
3 1392 1508 1313 
3 1313 1217 1200 
3 854 897 1013 
3 552 602 466 
3 466 602 428 
3 428 441 308 
3 308 368 222 
3 223 164 222 
3 164 223 147 
3 54 53 147 
3 5571 5572 5556 
3 5410 5481 5391 
3 4686 4587 4799 
3 4587 4610 4533 
3 4383 4326 4300 
3 4244 4099 4088 
3 3872 3871 3923 
3 3720 3837 3872 
3 3837 3720 3615 
3 3655 3615 3720 
3 3538 3615 3655 
3 1931 1830 1737 
3 1737 1830 1636 
3 1636 1673 1508 
3 1335 1313 1508 
3 1313 1335 1217 
3 1200 1217 1136 
3 1033 1013 1136 
3 1013 1033 854 
3 754 854 824 
3 754 710 644 
3 602 552 644 
3 368 308 441 
3 55 54 147 
3 5572 5573 5556 
3 5557 5556 5573 
3 5556 5557 5530 
3 5530 5481 5410 
3 5134 5066 5083 
3 4459 4533 4610 
3 4326 4383 4436 
3 4277 4300 4326 
3 4300 4277 4244 
3 4042 4088 4099 
3 4088 4042 3989 
3 3989 4042 3923 
3 3720 3689 3655 
3 3056 3196 3133 
3 2279 2229 2212 
3 2144 2212 2229 
3 2212 2144 2119 
3 1932 1931 2119 
3 1830 1931 1932 
3 1673 1636 1830 
3 1335 1508 1436 
3 1033 1136 1217 
3 1033 918 854 
3 824 854 918 
3 754 784 710 
3 644 710 602 
3 602 441 428 
3 223 222 368 
3 56 55 147 
3 5573 5574 5557 
3 5530 5557 5481 
3 5391 5481 5401 
3 4991 5083 5066 
3 4277 4278 4244 
3 4215 4099 4244 
3 4099 4125 4042 
3 3990 4042 4125 
3 3616 3655 3689 
3 3655 3616 3538 
3 3395 3538 3616 
3 3428 3228 3395 
3 3267 3228 3428 
3 3228 3267 3196 
3 3133 3196 3267 
3 3039 3056 3133 
3 3056 3039 2958 
3 2858 2958 3039 
3 2858 2807 2748 
3 2748 2807 2599 
3 2554 2475 2599 
3 2400 2475 2554 
3 2229 2279 2400 
3 1335 1188 1217 
3 1033 1217 1188 
3 918 1033 1117 
3 824 784 754 
3 710 603 602 
3 487 602 603 
3 602 487 441 
3 174 147 223 
3 57 56 147 
3 5574 5575 5557 
3 5353 5367 5401 
3 5187 5118 5134 
3 4686 4610 4587 
3 4610 4514 4459 
3 4384 4326 4436 
3 4326 4384 4277 
3 4215 4244 4278 
3 4042 3990 3923 
3 3923 3956 3872 
3 3872 3689 3720 
3 3428 3395 3616 
3 3000 2858 3039 
3 2858 3000 2807 
3 2554 2599 2807 
3 2436 2400 2554 
3 1893 2119 2144 
3 2119 1893 1932 
3 1932 1893 1830 
3 1724 1830 1893 
3 1830 1724 1673 
3 1646 1673 1724 
3 1673 1646 1508 
3 1508 1646 1436 
3 1117 1033 1188 
3 368 265 223 
3 97 147 174 
3 147 97 57 
3 58 57 97 
3 5575 5576 5557 
3 5218 5263 5187 
3 4459 4421 4436 
3 4277 4384 4278 
3 4125 4099 4215 
3 3990 3956 3923 
3 3838 3872 3956 
3 3872 3838 3689 
3 3709 3689 3838 
3 3689 3709 3616 
3 3428 3376 3267 
3 3267 3197 3133 
3 3039 3133 3197 
3 3000 2771 2807 
3 2807 2771 2554 
3 2400 2436 2229 
3 2313 2229 2436 
3 2229 2313 2144 
3 2120 2144 2313 
3 2144 2120 1893 
3 1893 1848 1724 
3 1703 1724 1848 
3 1724 1703 1646 
3 1335 1436 1188 
3 1117 1034 918 
3 824 918 1034 
3 689 710 784 
3 689 603 710 
3 97 74 58 
3 5577 5576 5599 
3 5576 5577 5557 
3 5558 5557 5577 
3 5134 5118 5066 
3 4991 5066 5047 
3 4858 4799 4891 
3 4799 4714 4686 
3 4459 4514 4421 
3 4384 4436 4421 
3 3709 3539 3616 
3 3616 3539 3428 
3 3376 3428 3539 
3 3197 3267 3376 
3 3197 3170 3039 
3 3000 3039 3170 
3 3000 2959 2771 
3 2555 2554 2771 
3 2554 2555 2436 
3 2014 1893 2120 
3 1848 1893 2014 
3 1480 1646 1703 
3 1646 1480 1436 
3 1034 970 824 
3 817 824 970 
3 824 817 784 
3 442 441 487 
3 441 442 368 
3 223 265 174 
3 75 74 97 
3 5599 5600 5577 
3 5557 5558 5481 
3 5417 5353 5401 
3 4619 4514 4610 
3 4327 4278 4384 
3 4278 4327 4215 
3 4043 3990 4125 
3 3990 4043 3956 
3 3946 3956 4043 
3 3855 3956 3946 
3 3956 3855 3838 
3 3838 3855 3709 
3 3690 3709 3855 
3 3539 3709 3690 
3 3376 3170 3197 
3 2959 3000 3170 
3 2959 2808 2771 
3 2771 2808 2555 
3 2555 2476 2436 
3 2313 2436 2476 
3 1848 1738 1703 
3 1436 1419 1188 
3 1188 1218 1117 
3 689 784 817 
3 573 603 689 
3 476 603 573 
3 603 476 487 
3 487 476 442 
3 321 368 442 
3 368 321 265 
3 76 75 97 
3 5600 5601 5577 
3 5481 5558 5401 
3 5401 5558 5417 
3 5417 5354 5353 
3 5353 5354 5291 
3 5263 5291 5354 
3 5291 5263 5218 
3 5135 5066 5118 
3 4619 4610 4686 
3 4327 4384 4421 
3 4202 4215 4327 
3 4215 4202 4125 
3 4125 4202 4043 
3 3554 3539 3690 
3 3539 3554 3376 
3 3354 3376 3554 
3 3376 3354 3170 
3 3170 2986 2959 
3 2808 2959 2986 
3 2808 2587 2555 
3 2476 2555 2587 
3 2132 2120 2313 
3 1848 2014 1738 
3 1590 1703 1738 
3 1703 1590 1480 
3 1480 1419 1436 
3 1419 1218 1188 
3 1105 1117 1218 
3 734 689 817 
3 429 442 476 
3 265 249 174 
3 174 249 97 
3 77 76 97 
3 5601 5602 5577 
3 5180 5187 5263 
3 5187 5180 5118 
3 4961 4991 5047 
3 4891 4991 4911 
3 4714 4799 4858 
3 4652 4686 4714 
3 4686 4652 4619 
3 4202 4089 4043 
3 3354 3252 3170 
3 3113 3170 3252 
3 2986 3170 3113 
3 2986 2877 2808 
3 2749 2808 2877 
3 2808 2749 2587 
3 2494 2476 2587 
3 2476 2494 2313 
3 2199 2313 2344 
3 2132 2313 2199 
3 2014 2120 2132 
3 1831 2014 1881 
3 2014 1831 1738 
3 1590 1738 1831 
3 1480 1590 1419 
3 1419 1352 1218 
3 1218 1292 1105 
3 1117 1105 1034 
3 1034 1080 970 
3 734 817 970 
3 734 735 689 
3 573 689 735 
3 321 442 429 
3 249 265 321 
3 78 77 97 
3 5602 5603 5577 
3 5578 5558 5577 
3 5047 5048 4961 
3 4891 4911 4858 
3 4619 4490 4514 
3 4514 4490 4421 
3 4089 4202 4327 
3 4089 4033 4043 
3 3946 4043 4033 
3 3946 3909 3855 
3 3855 3786 3690 
3 3554 3324 3354 
3 3252 3354 3324 
3 2846 2749 2877 
3 2682 2749 2846 
3 2749 2682 2587 
3 2494 2587 2682 
3 2313 2494 2344 
3 2199 2230 2132 
3 2015 2014 2132 
3 2014 2015 1881 
3 1352 1419 1590 
3 1352 1292 1218 
3 1080 1034 1105 
3 970 869 734 
3 588 573 735 
3 573 588 476 
3 271 249 321 
3 249 116 97 
3 97 116 78 
3 79 78 116 
3 5603 5604 5577 
3 5578 5577 5604 
3 5531 5558 5578 
3 5402 5417 5558 
3 5417 5402 5354 
3 5135 5118 5180 
3 5047 5066 5135 
3 4991 4961 4911 
3 4858 4762 4714 
3 3909 3946 4033 
3 3786 3855 3909 
3 3656 3690 3786 
3 3690 3656 3554 
3 3324 3554 3656 
3 3113 2960 2986 
3 2986 2960 2877 
3 2846 2877 2960 
3 2230 2199 2344 
3 2015 2132 2230 
3 1831 1739 1590 
3 1494 1590 1739 
3 1352 1590 1494 
3 1292 1151 1105 
3 1080 1105 1151 
3 869 1080 992 
3 1080 869 970 
3 772 734 869 
3 735 734 772 
3 588 488 476 
3 476 488 429 
3 369 321 429 
3 271 321 369 
3 116 249 271 
3 116 59 79 
3 5604 5605 5578 
3 5531 5453 5558 
3 5558 5453 5402 
3 5264 5263 5354 
3 4327 4421 4216 
3 4327 4152 4089 
3 3656 3441 3324 
3 3297 3324 3441 
3 3324 3297 3252 
3 3015 3113 3252 
3 3113 3015 2960 
3 2600 2846 2795 
3 2846 2600 2682 
3 2682 2600 2494 
3 2423 2344 2494 
3 2230 2344 2423 
3 2025 2015 2230 
3 1881 2015 2025 
3 1881 1739 1831 
3 1265 1292 1352 
3 1292 1265 1151 
3 772 869 992 
3 735 725 588 
3 477 429 488 
3 369 429 477 
3 369 224 271 
3 116 271 179 
3 60 59 116 
3 5605 5606 5578 
3 5402 5324 5354 
3 4911 4961 4819 
3 4911 4819 4858 
3 4565 4619 4652 
3 4619 4565 4490 
3 4421 4490 4396 
3 4216 4421 4396 
3 4152 4327 4216 
3 3991 4033 4089 
3 3604 3786 3672 
3 3786 3604 3656 
3 2831 2846 2960 
3 2795 2846 2831 
3 2600 2571 2494 
3 2423 2494 2571 
3 2025 1987 1881 
3 1882 1881 1987 
3 1881 1882 1739 
3 1739 1637 1494 
3 1494 1637 1352 
3 1382 1352 1637 
3 1265 1352 1382 
3 1058 1080 1151 
3 1080 1058 992 
3 992 1058 772 
3 725 735 772 
3 725 589 588 
3 588 589 488 
3 488 467 477 
3 61 60 116 
3 5578 5606 5579 
3 5559 5578 5579 
3 5578 5559 5531 
3 5402 5381 5324 
3 5264 5354 5324 
3 5263 5165 5180 
3 5135 5180 5151 
3 5135 5048 5047 
3 4858 4819 4762 
3 4695 4714 4762 
3 4652 4714 4695 
3 3909 4033 3991 
3 3672 3786 3748 
3 3015 3252 3297 
3 2831 2960 3082 
3 1265 1230 1151 
3 1081 1151 1230 
3 1151 1081 1058 
3 725 772 1058 
3 467 488 589 
3 477 377 369 
3 369 377 224 
3 271 224 179 
3 116 80 61 
3 5579 5580 5559 
3 5532 5531 5559 
3 5531 5532 5453 
3 5381 5402 5453 
3 5324 5305 5264 
3 5151 5180 5165 
3 4772 4762 4819 
3 3656 3512 3441 
3 3297 3154 3015 
3 3082 2960 3015 
3 2640 2795 2724 
3 2795 2640 2600 
3 2600 2640 2571 
3 2269 2230 2423 
3 2184 2230 2269 
3 2230 2184 2025 
3 1987 2025 2184 
3 1987 1863 1882 
3 1754 1882 1863 
3 1882 1754 1739 
3 1532 1739 1754 
3 1739 1532 1637 
3 1637 1454 1382 
3 1382 1353 1265 
3 1230 1265 1353 
3 904 1058 1059 
3 725 1058 904 
3 725 699 589 
3 589 699 467 
3 116 117 80 
3 81 80 117 
3 5580 5581 5559 
3 5381 5453 5418 
3 5165 5263 5264 
3 5067 5135 5151 
3 5067 5048 5135 
3 4762 4772 4695 
3 4396 4490 4491 
3 4230 4216 4396 
3 4152 4216 4230 
3 4152 4078 4089 
3 4034 4089 4078 
3 4089 4034 3991 
3 3748 3909 3884 
3 3909 3748 3786 
3 3512 3656 3604 
3 3282 3297 3441 
3 2831 2832 2795 
3 1987 1998 1863 
3 1454 1637 1532 
3 1382 1454 1353 
3 1081 1059 1058 
3 699 725 904 
3 165 179 224 
3 148 116 179 
3 116 148 117 
3 82 81 117 
3 5581 5582 5559 
3 5305 5324 5381 
3 4961 4820 4819 
3 4695 4653 4652 
3 4100 4152 4230 
3 4078 4152 4100 
3 3185 3297 3282 
3 3297 3185 3154 
3 2831 2847 2832 
3 2537 2423 2571 
3 2269 2213 2184 
3 1998 1987 2184 
3 1998 1955 1863 
3 1849 1754 1863 
3 904 1059 993 
3 699 497 467 
3 83 82 117 
3 5582 5583 5559 
3 5048 5033 4961 
3 4565 4491 4490 
3 3884 3909 3991 
3 3691 3672 3748 
3 3604 3672 3512 
3 3154 3082 3015 
3 2831 3082 2847 
3 2640 2537 2571 
3 1849 1863 1955 
3 1566 1532 1754 
3 1470 1353 1454 
3 1314 1353 1470 
3 148 179 165 
3 84 83 117 
3 5583 5584 5559 
3 5424 5453 5532 
3 5453 5424 5418 
3 5381 5320 5305 
3 5234 5165 5264 
3 4652 4653 4565 
3 4543 4565 4653 
3 4491 4565 4543 
3 4396 4231 4230 
3 3973 3991 4034 
3 3884 3801 3748 
3 3748 3801 3691 
3 3555 3512 3672 
3 3512 3396 3441 
3 3441 3396 3282 
3 2795 2832 2724 
3 1998 2184 2213 
3 1470 1532 1566 
3 1532 1470 1454 
3 1045 1059 1081 
3 699 904 700 
3 98 117 148 
3 117 98 84 
3 85 84 98 
3 5584 5585 5559 
3 4961 5033 4962 
3 4772 4773 4695 
3 4230 4231 4100 
3 3910 3991 3973 
3 3991 3910 3884 
3 3884 3910 3801 
3 3772 3801 3910 
3 3185 3282 3396 
3 2537 2314 2423 
3 2314 2269 2423 
3 2269 2314 2213 
3 1711 1754 1849 
3 1754 1711 1566 
3 993 1059 1045 
3 700 676 699 
3 477 467 497 
3 353 377 477 
3 377 353 224 
3 224 250 165 
3 98 99 85 
3 5559 5585 5607 
3 5533 5532 5559 
3 5532 5533 5424 
3 5368 5381 5418 
3 5165 5136 5151 
3 5151 5093 5067 
3 5033 5048 5067 
3 4772 4819 4820 
3 4429 4491 4543 
3 4370 4491 4429 
3 4491 4370 4396 
3 4126 4100 4231 
3 3672 3691 3555 
3 3469 3512 3555 
3 3512 3469 3396 
3 2847 2878 2832 
3 2314 2315 2213 
3 2055 1998 2213 
3 1988 1998 2055 
3 1998 1988 1955 
3 1314 1253 1353 
3 1353 1253 1230 
3 1230 1163 1081 
3 818 904 993 
3 700 904 818 
3 477 478 353 
3 100 99 98 
3 5607 5608 5559 
3 5586 5559 5608 
3 5559 5586 5533 
3 5306 5381 5368 
3 5188 5165 5234 
3 5151 5136 5093 
3 5033 5067 5093 
3 4961 4962 4820 
3 4773 4772 4820 
3 4696 4653 4695 
3 4396 4370 4231 
3 4100 4126 4078 
3 3973 3934 3910 
3 3801 3772 3691 
3 3325 3396 3469 
3 3396 3325 3185 
3 3268 3185 3325 
3 3145 3154 3185 
3 3154 3145 3082 
3 2978 3082 3145 
3 3082 2978 2847 
3 2878 2847 2978 
3 2832 2725 2724 
3 2506 2724 2725 
3 2724 2506 2640 
3 2640 2506 2537 
3 2449 2537 2506 
3 2537 2449 2314 
3 2315 2314 2449 
3 2055 2213 2315 
3 1816 1849 1955 
3 1711 1849 1816 
3 1253 1163 1230 
3 1045 1081 1163 
3 818 993 1045 
3 478 477 497 
3 250 224 309 
3 101 100 98 
3 5608 5609 5586 
3 5424 5425 5418 
3 5381 5306 5320 
3 5165 5188 5136 
3 4773 4696 4695 
3 4370 4256 4231 
3 4126 4231 4256 
3 4016 4078 4126 
3 4078 4016 4034 
3 4034 4016 3973 
3 3973 4016 3934 
3 3839 3910 3934 
3 3910 3839 3772 
3 3772 3692 3691 
3 3555 3485 3469 
3 3185 3268 3145 
3 2783 2832 2878 
3 2725 2832 2783 
3 2629 2506 2725 
3 2315 2099 2055 
3 1999 2055 2099 
3 2055 1999 1988 
3 1816 1955 1988 
3 1711 1638 1566 
3 1314 1266 1253 
3 1253 1266 1163 
3 497 699 676 
3 102 101 98 
3 5609 5610 5586 
3 5425 5424 5533 
3 5368 5418 5425 
3 5278 5305 5320 
3 5245 5264 5305 
3 5264 5245 5234 
3 5234 5245 5188 
3 4256 4153 4126 
3 4016 4126 4153 
3 3657 3691 3692 
3 3691 3657 3555 
3 3485 3555 3570 
3 3397 3469 3485 
3 3469 3397 3325 
3 3114 3268 3308 
3 3268 3114 3145 
3 2629 2520 2506 
3 2506 2520 2449 
3 2231 2449 2520 
3 2449 2231 2315 
3 2099 2315 2231 
3 1988 1999 1816 
3 1638 1711 1816 
3 1470 1406 1314 
3 1137 1163 1266 
3 1163 1137 1045 
3 1014 818 1045 
3 862 818 1014 
3 818 862 700 
3 497 498 478 
3 478 498 353 
3 309 353 498 
3 353 309 224 
3 126 98 148 
3 98 126 102 
3 126 86 102 
3 5610 5611 5586 
3 4973 5033 5093 
3 4599 4653 4696 
3 4653 4599 4543 
3 4437 4429 4543 
3 4385 4370 4429 
3 4217 4370 4385 
3 4370 4217 4256 
3 4160 4256 4217 
3 4256 4160 4153 
3 3692 3772 3839 
3 3570 3555 3657 
3 3040 3145 3114 
3 3145 3040 2978 
3 2978 3040 2878 
3 2833 2878 3040 
3 2878 2833 2783 
3 2772 2725 2783 
3 2297 2231 2520 
3 2231 2297 2099 
3 2100 2099 2297 
3 2099 2100 1999 
3 1768 1816 1999 
3 1638 1816 1768 
3 1470 1566 1406 
3 1014 1045 1137 
3 862 837 700 
3 676 700 837 
3 676 628 497 
3 250 240 165 
3 148 165 240 
3 87 86 126 
3 5611 5612 5586 
3 5587 5586 5612 
3 5533 5482 5425 
3 5305 5278 5245 
3 4044 4016 4153 
3 4016 4044 3934 
3 3935 3934 4044 
3 3934 3935 3839 
3 3787 3839 3935 
3 3839 3787 3692 
3 3692 3787 3657 
3 3642 3657 3787 
3 3657 3642 3570 
3 3397 3485 3570 
3 3057 3114 3308 
3 2772 2783 2833 
3 2641 2725 2772 
3 2725 2641 2629 
3 2466 2629 2641 
3 2629 2466 2520 
3 2297 2520 2466 
3 1864 1768 1999 
3 1755 1768 1864 
3 1768 1755 1638 
3 1638 1481 1566 
3 1566 1481 1406 
3 1314 1406 1266 
3 1267 1266 1406 
3 1266 1267 1137 
3 1014 942 862 
3 837 862 942 
3 837 701 676 
3 628 676 701 
3 497 628 498 
3 498 422 309 
3 309 422 250 
3 148 139 126 
3 88 87 126 
3 5612 5613 5587 
3 5482 5533 5586 
3 5181 5188 5245 
3 5033 4973 4962 
3 4437 4543 4599 
3 4385 4429 4437 
3 4153 4136 4044 
3 3642 3513 3570 
3 3397 3570 3513 
3 3413 3325 3397 
3 3325 3413 3268 
3 3308 3268 3413 
3 3114 3057 3040 
3 2641 2556 2466 
3 2345 2297 2466 
3 2297 2345 2100 
3 1725 1755 1864 
3 1638 1755 1481 
3 1098 1137 1267 
3 1137 1098 1014 
3 1014 1098 942 
3 905 837 942 
3 422 310 250 
3 250 310 240 
3 139 148 240 
3 89 88 126 
3 5613 5614 5587 
3 5534 5586 5587 
3 5586 5534 5482 
3 5136 5057 5093 
3 5093 5057 4973 
3 4917 4820 4962 
3 4696 4678 4599 
3 4599 4534 4437 
3 3935 4044 4136 
3 3413 3397 3513 
3 2345 2466 2556 
3 2000 2100 2345 
3 2100 2000 1999 
3 1864 1999 2000 
3 1725 1712 1755 
3 1481 1755 1712 
3 1481 1437 1406 
3 1406 1437 1267 
3 1254 1267 1437 
3 1267 1254 1098 
3 905 942 1098 
3 837 905 701 
3 628 560 498 
3 422 498 560 
3 310 322 240 
3 126 139 89 
3 90 89 139 
3 5614 5615 5587 
3 5292 5320 5306 
3 5094 5136 5188 
3 4820 4763 4773 
3 4773 4763 4696 
3 4696 4763 4678 
3 4566 4599 4678 
3 4599 4566 4534 
3 4290 4217 4385 
3 4160 4217 4290 
3 3571 3642 3787 
3 3642 3571 3513 
3 3413 3513 3571 
3 3308 3198 3057 
3 3040 2987 2833 
3 2772 2833 2987 
3 2572 2556 2641 
3 2556 2359 2345 
3 2232 2345 2359 
3 2101 2345 2232 
3 2345 2101 2000 
3 1971 2000 2101 
3 2000 1971 1864 
3 1864 1971 1725 
3 1712 1725 1971 
3 1533 1481 1712 
3 1481 1533 1437 
3 1201 1254 1437 
3 1082 1098 1254 
3 645 701 905 
3 701 645 628 
3 628 645 560 
3 447 422 560 
3 422 447 310 
3 322 310 447 
3 296 240 322 
3 240 296 139 
3 139 103 90 
3 5615 5616 5587 
3 5426 5425 5482 
3 5355 5368 5425 
3 5320 5292 5278 
3 5136 5094 5057 
3 5026 4973 5057 
3 4973 5026 4962 
3 4917 4962 5026 
3 4290 4385 4437 
3 4245 4160 4290 
3 4035 3935 4136 
3 3935 3761 3787 
3 3571 3787 3761 
3 2987 3040 3057 
3 2359 2556 2572 
3 1035 1254 1201 
3 1254 1035 1082 
3 954 1098 1082 
3 1098 954 905 
3 711 905 954 
3 905 711 645 
3 645 574 560 
3 479 560 574 
3 447 560 479 
3 296 175 139 
3 139 118 103 
3 5616 5617 5587 
3 5375 5425 5426 
3 5355 5425 5375 
3 5224 5245 5278 
3 5245 5224 5181 
3 4763 4820 4821 
3 4534 4460 4437 
3 4409 4437 4460 
3 4328 4437 4409 
3 4437 4328 4290 
3 4136 4153 4160 
3 3935 3825 3761 
3 3365 3413 3571 
3 3413 3365 3308 
3 3308 3365 3198 
3 2772 2611 2641 
3 2359 2133 2232 
3 2185 2232 2133 
3 2232 2185 2101 
3 2056 2101 2185 
3 2101 2056 1971 
3 1942 1971 2056 
3 1726 1971 1942 
3 1971 1726 1712 
3 1769 1712 1726 
3 1534 1533 1712 
3 1393 1533 1534 
3 1533 1393 1437 
3 1437 1393 1201 
3 982 1082 1035 
3 1082 982 954 
3 898 954 982 
3 808 954 898 
3 954 808 711 
3 629 645 711 
3 574 645 629 
3 296 447 479 
3 447 296 322 
3 119 118 139 
3 5617 5618 5587 
3 5587 5560 5534 
3 5482 5534 5426 
3 5307 5306 5368 
3 4822 4820 4917 
3 4820 4822 4821 
3 4534 4566 4460 
3 4245 4290 4328 
3 4161 4160 4245 
3 4160 4161 4136 
3 3365 3253 3198 
3 3068 3198 3253 
3 3198 3068 3057 
3 2987 3057 3068 
3 2772 2987 2611 
3 2641 2611 2572 
3 2001 2056 2185 
3 1942 1883 1726 
3 1769 1726 1883 
3 1516 1712 1769 
3 1712 1516 1534 
3 1393 1534 1516 
3 1393 1246 1201 
3 1035 1201 1246 
3 1035 1036 982 
3 898 982 1036 
3 702 711 808 
3 711 702 629 
3 590 574 629 
3 574 590 479 
3 139 175 119 
3 120 119 175 
3 5618 5619 5587 
3 5560 5587 5619 
3 5140 5188 5181 
3 4409 4329 4328 
3 4136 4161 4137 
3 4079 4136 4137 
3 4136 4079 4035 
3 3761 3556 3571 
3 3414 3571 3556 
3 3571 3414 3365 
3 3365 3414 3253 
3 2928 2987 3068 
3 2726 2987 2928 
3 2987 2726 2611 
3 2611 2726 2572 
3 2572 2424 2359 
3 2133 2359 2424 
3 1894 1942 2001 
3 1942 1894 1883 
3 1060 1035 1246 
3 1035 1060 1036 
3 590 629 702 
3 590 468 479 
3 396 479 468 
3 479 396 296 
3 266 296 396 
3 296 166 175 
3 175 127 120 
3 5619 5620 5560 
3 5238 5278 5292 
3 5224 5189 5181 
3 5188 5140 5094 
3 5057 5037 5026 
3 4566 4477 4460 
3 4409 4460 4329 
3 4267 4245 4328 
3 3974 4035 4079 
3 3911 4035 3974 
3 4035 3911 3935 
3 3935 3911 3825 
3 3825 3749 3761 
3 3761 3557 3556 
3 3414 3254 3253 
3 3001 3253 3254 
3 3253 3001 3068 
3 2942 3068 3001 
3 3068 2942 2928 
3 2750 2928 2942 
3 2928 2750 2726 
3 1535 1769 1659 
3 1769 1535 1516 
3 1407 1393 1516 
3 884 898 1036 
3 655 808 898 
3 808 655 702 
3 396 272 266 
3 225 296 266 
3 166 296 225 
3 128 127 175 
3 5560 5620 5588 
3 5368 5355 5307 
3 5278 5238 5224 
3 5140 5181 5189 
3 4566 4678 4611 
3 4267 4328 4329 
3 4245 4267 4161 
3 3911 3826 3825 
3 3749 3825 3826 
3 3761 3749 3557 
3 3556 3326 3414 
3 3414 3326 3254 
3 2726 2750 2572 
3 2572 2588 2424 
3 1883 1797 1769 
3 1202 1393 1407 
3 1278 1393 1202 
3 1393 1278 1246 
3 1246 1278 1060 
3 1118 1060 1278 
3 591 702 655 
3 702 591 590 
3 590 591 468 
3 469 468 591 
3 272 468 469 
3 468 272 396 
3 129 128 175 
3 5588 5589 5560 
3 5560 5483 5534 
3 5427 5426 5534 
3 5094 5037 5057 
3 4753 4821 4822 
3 4821 4753 4763 
3 4679 4678 4763 
3 4611 4552 4566 
3 4310 4460 4477 
3 4460 4310 4329 
3 3911 3974 3826 
3 3527 3556 3557 
3 3556 3527 3326 
3 3199 3254 3326 
3 3016 3254 3199 
3 3254 3016 3001 
3 2961 3001 3016 
3 3001 2961 2942 
3 2750 2588 2572 
3 2327 2424 2588 
3 2424 2327 2133 
3 2185 2133 2001 
3 2056 2001 1942 
3 1883 1894 1797 
3 1535 1659 1639 
3 1420 1516 1535 
3 1516 1420 1407 
3 655 898 884 
3 251 266 272 
3 266 251 225 
3 175 166 129 
3 130 129 166 
3 5589 5590 5560 
3 5189 5137 5140 
3 5095 5094 5140 
3 5026 5037 4917 
3 4611 4678 4679 
3 4279 4329 4310 
3 4329 4279 4267 
3 4154 4161 4267 
3 4161 4154 4137 
3 3587 3557 3749 
3 2683 2942 2961 
3 2942 2683 2750 
3 2750 2683 2588 
3 2437 2588 2683 
3 2588 2437 2327 
3 1278 1202 1118 
3 1118 1046 1060 
3 994 1036 1060 
3 1036 994 884 
3 655 712 591 
3 470 591 561 
3 591 470 469 
3 378 272 469 
3 166 140 130 
3 5590 5591 5560 
3 5427 5534 5483 
3 5426 5427 5360 
3 5095 5140 5137 
3 4992 5094 5095 
3 5094 4992 5037 
3 4822 4868 4753 
3 4137 4154 4079 
3 4017 4079 4154 
3 4079 4017 3974 
3 3527 3377 3326 
3 3326 3255 3199 
3 2912 2961 3016 
3 2437 2360 2327 
3 1769 1797 1659 
3 1659 1797 1639 
3 1535 1536 1420 
3 994 1060 1046 
3 744 655 884 
3 712 655 744 
3 378 469 470 
3 251 272 378 
3 141 140 166 
3 5591 5592 5560 
3 5594 5560 5592 
3 5560 5594 5483 
3 5335 5355 5375 
3 5306 5307 5292 
3 5283 5292 5307 
3 5283 5238 5292 
3 5225 5238 5283 
3 5238 5225 5224 
3 4868 4917 5037 
3 4917 4868 4822 
3 4503 4566 4552 
3 4310 4330 4279 
3 4154 4267 4279 
3 3840 3974 4017 
3 3974 3840 3826 
3 3721 3749 3826 
3 3377 3527 3486 
3 3338 3326 3377 
3 3255 3326 3338 
3 2979 3199 3255 
3 3199 2979 3016 
3 3016 2979 2912 
3 2670 2683 2961 
3 2557 2683 2670 
3 2683 2557 2437 
3 1956 2133 2327 
3 2133 1956 2001 
3 2001 1956 1894 
3 1911 1894 1956 
3 1639 1536 1535 
3 1407 1420 1202 
3 1118 1138 1046 
3 994 863 884 
3 508 470 561 
3 470 508 378 
3 142 141 166 
3 5592 5593 5594 
3 5426 5360 5375 
3 5355 5335 5307 
3 5189 5224 5225 
3 4859 5037 4992 
3 5037 4859 4868 
3 4763 4654 4679 
3 4566 4503 4477 
3 4477 4386 4310 
3 4310 4386 4330 
3 4114 4154 4279 
3 4154 4114 4017 
3 4003 4017 4114 
3 4017 4003 3840 
3 3710 3826 3840 
3 3557 3587 3527 
3 3486 3527 3587 
3 2437 2557 2360 
3 2233 2327 2360 
3 2327 2233 1956 
3 1894 1911 1797 
3 884 863 744 
3 744 773 712 
3 561 591 712 
3 378 330 251 
3 251 330 225 
3 225 191 166 
3 143 142 166 
3 5594 5593 5621 
3 4654 4763 4753 
3 4655 4679 4654 
3 4679 4655 4611 
3 4552 4611 4655 
3 4477 4503 4386 
3 3841 3840 4003 
3 3840 3841 3710 
3 3826 3710 3721 
3 3721 3630 3749 
3 3749 3630 3587 
3 3442 3377 3486 
3 3200 3255 3338 
3 2912 2796 2961 
3 2961 2796 2670 
3 2425 2557 2670 
3 1943 1956 2233 
3 1956 1943 1911 
3 1865 1911 1943 
3 1865 1797 1911 
3 1797 1865 1639 
3 1138 1118 1202 
3 885 994 1046 
3 773 744 863 
3 480 508 561 
3 225 330 191 
3 149 166 191 
3 166 149 143 
3 5621 5622 5594 
3 4397 4386 4503 
3 4162 4279 4330 
3 4279 4162 4114 
3 4018 4114 4162 
3 4114 4018 4003 
3 3630 3721 3710 
3 3338 3377 3442 
3 2809 2912 2979 
3 2346 2557 2425 
3 2557 2346 2360 
3 2233 2360 2346 
3 2233 2134 1943 
3 1482 1536 1639 
3 1536 1482 1420 
3 1202 1420 1482 
3 994 885 863 
3 311 378 508 
3 378 311 330 
3 150 149 191 
3 5622 5623 5594 
3 5336 5360 5427 
3 5325 5375 5360 
3 5375 5325 5335 
3 5283 5307 5335 
3 4774 4753 4868 
3 4552 4524 4503 
3 4397 4330 4386 
3 4080 4018 4162 
3 4004 4003 4018 
3 3841 4003 4004 
3 3069 2979 3255 
3 2796 2912 2809 
3 2601 2670 2796 
3 2670 2601 2425 
3 2233 2346 2134 
3 2134 1972 1943 
3 1943 1972 1865 
3 1865 1580 1639 
3 1639 1580 1482 
3 1279 1202 1482 
3 1202 1279 1255 
3 1138 1202 1255 
3 311 508 480 
3 191 157 150 
3 5623 5624 5594 
3 5360 5336 5325 
3 4753 4774 4654 
3 4246 4203 4330 
3 4330 4203 4162 
3 4004 4018 4080 
3 3842 3841 4004 
3 3841 3842 3710 
3 3643 3630 3710 
3 3630 3605 3587 
3 3587 3605 3486 
3 3514 3486 3605 
3 3486 3514 3442 
3 3338 3442 3514 
3 3069 3255 3200 
3 2797 2796 2809 
3 2102 2134 2346 
3 2026 2134 2102 
3 2134 2026 1972 
3 1779 1865 1972 
3 1865 1779 1580 
3 1256 1255 1279 
3 1083 1138 1255 
3 1138 1083 1046 
3 1046 1083 885 
3 886 885 1083 
3 773 863 885 
3 330 274 191 
3 158 157 191 
3 5624 5625 5594 
3 5594 5438 5483 
3 5382 5427 5483 
3 5255 5283 5335 
3 5095 5075 5001 
3 5000 4992 5095 
3 4725 4654 4774 
3 4655 4567 4552 
3 4524 4552 4567 
3 4503 4524 4397 
3 4246 4330 4397 
3 4080 4162 4203 
3 3643 3710 3842 
3 3605 3630 3643 
3 2102 2346 2168 
3 1866 1972 2026 
3 1779 1660 1580 
3 1364 1279 1482 
3 1279 1364 1256 
3 870 885 886 
3 885 870 773 
3 677 773 870 
3 773 677 712 
3 167 191 274 
3 191 167 158 
3 159 158 167 
3 5625 5626 5594 
3 5594 5629 5438 
3 5095 5001 5000 
3 4859 4992 5000 
3 4774 4868 4823 
3 4524 4438 4397 
3 3885 4004 4080 
3 3788 3842 4004 
3 3842 3788 3643 
3 3558 3605 3643 
3 3605 3558 3514 
3 3283 3338 3514 
3 3338 3283 3200 
3 3201 3200 3283 
3 3200 3201 3069 
3 2979 3069 2809 
3 2796 2797 2601 
3 2168 2346 2425 
3 1972 1866 1779 
3 1660 1779 1780 
3 1580 1471 1482 
3 1482 1471 1364 
3 1023 1255 1256 
3 1255 1023 1083 
3 1083 1023 886 
3 971 886 1023 
3 870 886 971 
3 604 712 677 
3 712 604 561 
3 561 604 480 
3 311 273 330 
3 274 330 273 
3 274 297 167 
3 160 159 167 
3 5626 5627 5594 
3 5629 5594 5627 
3 5483 5438 5382 
3 5427 5382 5336 
3 5308 5335 5325 
3 5095 5137 5075 
3 4869 4859 5000 
3 4823 4868 4859 
3 4654 4725 4655 
3 4620 4655 4725 
3 4655 4620 4567 
3 4438 4524 4567 
3 4291 4397 4438 
3 4397 4291 4246 
3 4204 4203 4246 
3 4203 4101 4080 
3 4036 4080 4101 
3 4080 4036 3885 
3 3788 4004 3885 
3 3017 3069 3201 
3 2809 3069 3017 
3 2797 2684 2601 
3 2521 2601 2684 
3 2477 2601 2521 
3 2385 2425 2601 
3 2425 2385 2168 
3 2168 2103 2102 
3 2026 2102 2103 
3 1866 1780 1779 
3 1660 1509 1580 
3 1580 1509 1471 
3 1023 1256 1219 
3 838 870 971 
3 870 736 677 
3 677 736 604 
3 618 480 604 
3 480 519 311 
3 168 167 297 
3 167 168 160 
3 5627 5628 5629 
3 5283 5255 5225 
3 5189 5127 5137 
3 4725 4774 4726 
3 4525 4567 4620 
3 4203 4204 4101 
3 3788 3711 3643 
3 3559 3643 3711 
3 3643 3559 3558 
3 3284 3514 3378 
3 3514 3284 3283 
3 3283 3284 3201 
3 3155 3201 3284 
3 3201 3155 3017 
3 2809 2859 2797 
3 2385 2601 2477 
3 2103 2168 2234 
3 2026 1922 1866 
3 1647 1660 1780 
3 1660 1647 1509 
3 1394 1471 1509 
3 1471 1394 1364 
3 1280 1364 1394 
3 1364 1280 1256 
3 1256 1280 1219 
3 736 870 838 
3 480 618 519 
3 273 519 489 
3 519 273 311 
3 297 176 168 
3 5629 5628 5639 
3 5312 5325 5336 
3 5265 5335 5308 
3 5335 5265 5255 
3 5182 5189 5225 
3 4975 5001 5075 
3 4859 4869 4823 
3 4620 4588 4525 
3 4422 4438 4567 
3 4280 4438 4422 
3 4438 4280 4291 
3 4204 4246 4291 
3 4036 3947 3885 
3 3788 3722 3711 
3 3378 3514 3558 
3 3155 3094 3017 
3 3070 3017 3094 
3 2809 3017 2859 
3 2684 2797 2859 
3 2168 2385 2234 
3 1922 2026 2103 
3 1866 1922 1780 
3 1023 1219 971 
3 906 971 1219 
3 971 906 838 
3 604 736 618 
3 297 180 176 
3 5639 5640 5629 
3 5561 5438 5629 
3 5225 5255 5182 
3 5127 5189 5182 
3 4823 4726 4774 
3 4588 4620 4725 
3 4422 4567 4525 
3 4036 4052 3947 
3 3843 3788 3885 
3 3722 3788 3843 
3 3378 3558 3559 
3 3284 3229 3155 
3 3070 2980 3017 
3 2859 3017 2980 
3 1912 2103 2234 
3 2103 1912 1922 
3 1922 1727 1780 
3 1647 1780 1727 
3 1509 1408 1394 
3 1394 1408 1280 
3 839 838 906 
3 838 839 736 
3 618 509 519 
3 519 509 489 
3 331 273 489 
3 273 331 274 
3 297 185 180 
3 5640 5641 5629 
3 5438 5411 5382 
3 5325 5312 5308 
3 4975 4974 5001 
3 5001 4974 5000 
3 4268 4291 4280 
3 4172 4291 4268 
3 4291 4172 4204 
3 4101 4204 4172 
3 4052 4036 4101 
3 3843 3885 3947 
3 3722 3673 3711 
3 3487 3711 3673 
3 3711 3487 3559 
3 3229 3284 3378 
3 2859 2980 2684 
3 2671 2684 2980 
3 2521 2684 2671 
3 1944 1922 1912 
3 1727 1605 1647 
3 1455 1509 1647 
3 1509 1455 1408 
3 1164 1280 1322 
3 1280 1164 1219 
3 871 1219 1164 
3 1219 871 906 
3 839 906 871 
3 713 736 839 
3 736 713 618 
3 618 619 509 
3 331 297 274 
3 297 192 185 
3 5641 5642 5629 
3 5439 5438 5561 
3 5438 5439 5411 
3 5284 5308 5312 
3 5255 5212 5182 
3 5212 5127 5182 
3 5137 5106 5075 
3 4823 4791 4726 
3 4640 4588 4725 
3 4588 4553 4525 
3 4410 4422 4525 
3 4422 4410 4280 
3 4163 4101 4172 
3 4037 4101 4163 
3 3070 2913 2980 
3 1912 2234 2104 
3 1922 1944 1727 
3 1727 1944 1605 
3 1455 1647 1605 
3 1455 1395 1408 
3 1322 1408 1395 
3 1408 1322 1280 
3 1119 1164 1322 
3 774 839 871 
3 619 618 713 
3 509 490 489 
3 489 490 331 
3 297 298 192 
3 193 192 298 
3 5642 5643 5629 
3 5343 5382 5411 
3 5382 5343 5336 
3 5246 5255 5265 
3 5049 4975 5075 
3 4918 4869 5000 
3 4823 4869 4791 
3 4726 4745 4725 
3 4640 4725 4745 
3 4588 4568 4553 
3 4410 4525 4553 
3 4311 4280 4410 
3 4280 4311 4268 
3 4163 4172 4268 
3 4101 4037 4052 
3 3256 3378 3559 
3 3378 3256 3229 
3 3155 3229 3094 
3 2913 2784 2980 
3 2477 2361 2385 
3 1704 1605 1944 
3 995 1164 1119 
3 1164 995 871 
3 774 871 995 
3 839 774 713 
3 714 713 774 
3 619 713 714 
3 619 539 509 
3 490 509 539 
3 331 298 297 
3 194 193 298 
3 5643 5644 5629 
3 5630 5629 5644 
3 5629 5630 5561 
3 5336 5343 5312 
3 5246 5265 5308 
3 5106 5137 5127 
3 5049 5075 5106 
3 4933 4974 4975 
3 4918 5000 4974 
3 4745 4726 4791 
3 4640 4630 4588 
3 4268 4164 4163 
3 4163 4164 4037 
3 3256 3559 3487 
3 3210 3229 3256 
3 3229 3210 3094 
3 3094 3018 3070 
3 2738 2980 2784 
3 2980 2738 2671 
3 2589 2671 2738 
3 2671 2589 2521 
3 2478 2477 2521 
3 2477 2478 2361 
3 2104 2385 2361 
3 2385 2104 2234 
3 1973 1912 2104 
3 1203 1322 1395 
3 1322 1203 1119 
3 619 714 539 
3 490 343 331 
3 298 331 343 
3 195 194 298 
3 5644 5645 5630 
3 5308 5284 5246 
3 5203 5255 5246 
3 5255 5203 5212 
3 5128 5127 5212 
3 4630 4640 4745 
3 4554 4588 4630 
3 4588 4554 4568 
3 4439 4410 4553 
3 4281 4311 4410 
3 4268 4311 4164 
3 4064 4037 4164 
3 3992 4052 4037 
3 4052 3992 3947 
3 3723 3722 3843 
3 3673 3572 3487 
3 3094 3210 3018 
3 2913 3070 3018 
3 2848 2784 2913 
3 2478 2521 2589 
3 2235 2361 2478 
3 2361 2235 2104 
3 1912 1973 1944 
3 1895 1944 1973 
3 1605 1510 1455 
3 1455 1510 1395 
3 1365 1395 1510 
3 1395 1365 1203 
3 1203 1175 1119 
3 1037 1119 1175 
3 1119 1037 995 
3 995 798 774 
3 539 499 490 
3 196 195 298 
3 196 186 195 
3 5645 5646 5630 
3 5198 5212 5203 
3 4918 4974 4933 
3 3948 3947 3992 
3 3843 3947 3948 
3 3722 3723 3673 
3 3256 3211 3210 
3 3115 3210 3211 
3 2040 2104 2235 
3 2104 2040 1973 
3 1895 1704 1944 
3 1704 1581 1605 
3 1605 1581 1510 
3 656 774 798 
3 774 656 714 
3 575 714 656 
3 714 575 539 
3 539 575 499 
3 401 490 499 
3 490 401 343 
3 343 401 298 
3 256 298 401 
3 256 196 298 
3 187 186 196 
3 5646 5647 5630 
3 5369 5411 5439 
3 5312 5279 5284 
3 5239 5246 5284 
3 5190 5212 5198 
3 4668 4745 4791 
3 4331 4410 4439 
3 4410 4331 4281 
3 4173 4311 4281 
3 4311 4173 4164 
3 4037 4064 3992 
3 3644 3673 3723 
3 3379 3487 3572 
3 3487 3379 3256 
3 3256 3379 3211 
3 3210 3115 3018 
3 2834 2784 2848 
3 2784 2834 2738 
3 2612 2738 2834 
3 2589 2426 2478 
3 2214 2235 2478 
3 2040 1895 1973 
3 1204 1175 1203 
3 1047 1175 1204 
3 1175 1047 1037 
3 872 995 1037 
3 995 872 798 
3 196 197 187 
3 5647 5648 5630 
3 5279 5312 5343 
3 5213 5203 5246 
3 5198 5203 5213 
3 5127 5128 5106 
3 5049 4933 4975 
3 4781 4869 4918 
3 4869 4754 4791 
3 4621 4745 4668 
3 4745 4621 4630 
3 4555 4630 4621 
3 4630 4555 4554 
3 4554 4555 4568 
3 4451 4553 4568 
3 4553 4451 4439 
3 4064 4164 4173 
3 3975 3992 4064 
3 3992 3975 3948 
3 3802 3843 3948 
3 3673 3644 3572 
3 2848 2913 3018 
3 2558 2738 2612 
3 2738 2558 2589 
3 2589 2558 2426 
3 2135 2235 2214 
3 2235 2135 2040 
3 2057 2040 2135 
3 1365 1510 1409 
3 401 344 256 
3 256 344 196 
3 198 197 196 
3 5648 5649 5630 
3 5343 5326 5279 
3 5213 5246 5239 
3 4836 4918 4933 
3 4918 4836 4781 
3 4754 4869 4781 
3 3886 3948 3975 
3 3723 3843 3802 
3 3572 3443 3379 
3 3355 3379 3443 
3 3212 3379 3355 
3 3379 3212 3211 
3 3211 3212 3115 
3 2988 3018 3115 
3 2478 2426 2214 
3 2057 1895 2040 
3 1354 1203 1365 
3 1204 1203 1354 
3 996 1037 1047 
3 996 872 1037 
3 755 872 996 
3 872 755 798 
3 553 656 798 
3 656 553 575 
3 397 401 499 
3 401 397 344 
3 199 198 196 
3 5649 5650 5630 
3 5326 5343 5411 
3 5204 5198 5213 
3 5198 5204 5190 
3 5212 5190 5128 
3 5049 4976 4933 
3 4754 4668 4791 
3 4451 4568 4555 
3 4358 4331 4439 
3 4281 4165 4173 
3 3975 4064 4173 
3 3948 3873 3802 
3 2988 3115 3212 
3 3018 2988 2848 
3 2522 2558 2612 
3 2558 2401 2426 
3 1832 1895 2057 
3 1409 1510 1581 
3 1047 997 996 
3 553 798 755 
3 592 575 553 
3 575 592 499 
3 499 592 397 
3 200 199 196 
3 5650 5651 5630 
3 5112 5106 5128 
3 4526 4621 4656 
3 4621 4526 4555 
3 4451 4555 4461 
3 4451 4461 4439 
3 3948 3886 3873 
3 3723 3631 3644 
3 3572 3453 3443 
3 2834 2848 2988 
3 2558 2522 2401 
3 2252 2426 2401 
3 2426 2252 2214 
3 2214 2252 2135 
3 2086 2135 2252 
3 2135 2086 2057 
3 1047 1204 997 
3 996 929 755 
3 592 553 755 
3 201 200 196 
3 5630 5651 5631 
3 5562 5561 5630 
3 5561 5535 5439 
3 5247 5284 5279 
3 5284 5247 5239 
3 4668 4656 4621 
3 4461 4555 4526 
3 4440 4439 4461 
3 4358 4439 4440 
3 4173 4019 3975 
3 3886 3975 4019 
3 3723 3802 3631 
3 3528 3572 3644 
3 3572 3528 3453 
3 3257 3355 3443 
3 3041 3212 3355 
3 3212 3041 2988 
3 2377 2401 2522 
3 2401 2377 2252 
3 2002 2057 2086 
3 1833 2057 2002 
3 2057 1833 1832 
3 1705 1895 1832 
3 1895 1705 1704 
3 1704 1705 1581 
3 1483 1581 1705 
3 1581 1483 1409 
3 1139 1204 1354 
3 929 997 1048 
3 997 929 996 
3 764 755 929 
3 592 443 397 
3 345 344 397 
3 196 241 201 
3 202 201 241 
3 5631 5632 5630 
3 5562 5630 5632 
3 5562 5535 5561 
3 5326 5411 5369 
3 5190 5166 5128 
3 5106 5076 5049 
3 4976 4934 4933 
3 4933 4934 4836 
3 4754 4680 4668 
3 4656 4668 4680 
3 4331 4257 4281 
3 4019 4173 4165 
3 3528 3644 3631 
3 3443 3453 3257 
3 3213 3355 3257 
3 2810 2988 3041 
3 2988 2810 2834 
3 2153 2252 2377 
3 2252 2153 2086 
3 2087 2086 2153 
3 2002 2086 2087 
3 1354 1365 1409 
3 755 678 592 
3 481 592 678 
3 592 481 443 
3 345 397 443 
3 241 344 345 
3 241 196 344 
3 241 210 202 
3 5632 5633 5562 
3 5439 5535 5369 
3 5204 5213 5239 
3 5190 5204 5166 
3 5106 5112 5076 
3 4850 4836 4934 
3 4781 4727 4754 
3 4754 4727 4680 
3 4440 4461 4526 
3 4257 4331 4358 
3 3083 3355 3213 
3 3355 3083 3041 
3 2538 2612 2834 
3 2612 2538 2522 
3 2087 2027 2002 
3 1833 2002 2027 
3 1691 1832 1833 
3 1832 1691 1705 
3 1383 1483 1705 
3 1483 1383 1409 
3 1409 1383 1354 
3 764 678 755 
3 241 226 210 
3 5633 5634 5562 
3 5247 5279 5326 
3 5226 5239 5247 
3 5239 5214 5204 
3 4984 5049 5076 
3 5049 4984 4976 
3 4836 4824 4781 
3 4656 4569 4526 
3 4358 4347 4257 
3 4281 4257 4165 
3 4155 4165 4257 
3 4019 3887 3886 
3 3631 3540 3528 
3 3470 3453 3528 
3 2962 3041 3083 
3 2685 3041 2962 
3 3041 2685 2810 
3 2538 2834 2810 
3 2495 2522 2538 
3 1817 1833 2027 
3 1691 1606 1705 
3 1705 1606 1383 
3 1410 1383 1606 
3 1336 1139 1354 
3 1048 1204 1139 
3 1204 1048 997 
3 481 448 443 
3 345 332 241 
3 227 226 241 
3 5635 5634 5652 
3 5634 5635 5562 
3 5562 5635 5535 
3 5535 5403 5369 
3 5239 5226 5214 
3 5107 5112 5128 
3 5076 5020 4984 
3 4687 4680 4727 
3 4526 4411 4440 
3 4440 4348 4358 
3 4347 4358 4348 
3 3789 3886 3887 
3 3886 3789 3873 
3 3588 3631 3802 
3 3631 3588 3540 
3 3470 3528 3540 
3 3083 2963 2962 
3 2507 2810 2685 
3 2810 2507 2538 
3 2328 2522 2495 
3 2522 2328 2377 
3 1770 1833 1817 
3 1674 1833 1770 
3 1833 1674 1691 
3 1691 1674 1606 
3 1336 1383 1410 
3 1383 1336 1354 
3 1048 1139 1336 
3 919 929 1048 
3 919 764 929 
3 764 637 678 
3 554 678 637 
3 678 554 481 
3 448 481 554 
3 332 345 443 
3 241 242 227 
3 228 227 242 
3 5652 5653 5635 
3 4850 4824 4836 
3 4781 4824 4727 
3 4569 4656 4680 
3 4440 4411 4348 
3 4138 4257 4347 
3 4257 4138 4155 
3 4155 4102 4165 
3 3957 4019 4165 
3 3873 3789 3802 
3 3309 3453 3470 
3 3213 3257 3171 
3 3213 3095 3083 
3 2914 2962 2963 
3 2962 2914 2685 
3 2538 2507 2495 
3 2270 2153 2377 
3 2270 2087 2153 
3 1957 2027 2087 
3 1781 2027 1957 
3 2027 1781 1817 
3 443 448 332 
3 257 241 332 
3 241 257 242 
3 229 228 242 
3 5653 5654 5635 
3 5191 5214 5226 
3 5128 5166 5107 
3 5068 5076 5112 
3 5076 5068 5020 
3 4919 4934 4976 
3 4824 4755 4727 
3 4155 4138 4102 
3 4019 3957 3887 
3 3645 3802 3789 
3 3802 3645 3588 
3 3380 3470 3540 
3 3213 3171 3095 
3 2686 2685 2914 
3 2685 2686 2507 
3 2495 2329 2328 
3 2270 2377 2328 
3 2270 2041 2087 
3 2087 2041 1957 
3 1817 1781 1770 
3 1552 1606 1674 
3 1366 1336 1410 
3 1140 1048 1336 
3 448 354 332 
3 242 211 229 
3 5654 5655 5635 
3 5535 5484 5403 
3 5326 5280 5247 
3 5204 5157 5166 
3 5068 5112 5107 
3 4919 4976 4984 
3 4892 4934 4919 
3 4825 4850 4934 
3 4850 4825 4824 
3 4657 4687 4727 
3 4680 4687 4569 
3 4569 4535 4526 
3 4535 4452 4526 
3 4526 4452 4411 
3 4398 4411 4452 
3 4398 4348 4411 
3 4165 4102 3957 
3 3762 3789 3887 
3 3789 3762 3645 
3 3588 3589 3540 
3 3470 3380 3309 
3 3453 3309 3257 
3 3171 3257 3309 
3 2479 2507 2686 
3 2507 2479 2495 
3 2362 2495 2479 
3 2495 2362 2329 
3 2270 2328 2329 
3 1798 1781 1957 
3 1728 1770 1781 
3 1606 1552 1410 
3 1366 1410 1552 
3 703 764 919 
3 637 764 703 
3 554 529 448 
3 354 448 529 
3 242 230 211 
3 212 211 230 
3 5655 5656 5635 
3 5484 5535 5635 
3 5369 5293 5326 
3 5280 5326 5293 
3 5157 5204 5214 
3 4792 4824 4825 
3 4775 4824 4792 
3 4824 4775 4755 
3 4727 4755 4657 
3 4527 4535 4569 
3 4218 4347 4348 
3 4347 4218 4138 
3 3957 3803 3887 
3 3589 3588 3645 
3 3083 3095 2963 
3 1798 1957 2041 
3 1567 1674 1770 
3 1674 1567 1552 
3 1048 1140 919 
3 637 529 554 
3 213 212 230 
3 5656 5657 5635 
3 5344 5369 5403 
3 5369 5344 5293 
3 5247 5280 5226 
3 5226 5192 5191 
3 5214 5191 5157 
3 5020 4977 4984 
3 4984 4977 4919 
3 4934 4892 4825 
3 4589 4569 4687 
3 4527 4569 4589 
3 4186 4138 4218 
3 4138 4186 4103 
3 4138 4103 4102 
3 3763 3887 3803 
3 3887 3763 3762 
3 3617 3645 3762 
3 3645 3617 3589 
3 3380 3310 3309 
3 3096 3171 3309 
3 2271 2329 2362 
3 2329 2271 2270 
3 1728 1781 1798 
3 1648 1770 1728 
3 1770 1648 1567 
3 1384 1552 1567 
3 1552 1384 1366 
3 1323 1366 1384 
3 1141 1336 1366 
3 1084 1140 1336 
3 943 1140 1084 
3 919 840 703 
3 332 354 257 
3 242 257 230 
3 214 213 230 
3 5657 5658 5635 
3 5344 5403 5370 
3 5344 5321 5293 
3 5226 5280 5192 
3 5158 5157 5191 
3 4589 4687 4657 
3 4102 4020 3957 
3 3398 3540 3589 
3 3356 3380 3540 
3 3380 3356 3310 
3 3171 3096 3095 
3 2915 2914 2963 
3 2914 2773 2686 
3 2642 2686 2773 
3 2523 2686 2642 
3 2686 2523 2479 
3 2479 2523 2362 
3 2362 2316 2271 
3 1495 1567 1648 
3 1567 1495 1384 
3 1366 1323 1141 
3 1336 1141 1084 
3 840 1140 943 
3 1140 840 919 
3 605 637 703 
3 354 275 257 
3 231 230 257 
3 230 231 214 
3 5658 5659 5635 
3 5595 5635 5659 
3 5635 5595 5484 
3 5191 5167 5158 
3 5119 5166 5157 
3 5096 5166 5119 
3 5166 5096 5107 
3 5050 5068 5107 
3 4792 4825 4892 
3 4755 4688 4657 
3 4232 4348 4398 
3 4348 4232 4218 
3 3957 4020 3888 
3 3888 3803 3957 
3 3658 3762 3763 
3 3762 3658 3617 
3 3309 3310 3096 
3 2989 3095 3096 
3 2915 2963 3095 
3 2402 2362 2523 
3 2362 2402 2316 
3 2270 2271 2041 
3 2071 2041 2271 
3 1945 2041 2071 
3 2041 1945 1798 
3 1648 1517 1495 
3 1323 1384 1495 
3 715 703 840 
3 605 703 715 
3 409 354 529 
3 243 257 275 
3 257 243 231 
3 5659 5660 5595 
3 5596 5484 5595 
3 5428 5403 5484 
3 5280 5293 5321 
3 4775 4688 4755 
3 4589 4528 4527 
3 4535 4430 4452 
3 4399 4452 4430 
3 4452 4399 4398 
3 4186 4218 4232 
3 4103 4104 4102 
3 3454 3589 3617 
3 3589 3454 3398 
3 3540 3398 3356 
3 3071 3096 3310 
3 1798 1945 1728 
3 1713 1728 1945 
3 1728 1713 1648 
3 1648 1713 1517 
3 998 1084 1141 
3 1084 998 943 
3 943 855 840 
3 637 605 529 
3 346 275 354 
3 275 252 243 
3 5660 5661 5595 
3 5403 5428 5370 
3 5191 5192 5167 
3 5157 5158 5119 
3 4746 4792 4737 
3 4792 4746 4775 
3 4688 4775 4746 
3 4430 4535 4527 
3 4103 4186 4104 
3 4053 4104 4186 
3 4102 4104 4020 
3 3573 3658 3763 
3 3071 3310 3356 
3 3096 3071 2989 
3 3095 2989 2915 
3 2914 2915 2773 
3 2713 2773 2915 
3 2773 2713 2642 
3 2523 2642 2402 
3 2316 2215 2271 
3 1438 1495 1517 
3 1152 1495 1438 
3 1495 1152 1323 
3 1142 1141 1323 
3 715 840 855 
3 715 679 605 
3 605 593 529 
3 500 529 593 
3 529 500 409 
3 409 346 354 
3 275 258 252 
3 5661 5662 5595 
3 5370 5345 5344 
3 5141 5158 5167 
3 5027 5050 5107 
3 4977 4893 4919 
3 4893 4892 4919 
3 4892 4737 4792 
3 4600 4589 4657 
3 4589 4600 4528 
3 4527 4528 4430 
3 3803 3764 3763 
3 3573 3763 3764 
3 3560 3617 3658 
3 3454 3617 3560 
3 2990 2989 3071 
3 2713 2524 2642 
3 2467 2402 2642 
3 2298 2316 2402 
3 2271 2215 2071 
3 2058 2071 2215 
3 1834 1713 1945 
3 1323 1152 1142 
3 998 1141 1142 
3 899 943 998 
3 943 899 855 
3 855 785 715 
3 593 605 679 
3 259 258 275 
3 5662 5663 5595 
3 5596 5595 5663 
3 5484 5596 5428 
3 5428 5392 5370 
3 5192 5193 5167 
3 5158 5141 5119 
3 5119 5097 5096 
3 5027 5107 5096 
3 4978 4977 5020 
3 4977 4943 4893 
3 4810 4892 4893 
3 4600 4657 4688 
3 4387 4399 4430 
3 4398 4233 4232 
3 3924 3888 4020 
3 3764 3803 3888 
3 3560 3658 3573 
3 3356 3146 3071 
3 2990 3071 3146 
3 2898 2989 2990 
3 2811 2915 2989 
3 2467 2642 2524 
3 2298 2402 2467 
3 2316 2298 2215 
3 1834 2071 2058 
3 2071 1834 1945 
3 1231 1152 1438 
3 930 998 1142 
3 998 930 899 
3 855 899 785 
3 715 785 679 
3 267 275 346 
3 275 267 259 
3 5663 5664 5596 
3 5199 5192 5280 
3 5192 5199 5193 
3 5119 5141 5097 
3 4978 4943 4977 
3 4892 4810 4737 
3 4689 4688 4746 
3 4528 4462 4430 
3 4292 4398 4399 
3 3924 4020 4104 
3 3764 3888 3924 
3 3701 3573 3764 
3 3269 3356 3398 
3 3356 3269 3146 
3 3019 2990 3146 
3 2811 2989 2898 
3 2701 2713 2915 
3 2524 2713 2701 
3 2280 2298 2467 
3 1974 2058 2215 
3 1692 1713 1834 
3 1496 1438 1517 
3 576 593 679 
3 593 576 500 
3 423 409 500 
3 409 423 346 
3 346 276 267 
3 5664 5665 5596 
3 5370 5392 5345 
3 5344 5345 5321 
3 4978 5068 5050 
3 5068 4978 5020 
3 4746 4737 4689 
3 4688 4612 4600 
3 4528 4600 4462 
3 4292 4399 4387 
3 4398 4292 4233 
3 4139 4232 4233 
3 4232 4139 4186 
3 4186 4105 4053 
3 3429 3454 3560 
3 3454 3429 3398 
3 2990 3019 2898 
3 2701 2915 2811 
3 2186 2298 2280 
3 1818 2058 1974 
3 2058 1818 1834 
3 1713 1692 1517 
3 1152 1231 1205 
3 1165 1152 1205 
3 1152 1165 1142 
3 1061 1142 1165 
3 999 1142 1061 
3 1142 999 930 
3 819 899 930 
3 520 500 576 
3 423 500 520 
3 277 276 346 
3 5665 5666 5596 
3 5167 5193 5141 
3 5084 5096 5097 
3 4860 4893 4943 
3 4851 4810 4893 
3 4462 4431 4430 
3 4430 4431 4387 
3 4186 4139 4105 
3 3269 3398 3429 
3 3146 3084 3019 
3 2835 3019 3084 
3 2467 2524 2508 
3 2298 2186 2215 
3 2215 2186 1974 
3 1974 1867 1818 
3 1692 1834 1818 
3 1496 1517 1692 
3 1438 1496 1231 
3 899 819 785 
3 690 785 819 
3 785 690 679 
3 679 690 576 
3 540 576 690 
3 520 576 540 
3 423 355 346 
3 278 277 346 
3 5666 5667 5596 
3 5215 5280 5321 
3 5280 5215 5199 
3 5113 5141 5193 
3 5051 5096 5084 
3 5096 5051 5027 
3 5050 5027 4978 
3 5002 4978 5027 
3 4963 4978 5002 
3 4851 4893 4860 
3 4504 4600 4544 
3 4600 4504 4462 
3 4332 4292 4387 
3 3958 3924 4104 
3 3488 3560 3573 
3 3430 3560 3488 
3 3560 3430 3429 
3 3097 3084 3146 
3 2916 3019 2835 
3 3019 2916 2898 
3 2785 2898 2916 
3 2898 2785 2811 
3 1756 1692 1818 
3 1568 1692 1756 
3 1692 1568 1496 
3 1456 1496 1568 
3 1231 1355 1205 
3 809 930 999 
3 930 809 819 
3 786 819 809 
3 355 423 520 
3 347 346 355 
3 279 278 346 
3 5667 5668 5596 
3 5688 5596 5668 
3 5596 5485 5428 
3 5428 5485 5392 
3 5097 5058 5084 
3 4978 4963 4943 
3 4669 4737 4810 
3 4544 4600 4612 
3 4431 4462 4504 
3 4387 4431 4332 
3 3958 4053 4105 
3 3924 3804 3764 
3 3097 3146 3269 
3 2643 2811 2785 
3 2811 2643 2701 
3 2253 2280 2467 
3 2186 1946 1974 
3 1896 1974 1946 
3 1974 1896 1867 
3 1756 1818 1867 
3 1355 1496 1456 
3 1496 1355 1231 
3 1015 1061 1165 
3 1061 1015 999 
3 704 819 786 
3 819 704 690 
3 346 347 279 
3 280 279 347 
3 5668 5669 5688 
3 5141 5113 5097 
3 4688 4689 4612 
3 4612 4580 4544 
3 4233 4292 4139 
3 4053 3958 4104 
3 3311 3429 3430 
3 3429 3311 3269 
3 3269 3214 3097 
3 2508 2524 2701 
3 2347 2467 2508 
3 2236 2253 2467 
3 2169 2280 2253 
3 2280 2169 2186 
3 2186 2169 1946 
3 1835 1867 1896 
3 1867 1835 1756 
3 1756 1591 1568 
3 1456 1568 1591 
3 1106 1165 1205 
3 856 809 999 
3 786 809 856 
3 555 690 704 
3 690 555 540 
3 540 555 520 
3 402 520 555 
3 520 402 355 
3 347 285 280 
3 5669 5670 5688 
3 5688 5672 5596 
3 5485 5596 5672 
3 5248 5321 5345 
3 5321 5248 5215 
3 5172 5199 5215 
3 5098 5097 5113 
3 5097 5098 5058 
3 5002 5027 5051 
3 4622 4612 4689 
3 4312 4332 4431 
3 4282 4292 4332 
3 4139 4090 4105 
3 3844 3924 3958 
3 3693 3764 3804 
3 3764 3693 3701 
3 3214 3269 3311 
3 3020 3084 3097 
3 3084 3020 2835 
3 2916 2835 2785 
3 2785 2714 2643 
3 2701 2643 2508 
3 955 999 1015 
3 999 887 856 
3 786 680 704 
3 356 347 355 
3 347 356 285 
3 286 285 356 
3 5670 5671 5688 
3 4492 4544 4515 
3 4544 4492 4504 
3 4371 4431 4504 
3 4312 4282 4332 
3 4187 4292 4282 
3 4292 4166 4139 
3 3924 3844 3804 
3 3693 3804 3844 
3 3606 3573 3701 
3 3573 3606 3488 
3 3515 3488 3606 
3 3488 3339 3430 
3 3430 3339 3311 
3 3020 3097 3214 
3 2836 2835 3020 
3 2702 2785 2835 
3 2785 2702 2714 
3 2509 2643 2714 
3 2427 2508 2643 
3 2236 2467 2347 
3 1850 1896 1946 
3 1675 1835 1896 
3 1756 1835 1591 
3 1472 1456 1591 
3 1337 1355 1456 
3 1355 1106 1205 
3 1106 1015 1165 
3 999 955 887 
3 856 887 786 
3 606 704 680 
3 704 606 555 
3 555 510 402 
3 356 355 402 
3 356 299 286 
3 5688 5671 5687 
3 5129 5113 5193 
3 4861 4860 4943 
3 4860 4861 4851 
3 4851 4783 4810 
3 4810 4782 4669 
3 4697 4737 4669 
3 4515 4544 4580 
3 4359 4504 4492 
3 4504 4359 4371 
3 4292 4187 4166 
3 4106 4139 4166 
3 4139 4106 4090 
3 4105 4090 3958 
3 3312 3311 3339 
3 2427 2643 2509 
3 2508 2427 2347 
3 2253 2145 2169 
3 1850 1946 2169 
3 1896 1850 1675 
3 1591 1497 1472 
3 1337 1456 1472 
3 680 646 606 
3 510 555 606 
3 402 510 356 
3 300 299 356 
3 5688 5687 5696 
3 5327 5345 5392 
3 5256 5215 5248 
3 5215 5256 5172 
3 5199 5172 5193 
3 5012 5002 5051 
3 4810 4783 4782 
3 4737 4697 4689 
3 4689 4697 4622 
3 4612 4622 4580 
3 3693 3659 3701 
3 3701 3659 3606 
3 3488 3515 3339 
3 3116 3311 3312 
3 3311 3116 3214 
3 3002 3214 3116 
3 3214 3002 3020 
3 2702 2835 2836 
3 2613 2714 2702 
3 2253 2236 2145 
3 2059 2169 2145 
3 1607 1835 1675 
3 1835 1607 1591 
3 1497 1591 1607 
3 1337 1106 1355 
3 1015 1106 1049 
3 955 1015 1049 
3 716 680 786 
3 357 356 510 
3 301 300 356 
3 5696 5697 5688 
3 5285 5345 5327 
3 5345 5285 5248 
3 5038 5058 5098 
3 5058 5038 5084 
3 5013 5051 5084 
3 5051 5013 5012 
3 4783 4851 4861 
3 4580 4622 4515 
3 4333 4431 4371 
3 4431 4333 4312 
3 4106 4166 4187 
3 3889 3958 4090 
3 3958 3889 3844 
3 3844 3845 3693 
3 3606 3541 3515 
3 2714 2613 2509 
3 2236 2281 2145 
3 1958 1850 2169 
3 1850 1740 1675 
3 646 680 716 
3 449 510 606 
3 302 301 356 
3 5697 5698 5688 
3 5672 5688 5698 
3 5361 5392 5485 
3 5392 5361 5327 
3 5313 5248 5285 
3 5256 5248 5313 
3 4944 4963 5002 
3 4852 4943 4963 
3 4943 4852 4861 
3 4747 4782 4783 
3 4333 4371 4359 
3 3845 3844 3889 
3 3659 3693 3845 
3 3312 3339 3455 
3 3002 2929 3020 
3 3020 2929 2836 
3 2428 2509 2613 
3 2509 2428 2427 
3 2427 2428 2347 
3 2281 2347 2428 
3 2281 2236 2347 
3 1958 2169 2059 
3 1439 1472 1497 
3 1367 1472 1439 
3 1472 1367 1337 
3 1257 1337 1367 
3 1337 1257 1106 
3 786 887 716 
3 410 510 449 
3 357 510 410 
3 356 312 302 
3 5672 5698 5689 
3 5440 5672 5597 
3 5672 5440 5485 
3 5313 5285 5327 
3 4747 4783 4861 
3 4515 4463 4492 
3 4188 4312 4333 
3 4188 4282 4312 
3 4282 4188 4187 
3 4106 4187 4065 
3 3959 4090 4106 
3 4090 3959 3889 
3 3889 3856 3845 
3 3845 3590 3659 
3 3606 3659 3541 
3 3455 3515 3541 
3 3072 3116 3312 
3 3116 3072 3002 
3 2751 2702 2836 
3 2630 2613 2702 
3 2145 2003 2059 
3 1257 1107 1106 
3 1106 1085 1049 
3 972 887 955 
3 511 606 646 
3 606 511 449 
3 313 312 356 
3 5689 5690 5672 
3 5090 5098 5113 
3 5084 5038 5013 
3 5002 5012 4944 
3 4463 4515 4622 
3 4492 4334 4359 
3 3515 3455 3339 
3 3002 2943 2929 
3 2860 2929 2943 
3 2836 2929 2860 
3 2751 2630 2702 
3 2496 2613 2630 
3 2613 2496 2428 
3 2348 2428 2496 
3 2428 2348 2281 
3 2281 2003 2145 
3 1958 1868 1850 
3 1740 1661 1675 
3 1675 1661 1607 
3 1608 1607 1661 
3 1607 1608 1497 
3 1106 1107 1085 
3 972 1049 1085 
3 1049 972 955 
3 799 887 972 
3 716 657 646 
3 356 357 313 
3 314 313 357 
3 5690 5691 5672 
3 5327 5328 5313 
3 5159 5172 5256 
3 5130 5193 5172 
3 5193 5130 5129 
3 5090 5113 5129 
3 5059 5098 5090 
3 5098 5059 5038 
3 4641 4697 4669 
3 4301 4359 4334 
3 4359 4301 4333 
3 3889 3959 3856 
3 3313 3455 3541 
3 3312 3455 3285 
3 3312 3156 3072 
3 3002 3072 2943 
3 2059 2003 1958 
3 1850 1868 1740 
3 1396 1497 1608 
3 1497 1396 1439 
3 1257 1367 1107 
3 887 799 716 
3 717 716 799 
3 646 657 511 
3 370 357 410 
3 357 323 314 
3 5672 5691 5673 
3 5597 5672 5673 
3 5393 5485 5440 
3 5328 5327 5361 
3 4747 4861 4698 
3 4782 4681 4669 
3 4641 4669 4681 
3 4697 4545 4622 
3 4622 4545 4463 
3 4493 4463 4545 
3 4005 4106 4065 
3 4106 4005 3959 
3 3574 3659 3590 
3 3659 3574 3541 
3 2751 2836 2860 
3 2496 2386 2348 
3 2154 2281 2348 
3 2281 2154 2003 
3 1356 1439 1396 
3 1439 1356 1367 
3 1367 1206 1107 
3 956 1085 1107 
3 1085 956 972 
3 716 717 657 
3 410 449 511 
3 357 333 323 
3 5673 5674 5597 
3 5485 5393 5361 
3 5021 5013 5038 
3 4935 4944 5012 
3 4894 4852 4963 
3 4861 4852 4698 
3 4681 4782 4747 
3 4545 4697 4641 
3 4333 4301 4188 
3 4189 4188 4301 
3 3925 3959 4005 
3 3702 3845 3856 
3 3845 3702 3590 
3 3541 3574 3313 
3 3312 3285 3156 
3 2386 2496 2630 
3 1608 1518 1396 
3 1206 1367 1356 
3 799 972 944 
3 348 357 370 
3 357 348 333 
3 5674 5675 5597 
3 5636 5597 5675 
3 5361 5376 5328 
3 5313 5271 5256 
3 5172 5159 5130 
3 5039 5038 5059 
3 4894 4963 4944 
3 4335 4492 4463 
3 4492 4335 4334 
3 4188 4140 4187 
3 3542 3574 3590 
3 3285 3157 3156 
3 3085 3072 3156 
3 2861 2943 3072 
3 2943 2861 2860 
3 2687 2860 2861 
3 2860 2687 2751 
3 2348 2282 2154 
3 2154 2016 2003 
3 1923 2003 2016 
3 2003 1923 1958 
3 1782 1740 1868 
3 1609 1608 1661 
3 1518 1608 1609 
3 1324 1356 1396 
3 1356 1324 1206 
3 944 972 956 
3 825 799 944 
3 370 358 348 
3 5675 5676 5636 
3 5440 5536 5393 
3 5256 5227 5159 
3 5090 5077 5059 
3 5040 5059 5077 
3 5059 5040 5039 
3 5038 5039 5021 
3 5021 5003 5013 
3 4313 4301 4334 
3 3674 3590 3702 
3 3215 3285 3455 
3 3085 3156 3157 
3 2672 2751 2687 
3 2751 2672 2631 
3 2408 2386 2630 
3 2282 2348 2386 
3 2136 2154 2282 
3 2154 2136 2016 
3 1649 1740 1782 
3 1740 1649 1661 
3 1609 1661 1649 
3 1518 1411 1396 
3 1176 1206 1324 
3 1107 1206 956 
3 983 956 1206 
3 717 799 825 
3 511 607 410 
3 359 358 370 
3 5676 5677 5636 
3 5636 5440 5597 
3 5376 5361 5393 
3 5313 5328 5286 
3 5313 5286 5271 
3 5090 5129 5077 
3 4964 5012 5013 
3 4826 4852 4894 
3 4826 4698 4852 
3 4505 4493 4545 
3 4187 4140 4065 
3 3773 3856 3959 
3 2751 2631 2630 
3 2408 2630 2631 
3 2016 2004 1923 
3 1868 1958 1923 
3 956 983 944 
3 370 371 359 
3 5677 5678 5636 
3 5227 5256 5271 
3 5014 5021 5039 
3 5021 5014 5003 
3 5013 5003 4964 
3 4423 4493 4505 
3 4423 4463 4493 
3 4335 4463 4423 
3 4313 4334 4335 
3 4140 4188 4189 
3 3925 4005 4065 
3 3590 3674 3542 
3 3314 3313 3574 
3 3455 3313 3215 
3 3098 3085 3157 
3 2812 2861 3072 
3 2386 2283 2282 
3 2155 2282 2283 
3 2282 2155 2136 
3 2016 2136 2004 
3 1232 1396 1411 
3 1396 1232 1324 
3 787 825 944 
3 681 825 787 
3 825 681 717 
3 717 681 657 
3 607 657 681 
3 657 607 511 
3 424 410 501 
3 410 424 370 
3 370 379 371 
3 5678 5679 5636 
3 5637 5636 5679 
3 4944 4935 4894 
3 4715 4747 4698 
3 4545 4641 4505 
3 4140 4054 4065 
3 4065 3960 3925 
3 3285 3215 3157 
3 2930 3072 3085 
3 3072 2930 2812 
3 2703 2861 2812 
3 2861 2703 2687 
3 2283 2386 2408 
3 1923 2004 1868 
3 1782 1868 1757 
3 1421 1411 1518 
3 1301 1232 1411 
3 946 1206 1176 
3 1206 946 983 
3 945 944 983 
3 944 945 787 
3 607 501 410 
3 380 379 370 
3 5679 5680 5637 
3 5376 5393 5412 
3 5227 5271 5272 
3 5099 5129 5130 
3 4979 5003 5014 
3 5003 4979 4964 
3 4935 4901 4894 
3 4715 4681 4747 
3 4388 4335 4423 
3 4301 4313 4189 
3 4107 4140 4189 
3 3675 3702 3856 
3 3702 3675 3674 
3 3529 3674 3675 
3 2603 2687 2703 
3 2687 2603 2672 
3 2602 2672 2603 
3 2283 2216 2155 
3 2136 2028 2004 
3 1757 1868 2004 
3 1411 1421 1301 
3 1177 1232 1301 
3 1232 1177 1324 
3 1324 1177 1176 
3 983 946 945 
3 381 380 370 
3 5680 5681 5637 
3 5412 5393 5536 
3 5272 5271 5286 
3 5129 5099 5077 
3 4936 5012 4964 
3 5012 4936 4935 
3 4681 4715 4641 
3 4613 4641 4715 
3 4045 4140 4107 
3 4140 4045 4054 
3 3959 3925 3773 
3 3674 3529 3542 
3 3270 3313 3314 
3 3313 3270 3215 
3 2438 2631 2672 
3 2631 2438 2408 
3 2146 2155 2216 
3 2136 2155 2028 
3 1782 1757 1649 
3 1368 1301 1421 
3 737 681 787 
3 577 607 681 
3 398 370 424 
3 370 398 381 
3 382 381 398 
3 5681 5682 5637 
3 4894 4901 4826 
3 4641 4506 4505 
3 4388 4423 4505 
3 4335 4314 4313 
3 3874 3925 3960 
3 3925 3874 3773 
3 3456 3542 3529 
3 3215 3270 3157 
3 3157 3099 3098 
3 2991 3085 3098 
3 2672 2602 2438 
3 2408 2330 2283 
3 1924 2028 2155 
3 1582 1649 1757 
3 1649 1582 1609 
3 1016 1176 1177 
3 1176 1016 946 
3 873 945 946 
3 737 787 945 
3 577 681 737 
3 607 567 501 
3 383 382 398 
3 5682 5683 5637 
3 5376 5337 5328 
3 5328 5337 5286 
3 5257 5227 5272 
3 4920 4935 4936 
3 4506 4641 4613 
3 4335 4388 4314 
3 4313 4141 4189 
3 3960 4065 4054 
3 3856 3773 3675 
3 3431 3542 3456 
3 3542 3431 3574 
3 3157 3270 3099 
3 3098 3099 2991 
3 3085 2991 2930 
3 2703 2614 2603 
3 2330 2408 2438 
3 1884 2004 2028 
3 1741 2004 1884 
3 2004 1741 1757 
3 1640 1757 1741 
3 1757 1640 1582 
3 1609 1582 1518 
3 1233 1301 1368 
3 737 945 873 
3 577 567 607 
3 424 501 567 
3 411 398 424 
3 398 411 383 
3 384 383 411 
3 5683 5684 5637 
3 5077 5099 5040 
3 5015 5039 5040 
3 5039 5015 5014 
3 4902 4901 4935 
3 4313 4314 4141 
3 3857 3874 3960 
3 3574 3431 3314 
3 2813 2812 2930 
3 2812 2727 2703 
3 2283 2330 2216 
3 2146 1924 2155 
3 1884 2028 1924 
3 1484 1518 1582 
3 1518 1484 1421 
3 1301 1233 1177 
3 931 946 1016 
3 946 931 873 
3 810 873 931 
3 873 810 737 
3 658 577 737 
3 577 658 567 
3 411 399 384 
3 5685 5684 5692 
3 5684 5685 5637 
3 5536 5440 5636 
3 5337 5376 5412 
3 5142 5159 5227 
3 5078 5099 5130 
3 4826 4800 4698 
3 4715 4658 4613 
3 3976 4054 4045 
3 4054 3976 3960 
3 3607 3529 3675 
3 3286 3314 3431 
3 3073 3270 3314 
3 2813 2930 2991 
3 2703 2727 2614 
3 1582 1640 1484 
3 1016 1177 1233 
3 682 737 810 
3 578 567 658 
3 541 567 578 
3 567 541 424 
3 411 424 541 
3 411 403 399 
3 5692 5693 5685 
3 5287 5286 5337 
3 5100 5159 5142 
3 5034 5040 5099 
3 5040 5034 5015 
3 5028 5015 5034 
3 4985 5015 5028 
3 5015 4985 5014 
3 4964 4979 4936 
3 4935 4920 4902 
3 4901 4902 4862 
3 4901 4837 4826 
3 4800 4715 4698 
3 4715 4800 4658 
3 4570 4613 4581 
3 4613 4570 4506 
3 4372 4388 4505 
3 4388 4372 4314 
3 4189 4141 4107 
3 3874 3750 3773 
3 3773 3750 3675 
3 3607 3675 3750 
3 3471 3529 3607 
3 3529 3471 3456 
3 3314 3286 3073 
3 3086 3099 3270 
3 3099 3042 2991 
3 2450 2602 2603 
3 2438 2284 2330 
3 1819 1884 1924 
3 1714 1741 1884 
3 1484 1473 1421 
3 931 857 810 
3 737 682 658 
3 541 425 411 
3 412 411 425 
3 411 412 403 
3 5693 5694 5685 
3 5536 5636 5637 
3 5536 5413 5412 
3 5286 5287 5272 
3 5205 5227 5257 
3 5227 5205 5152 
3 5227 5152 5142 
3 4837 4901 4862 
3 4800 4826 4837 
3 4613 4658 4581 
3 4156 4141 4314 
3 3750 3874 3857 
3 3042 3099 3086 
3 2812 2813 2727 
3 2450 2603 2614 
3 2403 2602 2450 
3 2602 2403 2438 
3 2438 2403 2284 
3 2217 2330 2284 
3 2330 2217 2216 
3 2216 2217 2146 
3 2146 2072 1924 
3 2072 2073 1924 
3 1537 1741 1714 
3 1741 1537 1640 
3 1421 1473 1368 
3 1016 1233 973 
3 931 1016 973 
3 788 682 810 
3 630 658 682 
3 430 541 521 
3 541 430 425 
3 5694 5695 5685 
3 5537 5637 5685 
3 5637 5537 5536 
3 5159 5100 5130 
3 5078 5130 5100 
3 4953 5014 4985 
3 5014 4953 4979 
3 4141 4066 4107 
3 3890 3857 3960 
3 3340 3431 3456 
3 2879 2813 2991 
3 2146 2217 2072 
3 1819 1924 2073 
3 1484 1640 1473 
3 1368 1234 1233 
3 788 810 857 
3 682 788 630 
3 521 444 430 
3 5685 5695 5686 
3 5638 5685 5686 
3 5685 5638 5537 
3 5536 5537 5413 
3 5412 5338 5337 
3 5099 5078 5034 
3 4945 4936 4979 
3 4581 4658 4800 
3 4441 4506 4570 
3 4506 4441 4505 
3 4505 4373 4372 
3 4315 4372 4373 
3 4066 4141 4115 
3 4107 4066 4045 
3 3890 3976 4045 
3 3890 3960 3976 
3 3607 3750 3591 
3 3415 3456 3471 
3 3270 3073 3086 
3 2510 2614 2727 
3 2614 2510 2450 
3 2073 2217 2284 
3 2217 2073 2072 
3 1758 1884 1819 
3 1884 1758 1714 
3 1233 1000 973 
3 658 630 578 
3 521 541 578 
3 521 450 444 
3 5537 5638 5598 
3 5294 5287 5337 
3 5273 5272 5287 
3 5272 5273 5257 
3 5183 5152 5205 
3 4945 4979 4953 
3 4921 4936 4945 
3 4936 4921 4920 
3 4800 4590 4581 
3 4247 4314 4372 
3 4314 4247 4156 
3 3890 4045 4066 
3 3340 3456 3415 
3 3043 3042 3086 
3 2991 3042 2879 
3 2813 2879 2727 
3 2409 2450 2510 
3 1485 1640 1537 
3 874 931 973 
3 931 874 857 
3 820 857 874 
3 788 857 820 
3 788 647 630 
3 521 502 450 
3 451 450 502 
3 5537 5598 5563 
3 5538 5537 5563 
3 5486 5537 5538 
3 5454 5537 5486 
3 5537 5454 5413 
3 5441 5413 5454 
3 5429 5413 5441 
3 5419 5413 5429 
3 5414 5413 5419 
3 5287 5294 5273 
3 5078 5079 5034 
3 5041 5034 5079 
3 4895 4902 4920 
3 4764 4800 4837 
3 4141 4156 4115 
3 3890 3774 3857 
3 3724 3857 3774 
3 3857 3724 3750 
3 3043 3086 3073 
3 2450 2409 2403 
3 1933 2073 2284 
3 1758 1715 1714 
3 1485 1714 1715 
3 1714 1485 1537 
3 1440 1640 1485 
3 1325 1640 1440 
3 1640 1325 1473 
3 1473 1325 1368 
3 1000 1233 1062 
3 608 630 647 
3 630 608 578 
3 578 608 521 
3 452 451 502 
3 5413 5414 5404 
3 5412 5413 5338 
3 5249 5257 5273 
3 5257 5249 5205 
3 5120 5100 5142 
3 5100 5120 5078 
3 5034 5041 5028 
3 5004 4985 5028 
3 4965 4953 4985 
3 4946 4953 4965 
3 4953 4946 4945 
3 4581 4464 4570 
3 3575 3750 3724 
3 3750 3575 3591 
3 3472 3471 3607 
3 3042 2849 2879 
3 2879 2480 2727 
3 2480 2510 2727 
3 2403 2187 2284 
3 2284 2137 1933 
3 1933 1819 2073 
3 1062 1233 1234 
3 1001 973 1000 
3 973 1001 874 
3 864 874 1001 
3 874 864 820 
3 788 745 647 
3 453 452 502 
3 5413 5404 5394 
3 5079 5078 5120 
3 4985 5004 4965 
3 4945 4926 4921 
3 4920 4921 4895 
3 4623 4800 4764 
3 4800 4623 4590 
3 4247 4372 4315 
3 3891 3890 4066 
3 3543 3591 3575 
3 3607 3591 3472 
3 3471 3472 3415 
3 3021 3043 3073 
3 2849 3042 3043 
3 2439 2510 2480 
3 2510 2439 2409 
3 2156 2284 2187 
3 2284 2156 2137 
3 1819 1742 1758 
3 1715 1758 1742 
3 1235 1368 1325 
3 1368 1235 1234 
3 788 820 745 
3 454 453 502 
3 5413 5394 5383 
3 5377 5413 5383 
3 5413 5377 5338 
3 5338 5329 5337 
3 5152 5183 5160 
3 5131 5152 5160 
3 5152 5131 5142 
3 5142 5131 5120 
3 5004 5028 5041 
3 4945 4946 4926 
3 4882 4902 4895 
3 4902 4882 4862 
3 4590 4536 4581 
3 4581 4536 4464 
3 4505 4441 4373 
3 4127 4156 4174 
3 4156 4127 4115 
3 3890 3891 3858 
3 3890 3858 3774 
3 3724 3660 3575 
3 3172 3431 3340 
3 3431 3172 3286 
3 3286 3172 3073 
3 3043 2850 2849 
3 2349 2403 2409 
3 2403 2349 2187 
3 1959 1933 2137 
3 1715 1538 1485 
3 1422 1485 1538 
3 1000 1062 1001 
3 609 608 647 
3 522 521 608 
3 502 521 522 
3 502 471 454 
3 455 454 471 
3 5383 5384 5377 
3 5338 5377 5329 
3 5337 5329 5294 
3 4764 4756 4623 
3 4174 4247 4315 
3 4174 4156 4247 
3 4046 4115 4127 
3 4115 4046 4066 
3 3725 3724 3774 
3 3287 3340 3415 
3 3021 2944 3043 
3 3043 2944 2850 
3 2774 2849 2850 
3 2704 2879 2849 
3 2409 2439 2349 
3 1281 1325 1440 
3 1235 1325 1281 
3 1099 1234 1235 
3 1234 1099 1062 
3 471 502 522 
3 456 455 471 
3 5384 5385 5377 
3 5298 5294 5329 
3 5250 5249 5273 
3 5240 5249 5250 
3 5235 5249 5240 
3 5228 5249 5235 
3 5194 5205 5200 
3 5184 5205 5194 
3 5205 5184 5183 
3 5173 5183 5184 
3 5168 5183 5173 
3 5183 5168 5160 
3 5041 5005 5004 
3 4921 4926 4895 
3 4591 4536 4590 
3 4373 4441 4360 
3 4315 4373 4360 
3 4174 4128 4127 
3 3724 3725 3660 
3 3543 3575 3660 
3 3472 3287 3415 
3 3230 3340 3287 
3 3340 3230 3172 
3 2849 2774 2704 
3 2879 2704 2480 
3 2237 2187 2349 
3 1819 1933 1742 
3 1538 1715 1742 
3 1538 1592 1422 
3 1326 1440 1485 
3 1440 1326 1281 
3 726 745 820 
3 530 471 522 
3 482 471 530 
3 472 471 482 
3 471 472 456 
3 5385 5386 5377 
3 5329 5309 5298 
3 5294 5298 5295 
3 5273 5258 5250 
3 5249 5228 5219 
3 5216 5249 5219 
3 5249 5216 5205 
3 5206 5205 5216 
3 5205 5206 5200 
3 5160 5168 5161 
3 5108 5120 5131 
3 5101 5120 5108 
3 5091 5120 5101 
3 5085 5120 5091 
3 5120 5085 5079 
3 5080 5079 5085 
3 5069 5079 5080 
3 5060 5079 5069 
3 5052 5079 5060 
3 5079 5052 5041 
3 5042 5041 5052 
3 5035 5041 5042 
3 4837 4793 4764 
3 4591 4590 4623 
3 4066 3936 3891 
3 3618 3774 3858 
3 3774 3618 3725 
3 3661 3660 3725 
3 3432 3472 3591 
3 3117 3172 3230 
3 3073 3172 3021 
3 2590 2480 2704 
3 2439 2387 2349 
3 1925 2137 2156 
3 2137 1925 1959 
3 1759 1742 1933 
3 1235 1281 1099 
3 1062 1099 1001 
3 1001 957 864 
3 647 745 609 
3 608 609 522 
3 530 491 482 
3 5386 5387 5377 
3 5377 5371 5329 
3 5329 5314 5309 
3 5294 5295 5288 
3 5273 5266 5258 
3 5160 5161 5153 
3 5143 5160 5153 
3 5138 5160 5143 
3 5160 5138 5131 
3 5132 5131 5138 
3 5121 5131 5132 
3 5114 5131 5121 
3 5131 5114 5108 
3 5041 5035 5029 
3 5041 5029 5005 
3 5022 5005 5029 
3 5016 5005 5022 
3 4966 5004 5005 
3 5004 4966 4965 
3 4360 4441 4570 
3 3936 4066 4046 
3 3591 3543 3432 
3 3432 3287 3472 
3 3172 3044 3021 
3 2944 3044 2850 
3 2704 2615 2590 
3 2272 2349 2387 
3 2349 2272 2237 
3 2060 2187 2237 
3 2187 2060 2156 
3 1959 1885 1933 
3 1315 1485 1422 
3 1485 1315 1326 
3 1086 1099 1281 
3 726 820 864 
3 530 522 609 
3 530 503 491 
3 5377 5387 5378 
3 5377 5378 5371 
3 5372 5371 5378 
3 5362 5371 5372 
3 5356 5371 5362 
3 5346 5371 5356 
3 5339 5371 5346 
3 5371 5339 5329 
3 5330 5329 5339 
3 5322 5329 5330 
3 5329 5322 5314 
3 5294 5288 5281 
3 5294 5281 5273 
3 5274 5273 5281 
3 5273 5274 5266 
3 5005 5016 5006 
3 4993 5005 5006 
3 4986 5005 4993 
3 5005 4986 4966 
3 4980 4966 4986 
3 4965 4966 4946 
3 4903 4926 4946 
3 4912 4926 4903 
3 4926 4912 4895 
3 4811 4862 4882 
3 4756 4682 4623 
3 4190 4174 4315 
3 3738 3858 3891 
3 3858 3738 3618 
3 3258 3287 3432 
3 3044 2944 3021 
3 2615 2704 2774 
3 2387 2331 2272 
3 2170 2237 2272 
3 1975 2156 2060 
3 2156 1975 1925 
3 1885 1959 1925 
3 1759 1933 1885 
3 1143 1281 1326 
3 1281 1143 1086 
3 957 1001 1099 
3 530 512 503 
3 4966 4980 4967 
3 4937 4946 4966 
3 4946 4937 4903 
3 4883 4895 4912 
3 4895 4883 4882 
3 4374 4360 4570 
3 4128 4174 4190 
3 4006 4046 4127 
3 3738 3891 3813 
3 3725 3618 3661 
3 3287 3258 3230 
3 3044 3172 3117 
3 3044 2862 2850 
3 2539 2590 2615 
3 2539 2439 2480 
3 2331 2387 2439 
3 2237 2170 2060 
3 1836 1925 1975 
3 1925 1836 1885 
3 1760 1759 1885 
3 1742 1759 1538 
3 1315 1207 1326 
3 1326 1207 1143 
3 1099 1002 957 
3 530 523 512 
3 4966 4967 4954 
3 4862 4811 4837 
3 4592 4591 4623 
3 4478 4464 4536 
3 4424 4570 4464 
3 4374 4570 4424 
3 4190 4360 4248 
3 4360 4190 4315 
3 3977 3936 4046 
3 3813 3936 3977 
3 3936 3813 3891 
3 3366 3432 3543 
3 3366 3258 3432 
3 3230 3173 3117 
3 2615 2604 2539 
3 2539 2480 2590 
3 2171 2272 2331 
3 2272 2171 2170 
3 1592 1538 1759 
3 1592 1423 1422 
3 1002 1099 1086 
3 746 726 864 
3 745 610 609 
3 609 556 530 
3 531 530 556 
3 530 531 523 
3 4954 4955 4966 
3 4947 4966 4955 
3 4966 4947 4937 
3 4837 4811 4793 
3 4756 4764 4793 
3 4248 4360 4374 
3 3661 3618 3516 
3 3173 3230 3258 
3 2889 3044 3117 
3 2752 2850 2862 
3 2850 2752 2774 
3 2604 2615 2774 
3 2439 2539 2331 
3 1760 1885 1836 
3 1592 1759 1519 
3 1422 1423 1315 
3 1315 1220 1207 
3 745 726 610 
3 556 609 610 
3 532 531 556 
3 4955 4956 4947 
3 4537 4591 4592 
3 4591 4537 4536 
3 4464 4478 4424 
3 4127 4128 4006 
3 4006 3977 4046 
3 3258 3186 3173 
3 2060 1897 1975 
3 1975 1897 1836 
3 1759 1610 1519 
3 1220 1315 1423 
3 958 1086 1143 
3 1086 958 1002 
3 888 957 1002 
3 533 532 556 
3 4947 4956 4948 
3 4896 4912 4903 
3 4912 4896 4883 
3 4756 4699 4682 
3 4478 4536 4537 
3 4190 4191 4129 
3 4129 4128 4190 
3 3457 3660 3661 
3 3416 3543 3660 
3 3543 3416 3366 
3 2981 3117 3173 
3 3117 2981 2889 
3 2862 3044 2889 
3 2604 2511 2539 
3 2170 1976 2060 
3 1729 1760 1836 
3 1759 1760 1610 
3 1423 1282 1220 
3 1166 1207 1220 
3 1070 1143 1207 
3 907 1002 958 
3 1002 907 888 
3 534 533 556 
3 4947 4948 4938 
3 4904 4903 4937 
3 4903 4904 4896 
3 4623 4682 4592 
3 4190 4248 4191 
3 3457 3661 3516 
3 3416 3660 3457 
3 3315 3366 3416 
3 3022 3173 3186 
3 2573 2774 2752 
3 2774 2573 2604 
3 2171 2138 2170 
3 2060 1976 1897 
3 1592 1519 1423 
3 1189 1220 1282 
3 1220 1189 1166 
3 1207 1166 1070 
3 1143 1070 958 
3 746 864 957 
3 620 726 746 
3 535 534 556 
3 4947 4938 4927 
3 4947 4927 4937 
3 4922 4937 4927 
3 4904 4937 4922 
3 4863 4883 4896 
3 4883 4863 4882 
3 4853 4882 4863 
3 4882 4853 4811 
3 4374 4424 4361 
3 4191 4248 4219 
3 4128 4047 4006 
3 3977 3859 3813 
3 3618 3738 3516 
3 3258 3366 3186 
3 2862 2753 2752 
3 2604 2573 2511 
3 2525 2511 2573 
3 2539 2332 2331 
3 2331 2188 2171 
3 2170 2138 1976 
3 1729 1836 1897 
3 1716 1760 1729 
3 1650 1760 1716 
3 1369 1423 1519 
3 907 958 1070 
3 746 957 888 
3 726 620 610 
3 556 542 535 
3 4904 4922 4913 
3 4812 4811 4853 
3 4699 4756 4728 
3 4047 4128 4129 
3 3912 3977 4006 
3 3676 3738 3813 
3 3003 3173 3022 
3 2752 2753 2573 
3 2429 2511 2525 
3 2429 2539 2511 
3 2539 2429 2332 
3 2188 2331 2332 
3 1976 1898 1897 
3 1837 1897 1898 
3 1760 1650 1610 
3 1569 1610 1650 
3 1610 1569 1519 
3 1302 1282 1423 
3 1038 1070 1166 
3 811 907 1070 
3 907 811 888 
3 568 610 579 
3 562 610 568 
3 610 562 556 
3 557 556 562 
3 556 557 542 
3 4904 4913 4905 
3 4854 4853 4863 
3 4699 4642 4682 
3 4465 4478 4537 
3 3912 4006 4047 
3 3498 3516 3738 
3 3357 3416 3457 
3 3416 3357 3315 
3 2739 2862 2889 
3 2862 2739 2753 
3 2138 2171 2188 
3 1897 1837 1729 
3 1369 1519 1569 
3 1423 1369 1302 
3 1282 1221 1189 
3 1039 1038 1166 
3 789 888 811 
3 610 594 579 
3 4905 4906 4904 
3 4904 4884 4896 
3 4896 4884 4863 
3 4728 4756 4793 
3 4362 4424 4478 
3 3860 3977 3912 
3 3977 3860 3859 
3 3489 3457 3516 
3 3357 3457 3489 
3 3158 3366 3315 
3 3366 3158 3186 
3 3173 3003 2981 
3 2526 2573 2753 
3 2573 2526 2525 
3 1716 1729 1837 
3 1167 1189 1221 
3 1166 1189 1039 
3 932 1070 1038 
3 610 620 594 
3 595 594 620 
3 4906 4907 4904 
3 4884 4904 4907 
3 4699 4670 4642 
3 4529 4592 4682 
3 4424 4362 4361 
3 4091 4129 4191 
3 4129 4091 4047 
3 3751 3813 3859 
3 3813 3751 3676 
3 3662 3738 3676 
3 3738 3662 3498 
3 3489 3516 3498 
3 2410 2525 2526 
3 2410 2429 2525 
3 2350 2429 2410 
3 2429 2350 2332 
3 2138 2188 2088 
3 1837 1838 1716 
3 1716 1676 1650 
3 1624 1650 1676 
3 1424 1369 1569 
3 1369 1424 1302 
3 1221 1282 1302 
3 1038 1039 932 
3 888 789 746 
3 746 789 659 
3 596 595 620 
3 4907 4908 4884 
3 4870 4863 4884 
3 4863 4870 4854 
3 4670 4699 4728 
3 4682 4642 4529 
3 4465 4537 4592 
3 4478 4375 4362 
3 4249 4374 4361 
3 4374 4249 4248 
3 3993 4091 4191 
3 3357 3271 3315 
3 2728 2889 2981 
3 2889 2728 2739 
3 2739 2705 2753 
3 1976 2138 2088 
3 1839 1976 1960 
3 1976 1839 1898 
3 1838 1837 1898 
3 1716 1838 1676 
3 1457 1569 1650 
3 1569 1457 1424 
3 1070 932 811 
3 746 659 620 
3 597 596 620 
3 4884 4908 4897 
3 4813 4853 4854 
3 4776 4812 4853 
3 4748 4793 4811 
3 4793 4748 4728 
3 4248 4249 4219 
3 3961 4047 4091 
3 4047 3949 3912 
3 3859 3860 3751 
3 3544 3498 3662 
3 3417 3489 3498 
3 3202 3315 3271 
3 3022 3186 3004 
3 2754 3003 3022 
3 3003 2754 2981 
3 2526 2497 2410 
3 2200 2332 2350 
3 2172 2188 2332 
3 821 811 932 
3 811 821 789 
3 738 789 821 
3 611 620 621 
3 620 611 597 
3 4884 4897 4885 
3 4884 4885 4870 
3 4116 4191 4219 
3 4047 3961 3949 
3 3676 3751 3662 
3 3489 3417 3357 
3 3315 3202 3158 
3 3118 3158 3202 
3 3118 3186 3158 
3 2981 2754 2728 
3 2705 2739 2728 
3 2753 2497 2526 
3 2088 1960 1976 
3 1839 1838 1898 
3 1611 1624 1676 
3 1039 1189 1167 
3 933 932 1039 
3 932 933 821 
3 631 620 659 
3 620 631 621 
3 4870 4885 4871 
3 4690 4728 4748 
3 4529 4465 4592 
3 4478 4412 4375 
3 3912 3949 3860 
3 3765 3860 3949 
3 3662 3576 3544 
3 3498 3544 3417 
3 3186 3118 3004 
3 2890 3022 3004 
3 2410 2317 2350 
3 2172 2332 2200 
3 2105 2188 2172 
3 2188 2105 2088 
3 1441 1650 1624 
3 1650 1441 1457 
3 1302 1424 1221 
3 1221 1424 1167 
3 659 789 738 
3 659 638 631 
3 4871 4872 4870 
3 4728 4690 4670 
3 4412 4465 4529 
3 4412 4478 4465 
3 4205 4219 4249 
3 4191 4116 3993 
3 4091 3993 3961 
3 3765 3751 3860 
3 3272 3357 3417 
3 3357 3272 3271 
3 3100 3004 3118 
3 2740 2754 3022 
3 2753 2705 2497 
3 2350 2238 2200 
3 1677 1676 1838 
3 1611 1676 1677 
3 947 933 1039 
3 800 821 933 
3 821 800 738 
3 659 648 638 
3 4872 4873 4870 
3 4855 4870 4873 
3 4870 4855 4854 
3 4811 4812 4748 
3 4624 4642 4670 
3 4283 4375 4412 
3 4205 4116 4219 
3 2945 2890 3004 
3 2740 3022 2890 
3 2350 2317 2238 
3 2106 2105 2172 
3 1989 1960 2088 
3 1960 1851 1839 
3 1851 1838 1839 
3 1838 1851 1677 
3 1624 1611 1441 
3 900 933 947 
3 649 648 659 
3 4873 4874 4855 
3 4794 4853 4813 
3 4853 4794 4776 
3 4269 4361 4362 
3 3949 3961 3875 
3 3100 3118 3202 
3 2945 3004 3100 
3 2106 2172 2200 
3 1989 2088 2105 
3 1677 1570 1611 
3 1071 1039 1167 
3 933 900 800 
3 738 718 659 
3 660 659 718 
3 659 660 649 
3 4874 4875 4855 
3 4854 4855 4813 
3 4643 4670 4690 
3 4283 4362 4375 
3 4362 4283 4269 
3 3765 3949 3875 
3 3418 3417 3544 
3 2644 2740 2890 
3 2481 2497 2705 
3 2317 2410 2497 
3 2317 2254 2238 
3 2200 2238 2106 
3 1989 2105 2106 
3 1960 1989 1851 
3 661 660 718 
3 4855 4875 4864 
3 4670 4643 4624 
3 4116 4055 3993 
3 3994 3961 3993 
3 3418 3544 3576 
3 3327 3417 3418 
3 3417 3327 3272 
3 3271 3241 3202 
3 2890 2837 2644 
3 2605 2728 2754 
3 2512 2728 2605 
3 2728 2512 2705 
3 2705 2512 2481 
3 1539 1570 1677 
3 1236 1457 1441 
3 1457 1236 1424 
3 1424 1236 1167 
3 947 1039 1071 
3 718 738 800 
3 662 661 718 
3 4864 4865 4855 
3 4631 4624 4643 
3 4529 4642 4494 
3 4529 4442 4412 
3 4206 4249 4361 
3 4249 4206 4205 
3 4116 4205 4055 
3 3994 3993 4055 
3 3765 3694 3751 
3 3632 3751 3694 
3 3751 3632 3662 
3 3577 3662 3632 
3 3662 3577 3576 
3 3241 3272 3327 
3 3272 3241 3271 
3 3119 3202 3241 
3 3202 3119 3100 
3 3100 2946 2945 
3 2754 2740 2605 
3 2497 2363 2317 
3 2317 2363 2254 
3 2042 2106 2238 
3 1539 1677 1851 
3 1425 1441 1611 
3 1441 1425 1412 
3 1441 1412 1236 
3 1120 1167 1236 
3 1167 1120 1071 
3 1071 1120 947 
3 790 800 900 
3 800 790 718 
3 663 662 718 
3 4855 4865 4856 
3 4812 4776 4748 
3 4206 4361 4269 
3 3765 3875 3790 
3 3576 3473 3418 
3 3418 3367 3327 
3 3023 3100 3119 
3 3100 3023 2946 
3 2497 2481 2363 
3 2173 2238 2254 
3 1570 1425 1611 
3 934 947 1120 
3 947 934 900 
3 727 718 790 
3 718 727 663 
3 664 663 727 
3 4855 4856 4838 
3 4814 4794 4813 
3 4529 4494 4442 
3 3961 3994 3875 
3 3694 3765 3790 
3 3418 3473 3367 
3 2837 2890 2945 
3 2238 2173 2042 
3 1961 2106 2042 
3 2106 1961 1989 
3 1989 1820 1851 
3 1783 1851 1820 
3 1851 1783 1539 
3 1486 1570 1539 
3 1570 1486 1425 
3 1412 1121 1236 
3 1144 1236 1121 
3 1236 1144 1120 
3 934 974 900 
3 665 664 727 
3 4838 4839 4855 
3 4827 4813 4855 
3 4813 4827 4814 
3 4749 4776 4794 
3 4748 4776 4690 
3 4283 4258 4269 
3 3663 3632 3694 
3 3632 3663 3577 
3 3045 3119 3241 
3 2644 2559 2740 
3 2042 1934 1961 
3 1370 1412 1425 
3 1316 1412 1370 
3 1412 1316 1121 
3 1120 1144 934 
3 974 934 1144 
3 900 974 790 
3 727 683 665 
3 4839 4840 4855 
3 4827 4855 4840 
3 4067 4205 4206 
3 3846 3875 3994 
3 3790 3875 3846 
3 3790 3752 3694 
3 3530 3576 3577 
3 3576 3530 3473 
3 3216 3327 3367 
3 3134 3241 3327 
3 2946 2837 2945 
3 2740 2559 2605 
3 2173 2043 2042 
3 1989 1961 1820 
3 1553 1539 1571 
3 1539 1553 1486 
3 1121 1100 1144 
3 775 790 841 
3 790 775 727 
3 727 691 683 
3 4840 4841 4827 
3 4801 4794 4814 
3 4794 4801 4749 
3 4659 4690 4776 
3 4494 4642 4624 
3 4400 4412 4442 
3 4142 4206 4269 
3 4205 4067 4055 
3 4055 3926 3994 
3 3846 3994 3926 
3 3327 3216 3134 
3 3119 3045 3023 
3 2982 2946 3023 
3 2837 2706 2644 
3 2482 2605 2559 
3 2363 2481 2512 
3 2042 2043 1934 
3 1743 1820 1961 
3 1820 1743 1783 
3 1425 1397 1370 
3 974 841 790 
3 705 727 775 
3 727 705 691 
3 4827 4841 4828 
3 4376 4412 4400 
3 4259 4283 4412 
3 4283 4259 4258 
3 3978 3926 4055 
3 3646 3663 3694 
3 3399 3473 3530 
3 3367 3298 3216 
3 3259 3216 3298 
3 3241 3134 3045 
3 2946 2838 2837 
3 2644 2706 2559 
3 2512 2605 2482 
3 2363 2218 2254 
3 2254 2218 2173 
3 1486 1442 1425 
3 1144 1100 974 
3 706 705 775 
3 4828 4829 4827 
3 4631 4556 4624 
3 4624 4556 4494 
3 4259 4412 4376 
3 3790 3846 3752 
3 3694 3752 3646 
3 3517 3577 3663 
3 3577 3517 3530 
3 3473 3399 3367 
3 1961 1784 1743 
3 1571 1539 1783 
3 1397 1425 1442 
3 1121 1108 1100 
3 959 974 1100 
3 974 959 841 
3 728 775 739 
3 719 775 728 
3 775 719 706 
3 4829 4830 4827 
3 4442 4494 4400 
3 4269 4258 4142 
3 4067 4206 4142 
3 4055 4067 3978 
3 3712 3752 3846 
3 3474 3530 3517 
3 3399 3530 3474 
3 2982 3023 3045 
3 2838 2946 2982 
3 2715 2837 2838 
3 2364 2512 2482 
3 2239 2363 2512 
3 2218 2363 2239 
3 2173 2121 2043 
3 1852 1934 2043 
3 1961 1934 1784 
3 1108 1121 1316 
3 775 747 739 
3 4830 4831 4827 
3 4814 4827 4831 
3 4757 4749 4801 
3 3608 3663 3646 
3 3663 3608 3517 
3 3298 3367 3399 
3 3120 3134 3216 
3 3074 3134 3120 
3 2837 2715 2706 
3 2706 2645 2559 
3 2559 2540 2482 
3 1977 2043 2121 
3 2043 1977 1852 
3 1799 1934 1852 
3 1651 1783 1743 
3 1783 1651 1571 
3 1442 1486 1553 
3 1268 1316 1370 
3 1040 1100 1108 
3 1100 1040 959 
3 959 908 841 
3 775 756 747 
3 4831 4832 4814 
3 4643 4625 4631 
3 4250 4259 4376 
3 4067 3962 3978 
3 3120 3216 3259 
3 2706 2715 2645 
3 2482 2388 2364 
3 2121 2173 2218 
3 1934 1799 1784 
3 1554 1571 1651 
3 1268 1370 1397 
3 908 959 1040 
3 841 826 775 
3 757 756 775 
3 4814 4832 4815 
3 4801 4814 4815 
3 4690 4659 4643 
3 4644 4643 4659 
3 3775 3846 3926 
3 3664 3752 3712 
3 3752 3664 3646 
3 3646 3664 3608 
3 3545 3517 3608 
3 3517 3545 3474 
3 3242 3259 3298 
3 3045 3134 3074 
3 2707 2838 2982 
3 2559 2645 2540 
3 2388 2482 2540 
3 2512 2364 2239 
3 1662 1743 1784 
3 1743 1662 1651 
3 1651 1662 1554 
3 1554 1553 1571 
3 1553 1554 1442 
3 1316 1122 1108 
3 1050 1040 1108 
3 826 841 908 
3 765 775 826 
3 775 765 757 
3 4801 4815 4802 
3 4643 4644 4625 
3 4143 4258 4259 
3 4258 4143 4142 
3 3814 3926 3978 
3 3846 3775 3712 
3 3259 3159 3120 
3 2982 2899 2707 
3 2218 2239 2121 
3 2029 1977 2121 
3 1693 1784 1799 
3 1784 1693 1662 
3 826 776 765 
3 4802 4803 4801 
3 4776 4700 4659 
3 4479 4556 4631 
3 4400 4349 4376 
3 4259 4250 4143 
3 3775 3926 3814 
3 3474 3419 3399 
3 3159 3259 3242 
3 3045 3074 2982 
3 2364 2240 2239 
3 1852 1771 1799 
3 1761 1799 1771 
3 1799 1761 1693 
3 1122 1316 1268 
3 1050 1108 1122 
3 826 791 776 
3 4801 4803 4795 
3 4700 4776 4749 
3 4556 4479 4494 
3 4092 4067 4142 
3 4067 4092 3962 
3 3712 3677 3664 
3 3633 3664 3677 
3 3664 3633 3608 
3 3608 3633 3545 
3 3474 3545 3419 
3 2982 3074 2899 
3 2880 2899 3074 
3 2838 2707 2715 
3 2716 2715 2707 
3 2239 2074 2121 
3 975 1040 1050 
3 1040 975 889 
3 908 1040 889 
3 826 801 791 
3 4801 4795 4784 
3 4801 4784 4757 
3 4777 4757 4784 
3 4777 4749 4757 
3 4389 4400 4494 
3 4400 4389 4349 
3 4376 4349 4250 
3 4092 4142 4143 
3 3900 3978 3962 
3 3978 3900 3814 
3 3775 3678 3712 
3 3242 3298 3399 
3 2715 2646 2645 
3 2430 2540 2645 
3 2121 2074 2029 
3 2029 1853 1977 
3 1852 1977 1771 
3 1593 1662 1693 
3 1662 1593 1554 
3 1283 1397 1442 
3 1397 1283 1268 
3 1237 1268 1283 
3 908 889 826 
3 802 801 826 
3 4784 4785 4777 
3 4167 4092 4143 
3 4092 4007 3962 
3 3678 3677 3712 
3 3545 3458 3419 
3 3242 3187 3159 
3 3120 3159 3074 
3 3075 3074 3159 
3 2755 2707 2899 
3 2646 2715 2716 
3 2189 2240 2364 
3 2074 2239 2240 
3 1990 2029 2074 
3 1771 1977 1853 
3 1385 1442 1554 
3 1283 1442 1385 
3 1178 1268 1237 
3 1268 1178 1122 
3 826 812 802 
3 803 802 812 
3 4785 4786 4777 
3 4701 4659 4700 
3 3962 4007 3913 
3 3399 3288 3242 
3 3159 3187 3075 
3 3074 3075 2891 
3 2880 3074 2891 
3 2430 2645 2646 
3 2365 2388 2540 
3 2285 2388 2365 
3 2388 2285 2364 
3 2189 2364 2285 
3 1853 2029 1990 
3 1761 1663 1693 
3 1109 1122 1178 
3 1122 1109 1050 
3 826 875 812 
3 813 812 875 
3 812 813 803 
3 4786 4787 4777 
3 4749 4777 4700 
3 4701 4700 4777 
3 4631 4546 4479 
3 4494 4479 4389 
3 4302 4349 4389 
3 4250 4167 4143 
3 3962 3913 3900 
3 3726 3775 3814 
3 3775 3726 3678 
3 3545 3633 3458 
3 3288 3399 3419 
3 2707 2755 2716 
3 2365 2540 2430 
3 1283 1385 1237 
3 889 875 826 
3 875 822 813 
3 4777 4787 4778 
3 4659 4701 4644 
3 4593 4631 4625 
3 4250 4207 4167 
3 3561 3633 3677 
3 3400 3458 3633 
3 3242 3160 3187 
3 3058 3075 3187 
3 2899 2880 2755 
3 2647 2716 2755 
3 1771 1664 1761 
3 1693 1663 1593 
3 1520 1593 1663 
3 1426 1593 1520 
3 1593 1426 1554 
3 1385 1554 1426 
3 960 975 1050 
3 975 960 889 
3 875 827 822 
3 4777 4778 4765 
3 4582 4625 4644 
3 4593 4546 4631 
3 4220 4250 4349 
3 4250 4220 4207 
3 3499 3633 3561 
3 3242 3288 3160 
3 2716 2647 2646 
3 2365 2241 2285 
3 2074 1991 1990 
3 1178 1024 1109 
3 960 1050 1109 
3 875 842 827 
3 4765 4766 4777 
3 4738 4777 4766 
3 4777 4738 4701 
3 4389 4336 4302 
3 4167 4207 4117 
3 3814 3791 3726 
3 3561 3677 3678 
3 3289 3419 3458 
3 3419 3289 3288 
3 2513 2430 2646 
3 2430 2366 2365 
3 1990 1991 1853 
3 1003 1109 1024 
3 1109 1003 960 
3 889 960 875 
3 875 858 842 
3 4766 4767 4738 
3 4625 4582 4593 
3 4546 4466 4479 
3 3791 3814 3900 
3 3679 3678 3726 
3 3633 3499 3400 
3 3328 3458 3400 
3 3160 3288 3174 
3 2947 3075 3058 
3 3075 2947 2891 
3 2646 2647 2513 
3 2189 2285 2241 
3 2074 2240 1991 
3 1853 1854 1771 
3 1664 1771 1854 
3 1385 1190 1237 
3 875 865 858 
3 4738 4767 4758 
3 4479 4466 4401 
3 4479 4401 4389 
3 4021 4092 4167 
3 4092 4021 4007 
3 3900 3792 3791 
3 3458 3328 3289 
3 2741 2880 2891 
3 2440 2430 2513 
3 2147 2240 2189 
3 1947 1991 2240 
3 1625 1663 1761 
3 1520 1443 1426 
3 1443 1385 1426 
3 1237 1190 1178 
3 901 960 1004 
3 960 901 875 
3 876 875 901 
3 875 876 865 
3 4738 4758 4750 
3 4593 4557 4546 
3 4349 4302 4220 
3 3913 3876 3900 
3 3546 3561 3678 
3 3341 3400 3499 
3 3400 3341 3328 
3 3187 3160 3174 
3 3058 2983 2947 
3 2891 2814 2741 
3 2755 2880 2741 
3 2647 2755 2632 
3 2366 2430 2440 
3 2255 2365 2366 
3 2365 2255 2241 
3 1854 1853 1991 
3 1761 1664 1625 
3 1003 1004 960 
3 901 890 876 
3 4738 4750 4739 
3 4691 4701 4738 
3 4175 4302 4336 
3 4175 4220 4302 
3 4167 4117 4021 
3 3900 3876 3792 
3 3561 3546 3499 
3 3288 3289 3174 
3 2814 2891 2947 
3 2483 2647 2632 
3 2647 2483 2513 
3 1947 2240 2147 
3 1991 1800 1854 
3 1521 1520 1663 
3 1443 1269 1385 
3 920 1004 935 
3 909 1004 920 
3 1004 909 901 
3 902 901 909 
3 901 902 890 
3 4738 4739 4729 
3 4701 4691 4644 
3 4593 4582 4557 
3 4389 4337 4336 
3 3753 3791 3792 
3 3726 3791 3679 
3 3433 3499 3546 
3 3499 3433 3341 
3 3187 3121 3058 
3 2404 2513 2483 
3 2513 2404 2440 
3 2147 2189 2241 
3 1991 1947 1800 
3 1744 1854 1800 
3 1854 1744 1664 
3 1521 1663 1625 
3 1371 1520 1521 
3 1520 1371 1443 
3 1385 1269 1190 
3 1004 948 935 
3 4738 4729 4716 
3 4644 4691 4582 
3 3950 4007 4021 
3 4007 3950 3913 
3 3753 3792 3876 
3 3619 3678 3679 
3 3121 3187 3174 
3 2931 2947 2983 
3 2755 2688 2632 
3 1664 1652 1625 
3 1338 1443 1371 
3 1269 1443 1338 
3 1003 1024 1004 
3 961 1004 984 
3 1004 961 948 
3 4738 4716 4702 
3 4738 4702 4691 
3 4557 4495 4546 
3 4546 4495 4466 
3 4389 4401 4337 
3 4068 4117 4207 
3 4056 4117 4068 
3 3175 3289 3328 
3 3289 3175 3174 
3 3058 3121 2983 
3 2839 2947 2931 
3 2947 2839 2814 
3 2688 2741 2814 
3 2688 2673 2632 
3 2157 2147 2241 
3 2147 2005 1947 
3 1744 1652 1664 
3 1024 1178 1190 
3 984 1004 1024 
3 962 961 984 
3 4691 4702 4692 
3 4068 4207 4220 
3 4117 4056 4021 
3 3678 3619 3546 
3 3231 3175 3328 
3 3059 2983 3121 
3 2814 2742 2688 
3 2688 2755 2741 
3 2527 2632 2673 
3 2632 2527 2483 
3 2366 2440 2255 
3 1572 1625 1652 
3 1024 1051 984 
3 963 962 984 
3 4692 4693 4691 
3 4691 4601 4582 
3 4425 4401 4466 
3 3679 3791 3753 
3 3546 3490 3433 
3 3059 3174 3175 
3 3121 3174 3059 
3 2931 2983 3059 
3 2814 2839 2742 
3 2201 2241 2255 
3 2241 2201 2157 
3 2147 2157 2005 
3 1947 1869 1800 
3 1744 1678 1652 
3 1625 1572 1521 
3 1338 1238 1269 
3 1168 1190 1269 
3 1190 1145 1024 
3 964 963 984 
3 4691 4693 4683 
3 4691 4626 4601 
3 4582 4601 4557 
3 4176 4175 4336 
3 3914 3950 4021 
3 3861 3913 3950 
3 3876 3913 3861 
3 2931 2756 2839 
3 2157 2061 2005 
3 1800 1762 1744 
3 1521 1572 1371 
3 1338 1303 1238 
3 1168 1269 1238 
3 1145 1190 1168 
3 985 984 1051 
3 976 984 985 
3 984 976 964 
3 4691 4683 4671 
3 4176 4336 4337 
3 4021 4056 3914 
3 2673 2688 2742 
3 2468 2483 2527 
3 2483 2468 2404 
3 2286 2440 2404 
3 2255 2440 2201 
3 1762 1800 1869 
3 1744 1762 1678 
3 1427 1371 1572 
3 1338 1427 1303 
3 1051 1024 1145 
3 1051 1005 985 
3 4691 4671 4660 
3 4691 4660 4626 
3 4557 4601 4495 
3 4038 4220 4175 
3 4220 4038 4068 
3 3950 3914 3861 
3 3815 3876 3861 
3 3815 3753 3876 
3 3546 3619 3490 
3 3328 3341 3231 
3 2756 2931 2900 
3 2061 2157 2089 
3 1947 2005 1869 
3 1540 1652 1678 
3 1652 1540 1572 
3 1572 1458 1427 
3 1427 1338 1371 
3 1051 1017 1005 
3 4660 4661 4626 
3 4480 4425 4466 
3 3727 3753 3815 
3 3679 3665 3619 
3 3433 3329 3341 
3 2606 2673 2742 
3 2673 2606 2527 
3 2333 2404 2468 
3 2404 2333 2286 
3 2089 2157 2201 
3 1679 1762 1869 
3 1762 1679 1678 
3 1572 1540 1458 
3 1051 1025 1017 
3 4626 4661 4645 
3 4401 4425 4337 
3 4022 4056 4068 
3 3753 3727 3665 
3 3665 3679 3753 
3 3444 3490 3619 
3 3176 3231 3243 
3 3135 3175 3231 
3 2158 2440 2286 
3 2440 2158 2201 
3 1087 1145 1101 
3 1072 1145 1087 
3 1063 1145 1072 
3 1145 1063 1051 
3 1026 1025 1051 
3 4626 4645 4632 
3 4626 4602 4601 
3 4466 4495 4480 
3 4316 4176 4337 
3 4068 4038 4022 
3 3619 3665 3444 
3 3420 3490 3444 
3 3290 3490 3420 
3 3490 3290 3433 
3 3433 3290 3329 
3 3341 3329 3231 
3 3243 3231 3329 
3 3231 3176 3135 
3 2931 3059 2932 
3 2717 2839 2756 
3 2468 2367 2333 
3 1555 1678 1679 
3 1678 1555 1540 
3 1110 1145 1168 
3 1145 1110 1101 
3 1051 1063 1052 
3 1041 1051 1052 
3 1051 1041 1026 
3 4632 4633 4626 
3 3914 3892 3861 
3 3135 3059 3175 
3 2931 2932 2900 
3 2839 2717 2742 
3 2633 2742 2717 
3 1978 2061 2089 
3 1303 1208 1238 
3 1179 1238 1208 
3 1238 1179 1168 
3 1168 1123 1110 
3 4626 4633 4627 
3 4571 4601 4602 
3 3776 3861 3892 
3 3861 3776 3815 
3 3665 3578 3444 
3 3232 3243 3329 
3 3243 3232 3176 
3 2932 3059 3135 
3 1855 2005 2061 
3 2005 1855 1869 
3 1124 1123 1168 
3 4626 4627 4614 
3 4626 4614 4602 
3 3914 4056 3892 
3 2742 2633 2606 
3 2574 2606 2633 
3 2367 2468 2527 
3 2242 2286 2333 
3 2286 2242 2158 
3 2089 2075 1978 
3 2061 1978 1855 
3 1717 1869 1855 
3 1626 1555 1679 
3 1284 1303 1427 
3 1303 1284 1208 
3 1270 1179 1208 
3 1168 1179 1124 
3 1125 1124 1179 
3 4614 4615 4602 
3 4480 4495 4601 
3 4176 4177 4175 
3 3963 4056 4022 
3 3500 3444 3578 
3 3444 3500 3420 
3 3329 3290 3232 
3 2900 2815 2756 
3 2717 2756 2815 
3 1869 1717 1679 
3 1626 1679 1717 
3 1126 1125 1179 
3 4602 4615 4603 
3 4176 4316 4177 
3 4175 4177 4038 
3 3815 3776 3727 
3 3727 3776 3793 
3 3005 3135 3176 
3 2484 2527 2606 
3 2333 2219 2242 
3 2075 2201 2158 
3 2201 2075 2089 
3 1511 1555 1626 
3 1427 1327 1284 
3 1153 1179 1270 
3 1179 1153 1126 
3 1127 1126 1153 
3 4603 4604 4602 
3 4571 4480 4601 
3 4337 4425 4426 
3 3136 3176 3232 
3 2606 2574 2484 
3 2389 2367 2527 
3 2367 2389 2333 
3 2159 2242 2219 
3 2076 2158 2242 
3 1809 1855 1978 
3 1855 1809 1717 
3 1474 1540 1555 
3 1540 1474 1458 
3 1458 1327 1427 
3 1153 1146 1127 
3 4602 4604 4594 
3 4507 4571 4602 
3 4480 4571 4507 
3 4316 4337 4426 
3 3995 4022 4038 
3 3892 4056 3963 
3 3665 3579 3578 
3 3135 3005 2932 
3 2287 2333 2389 
3 2333 2287 2219 
3 2076 2242 2159 
3 2158 2076 2075 
3 1626 1717 1694 
3 1327 1458 1474 
3 1284 1327 1208 
3 1270 1169 1153 
3 1154 1153 1169 
3 1153 1154 1146 
3 4602 4594 4583 
3 4426 4425 4480 
3 4177 4081 4038 
3 3963 4022 3995 
3 3793 3776 3892 
3 3176 3136 3005 
3 2863 2900 2932 
3 2729 2717 2815 
3 2541 2574 2633 
3 2389 2527 2484 
3 2389 2390 2287 
3 1979 2075 2076 
3 1809 1899 1717 
3 1717 1899 1694 
3 1555 1511 1474 
3 1270 1208 1327 
3 1270 1180 1169 
3 4602 4583 4572 
3 4558 4602 4572 
3 4602 4558 4507 
3 3680 3727 3793 
3 3579 3665 3727 
3 2917 2932 3005 
3 2932 2917 2863 
3 2451 2484 2574 
3 2390 2484 2451 
3 2484 2390 2389 
3 2075 1979 1978 
3 1978 1979 1809 
3 1899 1809 1979 
3 1594 1626 1694 
3 1498 1511 1626 
3 1191 1270 1209 
3 1270 1191 1180 
3 4572 4573 4558 
3 4480 4507 4426 
3 4467 4426 4507 
3 4317 4316 4426 
3 4316 4221 4177 
3 3915 3892 3963 
3 3793 3739 3680 
3 3727 3680 3579 
3 3501 3500 3578 
3 3381 3420 3500 
3 3342 3420 3381 
3 3420 3342 3290 
3 3273 3290 3342 
3 2900 2863 2815 
3 1626 1594 1498 
3 1327 1339 1270 
3 1270 1222 1209 
3 4573 4574 4558 
3 4317 4426 4467 
3 4316 4317 4221 
3 3892 3915 3793 
3 3500 3501 3381 
3 3290 3273 3232 
3 2717 2729 2633 
3 2076 1935 1979 
3 1899 1695 1694 
3 1339 1474 1511 
3 1474 1339 1327 
3 1270 1239 1222 
3 4574 4575 4558 
3 4558 4496 4507 
3 4177 4093 4081 
3 3578 3579 3501 
3 2815 2775 2729 
3 2633 2560 2541 
3 2160 2219 2287 
3 2219 2160 2159 
3 1871 2076 2159 
3 1935 2076 1871 
3 1899 1979 1935 
3 1694 1695 1594 
3 1511 1498 1339 
3 1270 1247 1239 
3 4558 4575 4559 
3 4467 4507 4496 
3 4038 4081 3995 
3 3915 3963 3995 
3 3739 3793 3915 
3 3122 3232 3273 
3 3232 3122 3136 
3 3046 3136 3087 
3 3136 3046 3005 
3 2452 2541 2560 
3 2541 2452 2574 
3 2451 2574 2452 
3 2273 2390 2451 
3 2077 1871 2159 
3 1899 1821 1695 
3 1459 1339 1498 
3 1339 1304 1270 
3 1271 1270 1304 
3 1258 1270 1271 
3 1270 1258 1247 
3 4558 4559 4547 
3 4538 4558 4547 
3 4558 4538 4496 
3 4530 4496 4538 
3 4496 4530 4516 
3 4496 4516 4508 
3 4177 4221 4093 
3 3915 3995 3827 
3 3087 3136 3122 
3 2815 2863 2775 
3 2560 2633 2729 
3 1499 1498 1594 
3 1459 1498 1499 
3 1304 1285 1271 
3 4496 4508 4497 
3 4208 4221 4317 
3 4048 4081 4093 
3 3609 3579 3680 
3 2964 3005 3046 
3 2562 2729 2775 
3 2077 2159 2160 
3 1935 1870 1899 
3 1459 1386 1339 
3 1304 1339 1386 
3 1304 1293 1285 
3 4496 4497 4481 
3 4467 4496 4481 
3 3995 4081 3827 
3 3695 3680 3739 
3 3609 3680 3695 
3 3217 3273 3342 
3 3273 3217 3122 
3 3005 2964 2917 
3 2160 2287 2390 
3 2202 2160 2390 
3 1935 1871 1870 
3 1821 1899 1870 
3 1695 1541 1594 
3 1594 1541 1499 
3 1386 1317 1304 
3 1305 1304 1317 
3 1304 1305 1293 
3 4481 4482 4467 
3 3915 3877 3739 
3 3579 3459 3501 
3 3382 3381 3501 
3 3381 3382 3342 
3 2965 3046 3087 
3 2964 3046 2965 
3 2561 2729 2562 
3 2729 2561 2560 
3 2560 2514 2452 
3 2078 2077 2160 
3 1459 1499 1386 
3 1372 1386 1499 
3 1357 1386 1372 
3 1340 1386 1357 
3 1328 1386 1340 
3 1386 1328 1317 
3 4482 4483 4467 
3 4453 4467 4483 
3 4377 4467 4453 
3 4467 4377 4317 
3 4208 4317 4350 
3 4082 4093 4221 
3 3060 3122 3217 
3 3122 3060 3087 
3 3087 3060 2965 
3 2405 2451 2452 
3 2451 2405 2273 
3 1718 1695 1745 
3 1695 1718 1541 
3 1512 1499 1541 
3 1387 1499 1398 
3 1499 1387 1372 
3 4453 4483 4468 
3 3827 3877 3915 
3 3728 3739 3877 
3 3695 3739 3728 
3 3401 3501 3459 
3 3501 3401 3382 
3 2786 2917 2964 
3 2917 2786 2863 
3 2863 2786 2776 
3 2863 2776 2775 
3 2078 2160 2202 
3 1499 1413 1398 
3 4468 4469 4453 
3 4208 4168 4221 
3 3459 3579 3609 
3 3233 3342 3382 
3 3342 3233 3217 
3 2864 2964 2965 
3 2560 2561 2514 
3 2452 2514 2405 
3 2318 2273 2405 
3 2202 2390 2273 
3 2044 2077 2078 
3 1745 1695 1821 
3 1512 1541 1718 
3 1499 1428 1413 
3 4469 4470 4453 
3 4377 4350 4317 
3 4208 4350 4251 
3 4208 4251 4168 
3 1913 1871 2077 
3 1512 1487 1499 
3 1444 1499 1487 
3 1499 1444 1428 
3 4470 4471 4453 
3 3491 3459 3609 
3 3459 3491 3401 
3 2431 2514 2561 
3 2273 2318 2202 
3 2148 2202 2318 
3 2202 2148 2078 
3 2078 2148 2044 
3 1871 1913 1870 
3 1745 1821 1870 
3 1487 1460 1444 
3 4453 4471 4454 
3 4443 4453 4454 
3 4432 4453 4443 
3 4377 4453 4432 
3 3979 4093 4082 
3 4081 4048 3827 
3 3877 3794 3728 
3 3547 3609 3695 
3 3609 3547 3491 
3 2964 2864 2786 
3 1810 1745 1870 
3 1718 1595 1512 
3 1487 1475 1460 
3 4377 4432 4427 
3 4413 4377 4427 
3 4093 3979 4048 
3 3218 3233 3382 
3 2775 2658 2562 
3 2319 2514 2431 
3 2514 2319 2405 
3 2077 2044 1913 
3 1696 1718 1745 
3 1500 1487 1512 
3 1488 1487 1500 
3 1487 1488 1475 
3 4377 4413 4402 
3 4082 4221 4168 
3 4048 3979 3827 
3 3827 3893 3877 
3 3877 3893 3794 
3 3634 3695 3728 
3 3343 3382 3401 
3 3024 3060 3217 
3 3060 3024 2965 
3 2933 2965 3024 
3 2933 2864 2965 
3 2775 2776 2658 
3 2044 1900 1913 
3 1810 1870 1913 
3 1522 1512 1542 
3 1513 1512 1522 
3 1512 1513 1500 
3 4377 4402 4390 
3 4377 4338 4350 
3 4303 4251 4350 
3 4168 4209 4082 
3 3893 3827 3916 
3 3547 3695 3634 
3 3218 3382 3343 
3 3147 3217 3233 
3 2777 2786 2864 
3 2542 2561 2562 
3 2256 2318 2405 
3 1745 1810 1696 
3 1718 1696 1595 
3 1556 1512 1595 
3 1512 1556 1542 
3 4377 4390 4378 
3 4350 4338 4303 
3 4209 4168 4251 
3 4057 4082 4209 
3 3916 3827 3979 
3 3368 3401 3491 
3 3147 3233 3218 
3 3217 3147 3024 
3 2777 2864 2933 
3 2674 2658 2776 
3 2148 2017 2044 
3 1872 1913 1900 
3 1612 1696 1627 
3 1596 1696 1612 
3 1696 1596 1595 
3 1583 1595 1596 
3 1573 1595 1583 
3 1595 1573 1556 
3 4378 4379 4377 
3 3728 3794 3740 
3 2757 2776 2786 
3 2562 2658 2542 
3 2256 2405 2319 
3 1900 2044 2017 
3 1641 1696 1697 
3 1696 1641 1627 
3 4379 4380 4377 
3 4338 4377 4380 
3 4252 4251 4303 
3 4209 4251 4252 
3 3805 3794 3893 
3 3562 3634 3728 
3 3218 3148 3147 
3 3147 3006 3024 
3 2934 3024 3006 
3 3024 2934 2933 
3 2757 2786 2777 
3 2674 2776 2757 
3 2469 2561 2542 
3 2561 2469 2431 
3 2190 2318 2256 
3 2190 2148 2318 
3 2148 2190 2017 
3 1872 1810 1913 
3 1697 1696 1810 
3 1697 1653 1641 
3 4338 4380 4363 
3 4303 4260 4252 
3 4209 4252 4234 
3 4082 4057 3979 
3 3893 3916 3805 
3 3634 3562 3547 
3 3401 3368 3343 
3 3219 3218 3343 
3 3061 3147 3148 
3 2243 2256 2319 
3 1697 1665 1653 
3 4338 4363 4351 
3 4339 4338 4351 
3 4318 4338 4339 
3 4338 4318 4303 
3 4304 4303 4318 
3 4303 4270 4260 
3 4209 4234 4222 
3 4209 4144 4057 
3 4069 4057 4144 
3 3635 3728 3740 
3 3728 3635 3562 
3 3218 3219 3148 
3 2933 2934 2777 
3 2431 2469 2319 
3 2256 2090 2190 
3 1914 1900 2017 
3 1900 1914 1872 
3 1697 1680 1665 
3 4303 4304 4293 
3 4284 4303 4293 
3 4303 4284 4270 
3 4222 4223 4209 
3 3740 3794 3805 
3 2658 2543 2542 
3 1698 1697 1706 
3 1697 1698 1680 
3 4209 4223 4210 
3 3951 3979 4057 
3 3979 3951 3916 
3 3475 3547 3562 
3 3547 3475 3491 
3 3491 3475 3368 
3 3147 3061 3006 
3 2469 2320 2319 
3 2190 2090 2017 
3 1785 1810 1872 
3 1810 1785 1697 
3 1719 1697 1785 
3 1697 1719 1706 
3 4209 4210 4192 
3 2658 2674 2543 
3 2256 2243 2090 
3 1746 1785 1763 
3 1730 1785 1746 
3 1785 1730 1719 
3 4209 4192 4178 
3 4144 4209 4178 
3 3344 3343 3368 
3 2469 2542 2543 
3 2299 2243 2319 
3 2174 2090 2243 
3 1785 1772 1763 
3 4144 4178 4169 
3 4157 4144 4169 
3 4145 4144 4157 
3 4057 4069 3951 
3 3740 3610 3635 
3 3518 3562 3635 
3 3562 3518 3475 
3 2777 2934 2757 
3 2319 2320 2299 
3 2174 2243 2299 
3 2006 2017 2090 
3 1914 2017 2006 
3 1801 1872 1811 
3 1872 1801 1785 
3 1786 1785 1801 
3 1785 1786 1772 
3 4144 4145 4130 
3 4118 4144 4130 
3 3475 3421 3368 
3 3244 3343 3344 
3 3219 3343 3244 
3 3076 3061 3148 
3 2616 2674 2757 
3 2220 2174 2299 
3 1914 1873 1872 
3 1822 1872 1840 
3 1872 1822 1811 
3 4144 4118 4108 
3 3777 3805 3916 
3 3344 3368 3421 
3 3061 2966 3006 
3 3006 2865 2934 
3 2674 2563 2543 
3 2045 2090 2174 
3 2090 2045 2006 
3 1873 1914 2006 
3 1856 1872 1873 
3 1872 1856 1840 
3 4144 4108 4094 
3 4144 4094 4069 
3 4083 4069 4094 
3 3777 3916 3901 
3 3754 3805 3777 
3 3805 3754 3740 
3 3740 3754 3610 
3 3219 3161 3148 
3 2816 2934 2865 
3 2934 2816 2757 
3 2563 2674 2616 
3 2453 2469 2543 
3 1948 2006 1962 
3 1936 2006 1948 
3 1926 2006 1936 
3 2006 1926 1873 
3 1915 1873 1926 
3 1901 1873 1915 
3 1886 1873 1901 
3 1874 1873 1886 
3 1873 1874 1856 
3 4069 4083 4070 
3 3951 4069 3980 
3 3901 3916 3951 
3 3421 3475 3518 
3 3219 3244 3161 
3 3148 3161 3076 
3 2966 3061 3076 
3 2730 2757 2816 
3 2757 2730 2616 
3 2543 2563 2453 
3 2469 2453 2320 
3 2007 2006 2045 
3 1992 2006 2007 
3 1980 2006 1992 
3 2006 1980 1962 
3 4069 4070 4058 
3 4049 4069 4058 
3 4039 4069 4049 
3 4023 4069 4039 
3 2948 3076 3161 
3 3076 2948 2966 
3 2321 2320 2453 
3 2320 2321 2299 
3 2174 2062 2045 
3 2046 2045 2062 
3 2030 2045 2046 
3 2018 2045 2030 
3 2045 2018 2007 
3 4069 4023 4008 
3 3996 4069 4008 
3 4069 3996 3980 
3 3951 3980 3901 
3 3620 3635 3610 
3 3344 3299 3244 
3 3006 2966 2865 
3 2563 2485 2453 
3 2300 2299 2321 
3 2220 2299 2300 
3 2079 2174 2091 
3 2174 2079 2062 
3 3980 3996 3981 
3 3847 3777 3901 
3 3635 3620 3518 
3 3421 3422 3344 
3 3299 3344 3422 
3 3025 2948 3161 
3 2634 2616 2730 
3 2107 2174 2220 
3 2174 2107 2091 
3 3980 3981 3964 
3 3620 3610 3754 
3 3421 3518 3476 
3 2816 2708 2730 
3 2453 2485 2321 
3 2149 2220 2161 
3 2139 2220 2149 
3 2122 2220 2139 
3 2220 2122 2107 
3 3980 3964 3952 
3 3937 3980 3952 
3 3917 3901 3980 
3 3220 3244 3299 
3 2949 2865 2966 
3 2865 2949 2816 
3 2616 2544 2563 
3 2175 2220 2191 
3 2220 2175 2161 
3 3980 3937 3927 
3 3917 3980 3927 
3 3901 3917 3847 
3 3777 3847 3754 
3 3422 3421 3476 
3 3422 3316 3299 
3 2949 2966 2948 
3 2616 2634 2544 
3 2470 2485 2563 
3 2485 2368 2321 
3 2203 2220 2300 
3 2220 2203 2191 
3 3917 3927 3918 
3 3902 3917 3918 
3 3894 3917 3902 
3 3878 3917 3894 
3 3862 3917 3878 
3 3917 3862 3847 
3 3848 3847 3862 
3 3177 3244 3220 
3 3244 3177 3161 
3 2470 2563 2544 
3 2221 2300 2244 
3 2300 2221 2203 
3 3847 3848 3828 
3 3816 3847 3828 
3 3806 3847 3816 
3 3518 3620 3476 
3 3316 3422 3476 
3 3025 3161 3177 
3 2708 2816 2949 
3 2485 2470 2368 
3 2274 2321 2288 
3 2321 2274 2300 
3 2257 2300 2274 
3 2300 2257 2244 
3 3847 3806 3795 
3 3778 3847 3795 
3 3766 3847 3778 
3 3847 3766 3754 
3 3755 3754 3766 
3 3741 3754 3755 
3 3729 3754 3741 
3 3754 3636 3620 
3 3620 3531 3476 
3 3476 3531 3316 
3 2840 2949 2851 
3 2817 2949 2840 
3 2798 2949 2817 
3 2949 2798 2708 
3 2787 2708 2798 
3 2634 2730 2708 
3 2617 2544 2634 
3 2486 2470 2544 
3 2368 2322 2321 
3 2301 2321 2322 
3 2321 2301 2288 
3 3754 3729 3713 
3 3531 3620 3636 
3 3025 2992 2948 
3 2949 2948 2992 
3 2881 2949 2892 
3 2866 2949 2881 
3 2949 2866 2851 
3 2708 2787 2778 
3 2758 2708 2778 
3 2486 2544 2617 
3 2368 2334 2322 
3 3754 3713 3703 
3 3696 3754 3703 
3 3681 3754 3696 
3 3666 3754 3681 
3 3754 3666 3636 
3 3647 3636 3666 
3 3316 3220 3299 
3 3162 3177 3220 
3 3149 3177 3162 
3 3137 3177 3149 
3 3177 3137 3025 
3 3123 3025 3137 
3 2918 2949 2935 
3 2901 2949 2918 
3 2949 2901 2892 
3 2708 2758 2743 
3 2731 2708 2743 
3 2718 2708 2731 
3 2432 2470 2441 
3 2411 2470 2432 
3 2406 2470 2411 
3 2391 2470 2406 
3 2378 2470 2391 
3 2470 2378 2368 
3 2369 2368 2378 
3 2351 2368 2369 
3 2368 2351 2334 
3 3636 3647 3637 
3 3621 3636 3637 
3 3611 3636 3621 
3 3592 3636 3611 
3 3580 3636 3592 
3 3563 3636 3580 
3 3636 3563 3531 
3 3548 3531 3563 
3 3532 3531 3548 
3 3519 3531 3532 
3 3502 3531 3519 
3 3492 3531 3502 
3 3477 3531 3492 
3 3460 3531 3477 
3 3445 3531 3460 
3 3300 3316 3531 
3 3316 3300 3220 
3 3220 3178 3162 
3 3025 3123 3101 
3 3088 3025 3101 
3 3077 3025 3088 
3 3062 3025 3077 
3 3047 3025 3062 
3 3026 3025 3047 
3 3007 3025 3026 
3 3025 3007 2992 
3 2993 2992 3007 
3 2984 2992 2993 
3 2967 2992 2984 
3 2992 2967 2949 
3 2950 2949 2967 
3 2949 2950 2935 
3 2708 2718 2709 
3 2689 2708 2709 
3 2708 2689 2634 
3 2617 2634 2689 
3 2471 2486 2487 
3 2486 2471 2470 
3 2454 2470 2471 
3 2470 2454 2441 
3 3531 3445 3434 
3 3423 3531 3434 
3 3402 3531 3423 
3 3383 3531 3402 
3 3234 3220 3300 
3 3221 3220 3234 
3 3203 3220 3221 
3 3188 3220 3203 
3 3220 3188 3178 
3 2689 2709 2690 
3 2675 2689 2690 
3 2659 2689 2675 
3 2648 2689 2659 
3 2635 2689 2648 
3 2689 2635 2617 
3 2618 2617 2635 
3 2607 2617 2618 
3 2591 2617 2607 
3 2575 2617 2591 
3 2564 2617 2575 
3 2545 2617 2564 
3 2528 2617 2545 
3 2617 2528 2486 
3 2515 2486 2528 
3 2498 2486 2515 
3 2486 2498 2487 
3 3531 3383 3369 
3 3358 3531 3369 
3 3260 3300 3274 
3 3245 3300 3260 
3 3300 3245 3234 
3 3531 3358 3345 
3 3330 3531 3345 
3 3317 3531 3330 
3 3531 3317 3300 
3 3301 3300 3317 
3 3291 3300 3301 
3 3300 3291 3274 
